{
  "ad85c519545ef72caa52f79b": {
    "QuestName": "[Ski] PMC Hunt: Clear Customs from 1 PMC(s)",
    "_id": "ad85c519545ef72caa52f79b",
    "acceptPlayerMessage": "ad85c519545ef72caa52f79b acceptPlayerMessage",
    "canShowNotificationsInGame": true,
    "changeQuestMessageText": "ad85c519545ef72caa52f79b changeQuestMessageText",
    "completePlayerMessage": "ad85c519545ef72caa52f79b completePlayerMessage",
    "conditions": {
      "AvailableForFinish": [
        {
          "conditionType": "CounterCreator",
          "counter": {
            "conditions": [
              {
                "compareMethod": ">=",
                "conditionType": "Kills",
                "id": "93744c8cb8e4bb7c1dcbca4c",
                "target": "AnyPmc",
                "value": "1"
              },
              {
                "conditionType": "Location",
                "id": "d0ba9fe53b2e23629d07e9a5",
                "target": [
                  "bigmap"
                ]
              }
            ],
            "id": "adabdc0297ff9b6cbac5f6a2"
          },
          "doNotResetIfCounterCompleted": false,
          "dynamicLocale": false,
          "globalQuestCounterId": "",
          "id": "cc80a6bd3d29aa7b61ad0fd0",
          "index": 0,
          "oneSessionOnly": false,
          "parentId": "",
          "type": "Elimination",
          "value": "1",
          "visibilityConditions": []
        }
      ],
      "AvailableForStart": [],
      "Fail": []
    },
    "declinePlayerMessage": "ad85c519545ef72caa52f79b declinePlayerMessage",
    "description": "ad85c519545ef72caa52f79b description",
    "failMessageText": "ad85c519545ef72caa52f79b failMessageText",
    "image": "/files/quest/icon/5a27cafa86f77424e20615d6.jpg",
    "instantComplete": false,
    "isKey": false,
    "location": "56f40101d2720b2a4d8b45d6",
    "name": "ad85c519545ef72caa52f79b name",
    "note": "ad85c519545ef72caa52f79b note",
    "restartable": false,
    "rewards": {
      "Fail": [],
      "Started": [],
      "Success": [
        {
          "id": "a7d8c1f31fbbff50aababadc",
          "index": 3,
          "type": "Experience",
          "value": "200"
        },
        {
          "id": "ef64fa01116d90af9a0ac01f",
          "index": 4,
          "items": [
            {
              "_id": "54cc7ad10726e062aa654eeb",
              "_tpl": "5449016a4bdc2d6f028b456f",
              "upd": {
                "StackObjectsCount": 3000
              }
            }
          ],
          "target": "54cc7ad10726e062aa654eeb",
          "type": "Item",
          "value": "3000"
        }
      ]
    },
    "secretQuest": false,
    "side": "Pmc",
    "startedMessageText": "ad85c519545ef72caa52f79b startedMessageText",
    "successMessageText": "ad85c519545ef72caa52f79b successMessageText",
    "traderId": "58330581ace78e27b8b10cee",
    "type": "Elimination"
  },
  "cdc2c391ebcdea8f33c42cd7": {
    "QuestName": "[Ski] PMC Hunt: Clear Customs from 5 PMC(s)",
    "_id": "cdc2c391ebcdea8f33c42cd7",
    "acceptPlayerMessage": "cdc2c391ebcdea8f33c42cd7 acceptPlayerMessage",
    "canShowNotificationsInGame": true,
    "changeQuestMessageText": "cdc2c391ebcdea8f33c42cd7 changeQuestMessageText",
    "completePlayerMessage": "cdc2c391ebcdea8f33c42cd7 completePlayerMessage",
    "conditions": {
      "AvailableForFinish": [
        {
          "conditionType": "CounterCreator",
          "counter": {
            "conditions": [
              {
                "compareMethod": ">=",
                "conditionType": "Kills",
                "id": "ca1051a9ace91c857eacd7bd",
                "target": "AnyPmc",
                "value": "1"
              },
              {
                "conditionType": "Location",
                "id": "aa3d3fbc5f6bada94332eddb",
                "target": [
                  "bigmap"
                ]
              }
            ],
            "id": "cafe09b414e1cdf4fcebc114"
          },
          "doNotResetIfCounterCompleted": false,
          "dynamicLocale": false,
          "globalQuestCounterId": "",
          "id": "beb61d6cda0fb3ed8fd1f522",
          "index": 0,
          "oneSessionOnly": false,
          "parentId": "",
          "type": "Elimination",
          "value": "5",
          "visibilityConditions": []
        }
      ],
      "AvailableForStart": [
        {
          "conditionType": "Quest",
          "dynamicLocale": false,
          "globalQuestCounterId": "",
          "id": "cab4dd52fb7a52b9b7dc9ea8",
          "index": 6,
          "parentId": "",
          "status": [
            4
          ],
          "target": "ad85c519545ef72caa52f79b"
        }
      ],
      "Fail": []
    },
    "declinePlayerMessage": "cdc2c391ebcdea8f33c42cd7 declinePlayerMessage",
    "description": "cdc2c391ebcdea8f33c42cd7 description",
    "failMessageText": "cdc2c391ebcdea8f33c42cd7 failMessageText",
    "image": "/files/quest/icon/5a27cafa86f77424e20615d6.jpg",
    "instantComplete": false,
    "isKey": false,
    "location": "56f40101d2720b2a4d8b45d6",
    "name": "cdc2c391ebcdea8f33c42cd7 name",
    "note": "cdc2c391ebcdea8f33c42cd7 note",
    "restartable": false,
    "rewards": {
      "Fail": [],
      "Started": [],
      "Success": [
        {
          "id": "e0ab9f0bfbc3baacd322f2ff",
          "index": 3,
          "type": "Experience",
          "value": "1000"
        },
        {
          "id": "7bed4f9ed568bc2496b225b6",
          "index": 4,
          "items": [
            {
              "_id": "fb63209cabe4c7ef16b2c2d5",
              "_tpl": "5449016a4bdc2d6f028b456f",
              "upd": {
                "StackObjectsCount": 15000
              }
            }
          ],
          "target": "fb63209cabe4c7ef16b2c2d5",
          "type": "Item",
          "value": "15000"
        }
      ]
    },
    "secretQuest": false,
    "side": "Pmc",
    "startedMessageText": "cdc2c391ebcdea8f33c42cd7 startedMessageText",
    "successMessageText": "cdc2c391ebcdea8f33c42cd7 successMessageText",
    "traderId": "58330581ace78e27b8b10cee",
    "type": "Elimination"
  },
  "bb089fc6fdb8a36f7bdb83dc": {
    "QuestName": "[Ski] PMC Hunt: Clear Customs from 10 PMC(s)",
    "_id": "bb089fc6fdb8a36f7bdb83dc",
    "acceptPlayerMessage": "bb089fc6fdb8a36f7bdb83dc acceptPlayerMessage",
    "canShowNotificationsInGame": true,
    "changeQuestMessageText": "bb089fc6fdb8a36f7bdb83dc changeQuestMessageText",
    "completePlayerMessage": "bb089fc6fdb8a36f7bdb83dc completePlayerMessage",
    "conditions": {
      "AvailableForFinish": [
        {
          "conditionType": "CounterCreator",
          "counter": {
            "conditions": [
              {
                "compareMethod": ">=",
                "conditionType": "Kills",
                "id": "ed643d9aeeea011c29a7d925",
                "target": "AnyPmc",
                "value": "1"
              },
              {
                "conditionType": "Location",
                "id": "68def4fdd6e0592d2a68efbb",
                "target": [
                  "bigmap"
                ]
              }
            ],
            "id": "a0d7daccdfd38cfcce49c0ca"
          },
          "doNotResetIfCounterCompleted": false,
          "dynamicLocale": false,
          "globalQuestCounterId": "",
          "id": "49bcfeeb5330c7eb3f92dff5",
          "index": 0,
          "oneSessionOnly": false,
          "parentId": "",
          "type": "Elimination",
          "value": "10",
          "visibilityConditions": []
        }
      ],
      "AvailableForStart": [
        {
          "conditionType": "Quest",
          "dynamicLocale": false,
          "globalQuestCounterId": "",
          "id": "9e7a22e8de97daf69f9d71cc",
          "index": 6,
          "parentId": "",
          "status": [
            4
          ],
          "target": "ad85c519545ef72caa52f79b"
        },
        {
          "conditionType": "Quest",
          "dynamicLocale": false,
          "globalQuestCounterId": "",
          "id": "eebcb6e22bbc4ab0befacaa1",
          "index": 7,
          "parentId": "",
          "status": [
            4
          ],
          "target": "7b8229ce6bb6aecb83d9bd4d"
        },
        {
          "conditionType": "Quest",
          "dynamicLocale": false,
          "globalQuestCounterId": "",
          "id": "7cc5da70b37ded7d95bc650b",
          "index": 8,
          "parentId": "",
          "status": [
            4
          ],
          "target": "a52f0b1d8f9cecbafe82f561"
        },
        {
          "conditionType": "Quest",
          "dynamicLocale": false,
          "globalQuestCounterId": "",
          "id": "59fba4dcaf3fd8a3cbab6bf9",
          "index": 9,
          "parentId": "",
          "status": [
            4
          ],
          "target": "2e821b3ca8652cb3c3b3cdd5"
        },
        {
          "conditionType": "Quest",
          "dynamicLocale": false,
          "globalQuestCounterId": "",
          "id": "4a1c20fdd35dc8b275534dbb",
          "index": 10,
          "parentId": "",
          "status": [
            4
          ],
          "target": "edc48d46abc50a41ff92f0b8"
        },
        {
          "conditionType": "Quest",
          "dynamicLocale": false,
          "globalQuestCounterId": "",
          "id": "9dfa7ddea54cd7bc15a21f0c",
          "index": 11,
          "parentId": "",
          "status": [
            4
          ],
          "target": "ea1ceda79bece3bb43d77455"
        },
        {
          "conditionType": "Quest",
          "dynamicLocale": false,
          "globalQuestCounterId": "",
          "id": "d8a60ededc45997e1cbadfc0",
          "index": 12,
          "parentId": "",
          "status": [
            4
          ],
          "target": "8fb3abcb1fcb95aa6716caba"
        },
        {
          "conditionType": "Quest",
          "dynamicLocale": false,
          "globalQuestCounterId": "",
          "id": "402fef16d6bc2f3e5abdbb0b",
          "index": 13,
          "parentId": "",
          "status": [
            4
          ],
          "target": "797ee7327ecfc5e6bb1e5ef0"
        }
      ],
      "Fail": []
    },
    "declinePlayerMessage": "bb089fc6fdb8a36f7bdb83dc declinePlayerMessage",
    "description": "bb089fc6fdb8a36f7bdb83dc description",
    "failMessageText": "bb089fc6fdb8a36f7bdb83dc failMessageText",
    "image": "/files/quest/icon/5a27cafa86f77424e20615d6.jpg",
    "instantComplete": false,
    "isKey": false,
    "location": "56f40101d2720b2a4d8b45d6",
    "name": "bb089fc6fdb8a36f7bdb83dc name",
    "note": "bb089fc6fdb8a36f7bdb83dc note",
    "restartable": false,
    "rewards": {
      "Fail": [],
      "Started": [],
      "Success": [
        {
          "id": "19fe8cb46f361f3e6748e7dc",
          "index": 3,
          "type": "Experience",
          "value": "2000"
        },
        {
          "id": "57ab2faf96d2d9c92addeff7",
          "index": 4,
          "items": [
            {
              "_id": "baadb9a82bf49fe5da325e99",
              "_tpl": "5449016a4bdc2d6f028b456f",
              "upd": {
                "StackObjectsCount": 30000
              }
            }
          ],
          "target": "baadb9a82bf49fe5da325e99",
          "type": "Item",
          "value": "30000"
        }
      ]
    },
    "secretQuest": false,
    "side": "Pmc",
    "startedMessageText": "bb089fc6fdb8a36f7bdb83dc startedMessageText",
    "successMessageText": "bb089fc6fdb8a36f7bdb83dc successMessageText",
    "traderId": "58330581ace78e27b8b10cee",
    "type": "Elimination"
  },
  "6cbd4d58eb7afccfd6659a45": {
    "QuestName": "[Ski] PMC Hunt: Clear Customs from 20 PMC(s)",
    "_id": "6cbd4d58eb7afccfd6659a45",
    "acceptPlayerMessage": "6cbd4d58eb7afccfd6659a45 acceptPlayerMessage",
    "canShowNotificationsInGame": true,
    "changeQuestMessageText": "6cbd4d58eb7afccfd6659a45 changeQuestMessageText",
    "completePlayerMessage": "6cbd4d58eb7afccfd6659a45 completePlayerMessage",
    "conditions": {
      "AvailableForFinish": [
        {
          "conditionType": "CounterCreator",
          "counter": {
            "conditions": [
              {
                "compareMethod": ">=",
                "conditionType": "Kills",
                "id": "89cec17c7f645eab7dcb820a",
                "target": "AnyPmc",
                "value": "1"
              },
              {
                "conditionType": "Location",
                "id": "ef1f98d687aecf525d958b4b",
                "target": [
                  "bigmap"
                ]
              }
            ],
            "id": "cec82ebd10a33ac1cbeeda20"
          },
          "doNotResetIfCounterCompleted": false,
          "dynamicLocale": false,
          "globalQuestCounterId": "",
          "id": "3eefbbdf5a6e5b0d055d8ae5",
          "index": 0,
          "oneSessionOnly": false,
          "parentId": "",
          "type": "Elimination",
          "value": "20",
          "visibilityConditions": []
        }
      ],
      "AvailableForStart": [
        {
          "conditionType": "Quest",
          "dynamicLocale": false,
          "globalQuestCounterId": "",
          "id": "4ce4d7b3d0c40efdf6acbfed",
          "index": 6,
          "parentId": "",
          "status": [
            4
          ],
          "target": "cdc2c391ebcdea8f33c42cd7"
        },
        {
          "conditionType": "Quest",
          "dynamicLocale": false,
          "globalQuestCounterId": "",
          "id": "48ccf0744f9f4fed548b4abf",
          "index": 7,
          "parentId": "",
          "status": [
            4
          ],
          "target": "fd9a915b3dfbedbcc888dcbb"
        },
        {
          "conditionType": "Quest",
          "dynamicLocale": false,
          "globalQuestCounterId": "",
          "id": "bfcf485a84a20411aee08fee",
          "index": 8,
          "parentId": "",
          "status": [
            4
          ],
          "target": "5dfafc52b7d6a2bdfcd3bf20"
        },
        {
          "conditionType": "Quest",
          "dynamicLocale": false,
          "globalQuestCounterId": "",
          "id": "77059bfbabe87f0bbdf73b5f",
          "index": 9,
          "parentId": "",
          "status": [
            4
          ],
          "target": "eed6e7ccc90d8ccddf51a7f2"
        },
        {
          "conditionType": "Quest",
          "dynamicLocale": false,
          "globalQuestCounterId": "",
          "id": "79a73e2c6d4ab05719afbd5c",
          "index": 10,
          "parentId": "",
          "status": [
            4
          ],
          "target": "362e08d683eb9ad7e0dd445f"
        },
        {
          "conditionType": "Quest",
          "dynamicLocale": false,
          "globalQuestCounterId": "",
          "id": "3d241dccb905faae1efb2dbd",
          "index": 11,
          "parentId": "",
          "status": [
            4
          ],
          "target": "a7aab5396572ab1de7dfb93a"
        },
        {
          "conditionType": "Quest",
          "dynamicLocale": false,
          "globalQuestCounterId": "",
          "id": "ef1dfb43cd663d45a9e5db8b",
          "index": 12,
          "parentId": "",
          "status": [
            4
          ],
          "target": "691896ccab6635835b2e1591"
        },
        {
          "conditionType": "Quest",
          "dynamicLocale": false,
          "globalQuestCounterId": "",
          "id": "78e4083f99c71280e923415e",
          "index": 13,
          "parentId": "",
          "status": [
            4
          ],
          "target": "d2f54bc54be8b67c18cde464"
        }
      ],
      "Fail": []
    },
    "declinePlayerMessage": "6cbd4d58eb7afccfd6659a45 declinePlayerMessage",
    "description": "6cbd4d58eb7afccfd6659a45 description",
    "failMessageText": "6cbd4d58eb7afccfd6659a45 failMessageText",
    "image": "/files/quest/icon/5a27cafa86f77424e20615d6.jpg",
    "instantComplete": false,
    "isKey": false,
    "location": "56f40101d2720b2a4d8b45d6",
    "name": "6cbd4d58eb7afccfd6659a45 name",
    "note": "6cbd4d58eb7afccfd6659a45 note",
    "restartable": false,
    "rewards": {
      "Fail": [],
      "Started": [],
      "Success": [
        {
          "id": "c97c78b5909833261d3ac1a0",
          "index": 3,
          "type": "Experience",
          "value": "4000"
        },
        {
          "id": "ddb58df7c75ada8e9edcc00b",
          "index": 4,
          "items": [
            {
              "_id": "f637cffd3edbab650425bb8d",
              "_tpl": "5449016a4bdc2d6f028b456f",
              "upd": {
                "StackObjectsCount": 60000
              }
            }
          ],
          "target": "f637cffd3edbab650425bb8d",
          "type": "Item",
          "value": "60000"
        }
      ]
    },
    "secretQuest": false,
    "side": "Pmc",
    "startedMessageText": "6cbd4d58eb7afccfd6659a45 startedMessageText",
    "successMessageText": "6cbd4d58eb7afccfd6659a45 successMessageText",
    "traderId": "58330581ace78e27b8b10cee",
    "type": "Elimination"
  },
  "1c7fad6e246c7c56c136f9fb": {
    "QuestName": "[Ski] PMC Hunt: Clear Customs from 35 PMC(s)",
    "_id": "1c7fad6e246c7c56c136f9fb",
    "acceptPlayerMessage": "1c7fad6e246c7c56c136f9fb acceptPlayerMessage",
    "canShowNotificationsInGame": true,
    "changeQuestMessageText": "1c7fad6e246c7c56c136f9fb changeQuestMessageText",
    "completePlayerMessage": "1c7fad6e246c7c56c136f9fb completePlayerMessage",
    "conditions": {
      "AvailableForFinish": [
        {
          "conditionType": "CounterCreator",
          "counter": {
            "conditions": [
              {
                "compareMethod": ">=",
                "conditionType": "Kills",
                "id": "89a171b9cfadb3af4112f9e1",
                "target": "AnyPmc",
                "value": "1"
              },
              {
                "conditionType": "Location",
                "id": "edddcfe8b8f85c4c60d0af0e",
                "target": [
                  "bigmap"
                ]
              }
            ],
            "id": "abd64508bbfbfdadf63efc5e"
          },
          "doNotResetIfCounterCompleted": false,
          "dynamicLocale": false,
          "globalQuestCounterId": "",
          "id": "b666fc4b2dc73cd8cfd7c90a",
          "index": 0,
          "oneSessionOnly": false,
          "parentId": "",
          "type": "Elimination",
          "value": "35",
          "visibilityConditions": []
        }
      ],
      "AvailableForStart": [
        {
          "conditionType": "Quest",
          "dynamicLocale": false,
          "globalQuestCounterId": "",
          "id": "07aea0f9fa9886b6cb390c9a",
          "index": 6,
          "parentId": "",
          "status": [
            4
          ],
          "target": "bb089fc6fdb8a36f7bdb83dc"
        },
        {
          "conditionType": "Quest",
          "dynamicLocale": false,
          "globalQuestCounterId": "",
          "id": "376caae8d86ff77c22d1f06d",
          "index": 7,
          "parentId": "",
          "status": [
            4
          ],
          "target": "60ac9bea8cfbc998543e4963"
        },
        {
          "conditionType": "Quest",
          "dynamicLocale": false,
          "globalQuestCounterId": "",
          "id": "2fa2d32fdcee47465aa58a06",
          "index": 8,
          "parentId": "",
          "status": [
            4
          ],
          "target": "e9faf211bbeebdab0b6d7eb3"
        },
        {
          "conditionType": "Quest",
          "dynamicLocale": false,
          "globalQuestCounterId": "",
          "id": "bab408fd8a6ce41ef331cedd",
          "index": 9,
          "parentId": "",
          "status": [
            4
          ],
          "target": "d9ce2560fef0bbc1fa7c462c"
        },
        {
          "conditionType": "Quest",
          "dynamicLocale": false,
          "globalQuestCounterId": "",
          "id": "c8408c1b040b3d75b0da9ba6",
          "index": 10,
          "parentId": "",
          "status": [
            4
          ],
          "target": "acbfdeda3c4a8c2a66ff1f9b"
        },
        {
          "conditionType": "Quest",
          "dynamicLocale": false,
          "globalQuestCounterId": "",
          "id": "4dcfdb41cd071dc2ee6ede7f",
          "index": 11,
          "parentId": "",
          "status": [
            4
          ],
          "target": "dcd0dff2bbcc1cadf59adb7a"
        },
        {
          "conditionType": "Quest",
          "dynamicLocale": false,
          "globalQuestCounterId": "",
          "id": "86b359fefb8bb12d39557aee",
          "index": 12,
          "parentId": "",
          "status": [
            4
          ],
          "target": "40d3f3ae9a5d66230dd521e7"
        },
        {
          "conditionType": "Quest",
          "dynamicLocale": false,
          "globalQuestCounterId": "",
          "id": "e3aa4fbd4c3cb0111ceacf7d",
          "index": 13,
          "parentId": "",
          "status": [
            4
          ],
          "target": "185ebcba4df6d6f8fe7eb6e9"
        }
      ],
      "Fail": []
    },
    "declinePlayerMessage": "1c7fad6e246c7c56c136f9fb declinePlayerMessage",
    "description": "1c7fad6e246c7c56c136f9fb description",
    "failMessageText": "1c7fad6e246c7c56c136f9fb failMessageText",
    "image": "/files/quest/icon/5a27cafa86f77424e20615d6.jpg",
    "instantComplete": false,
    "isKey": false,
    "location": "56f40101d2720b2a4d8b45d6",
    "name": "1c7fad6e246c7c56c136f9fb name",
    "note": "1c7fad6e246c7c56c136f9fb note",
    "restartable": false,
    "rewards": {
      "Fail": [],
      "Started": [],
      "Success": [
        {
          "id": "0d5bac7e07c2acdcfeaf6abd",
          "index": 3,
          "type": "Experience",
          "value": "7000"
        },
        {
          "id": "8d9da8679ba2adeda6e2eadf",
          "index": 4,
          "items": [
            {
              "_id": "4d75e46bec7dfcf2d2f8c744",
              "_tpl": "5449016a4bdc2d6f028b456f",
              "upd": {
                "StackObjectsCount": 105000
              }
            }
          ],
          "target": "4d75e46bec7dfcf2d2f8c744",
          "type": "Item",
          "value": "105000"
        }
      ]
    },
    "secretQuest": false,
    "side": "Pmc",
    "startedMessageText": "1c7fad6e246c7c56c136f9fb startedMessageText",
    "successMessageText": "1c7fad6e246c7c56c136f9fb successMessageText",
    "traderId": "58330581ace78e27b8b10cee",
    "type": "Elimination"
  },
  "cf8442ad4089da991be8fd36": {
    "QuestName": "[Ski] PMC Hunt: Clear Customs from 50 PMC(s)",
    "_id": "cf8442ad4089da991be8fd36",
    "acceptPlayerMessage": "cf8442ad4089da991be8fd36 acceptPlayerMessage",
    "canShowNotificationsInGame": true,
    "changeQuestMessageText": "cf8442ad4089da991be8fd36 changeQuestMessageText",
    "completePlayerMessage": "cf8442ad4089da991be8fd36 completePlayerMessage",
    "conditions": {
      "AvailableForFinish": [
        {
          "conditionType": "CounterCreator",
          "counter": {
            "conditions": [
              {
                "compareMethod": ">=",
                "conditionType": "Kills",
                "id": "e65d592cdafbaab6e7a357da",
                "target": "AnyPmc",
                "value": "1"
              },
              {
                "conditionType": "Location",
                "id": "c7d8f1b4e2a71fcedfc7cfaa",
                "target": [
                  "bigmap"
                ]
              }
            ],
            "id": "3d6daabc5a999db684c32565"
          },
          "doNotResetIfCounterCompleted": false,
          "dynamicLocale": false,
          "globalQuestCounterId": "",
          "id": "3df592871f8cd0cda6f1a1ca",
          "index": 0,
          "oneSessionOnly": false,
          "parentId": "",
          "type": "Elimination",
          "value": "50",
          "visibilityConditions": []
        }
      ],
      "AvailableForStart": [
        {
          "conditionType": "Quest",
          "dynamicLocale": false,
          "globalQuestCounterId": "",
          "id": "edea2c3fd93d74fbcd5ecfe7",
          "index": 6,
          "parentId": "",
          "status": [
            4
          ],
          "target": "6cbd4d58eb7afccfd6659a45"
        },
        {
          "conditionType": "Quest",
          "dynamicLocale": false,
          "globalQuestCounterId": "",
          "id": "bcba07cf6f6dde23cb5242cc",
          "index": 7,
          "parentId": "",
          "status": [
            4
          ],
          "target": "b8c6012f80e354b2f1db01da"
        },
        {
          "conditionType": "Quest",
          "dynamicLocale": false,
          "globalQuestCounterId": "",
          "id": "81789d80efd7eff58dc3f32b",
          "index": 8,
          "parentId": "",
          "status": [
            4
          ],
          "target": "be1cc7e62a8a9badece0ab51"
        },
        {
          "conditionType": "Quest",
          "dynamicLocale": false,
          "globalQuestCounterId": "",
          "id": "a6b4922b4fecea4616afaacf",
          "index": 9,
          "parentId": "",
          "status": [
            4
          ],
          "target": "829a9cc1ce843b09bd2ab212"
        },
        {
          "conditionType": "Quest",
          "dynamicLocale": false,
          "globalQuestCounterId": "",
          "id": "0f46ccbcad179ad4a8fe69a3",
          "index": 10,
          "parentId": "",
          "status": [
            4
          ],
          "target": "0dda2bb1269d6ff7f6deceea"
        },
        {
          "conditionType": "Quest",
          "dynamicLocale": false,
          "globalQuestCounterId": "",
          "id": "b8542a250aeaed29ed3a8cb2",
          "index": 11,
          "parentId": "",
          "status": [
            4
          ],
          "target": "0d4da1b05ac556263e9fb754"
        },
        {
          "conditionType": "Quest",
          "dynamicLocale": false,
          "globalQuestCounterId": "",
          "id": "94046d1f1e0ba527c1a5695f",
          "index": 12,
          "parentId": "",
          "status": [
            4
          ],
          "target": "e4ecd32e4816aff0a7a6dbde"
        },
        {
          "conditionType": "Quest",
          "dynamicLocale": false,
          "globalQuestCounterId": "",
          "id": "f22fd9e45df8b9ad8d77fb67",
          "index": 13,
          "parentId": "",
          "status": [
            4
          ],
          "target": "58c5fc9dbfeb0a8e1a9fb95f"
        }
      ],
      "Fail": []
    },
    "declinePlayerMessage": "cf8442ad4089da991be8fd36 declinePlayerMessage",
    "description": "cf8442ad4089da991be8fd36 description",
    "failMessageText": "cf8442ad4089da991be8fd36 failMessageText",
    "image": "/files/quest/icon/5a27cafa86f77424e20615d6.jpg",
    "instantComplete": false,
    "isKey": false,
    "location": "56f40101d2720b2a4d8b45d6",
    "name": "cf8442ad4089da991be8fd36 name",
    "note": "cf8442ad4089da991be8fd36 note",
    "restartable": false,
    "rewards": {
      "Fail": [],
      "Started": [],
      "Success": [
        {
          "id": "fdbbb887cface6a8ec02ec16",
          "index": 3,
          "type": "Experience",
          "value": "10000"
        },
        {
          "id": "9becf9d7c24bdb4668d80fed",
          "index": 4,
          "items": [
            {
              "_id": "b0ed43753f700e3bcbecbf34",
              "_tpl": "5449016a4bdc2d6f028b456f",
              "upd": {
                "StackObjectsCount": 150000
              }
            }
          ],
          "target": "b0ed43753f700e3bcbecbf34",
          "type": "Item",
          "value": "150000"
        }
      ]
    },
    "secretQuest": false,
    "side": "Pmc",
    "startedMessageText": "cf8442ad4089da991be8fd36 startedMessageText",
    "successMessageText": "cf8442ad4089da991be8fd36 successMessageText",
    "traderId": "58330581ace78e27b8b10cee",
    "type": "Elimination"
  },
  "b7e8ea0f65b7aadc7dfde0ea": {
    "QuestName": "[Ski] PMC Hunt: Clear Customs from 75 PMC(s)",
    "_id": "b7e8ea0f65b7aadc7dfde0ea",
    "acceptPlayerMessage": "b7e8ea0f65b7aadc7dfde0ea acceptPlayerMessage",
    "canShowNotificationsInGame": true,
    "changeQuestMessageText": "b7e8ea0f65b7aadc7dfde0ea changeQuestMessageText",
    "completePlayerMessage": "b7e8ea0f65b7aadc7dfde0ea completePlayerMessage",
    "conditions": {
      "AvailableForFinish": [
        {
          "conditionType": "CounterCreator",
          "counter": {
            "conditions": [
              {
                "compareMethod": ">=",
                "conditionType": "Kills",
                "id": "bfcbac44e9ab4e3feadd1bdb",
                "target": "AnyPmc",
                "value": "1"
              },
              {
                "conditionType": "Location",
                "id": "2cf6d228bacca6e645dfe478",
                "target": [
                  "bigmap"
                ]
              }
            ],
            "id": "e1722c24ec6addcdcfe64c73"
          },
          "doNotResetIfCounterCompleted": false,
          "dynamicLocale": false,
          "globalQuestCounterId": "",
          "id": "c06fb9cd563e4a36c24fcfa9",
          "index": 0,
          "oneSessionOnly": false,
          "parentId": "",
          "type": "Elimination",
          "value": "75",
          "visibilityConditions": []
        }
      ],
      "AvailableForStart": [
        {
          "conditionType": "Quest",
          "dynamicLocale": false,
          "globalQuestCounterId": "",
          "id": "2dc6e0d3bbceceeedba5e56c",
          "index": 6,
          "parentId": "",
          "status": [
            4
          ],
          "target": "1c7fad6e246c7c56c136f9fb"
        },
        {
          "conditionType": "Quest",
          "dynamicLocale": false,
          "globalQuestCounterId": "",
          "id": "fff82abd2badd2a92ea05f40",
          "index": 7,
          "parentId": "",
          "status": [
            4
          ],
          "target": "4eff5c50ccc79cd5b3bfb5ce"
        },
        {
          "conditionType": "Quest",
          "dynamicLocale": false,
          "globalQuestCounterId": "",
          "id": "d3f255da529da728eae4efd8",
          "index": 8,
          "parentId": "",
          "status": [
            4
          ],
          "target": "ebeabeae5745effbcdf53182"
        },
        {
          "conditionType": "Quest",
          "dynamicLocale": false,
          "globalQuestCounterId": "",
          "id": "e6f2d85c0d8cb3c86bebcaee",
          "index": 9,
          "parentId": "",
          "status": [
            4
          ],
          "target": "dfdafad3ae4bc2c790d0bad8"
        },
        {
          "conditionType": "Quest",
          "dynamicLocale": false,
          "globalQuestCounterId": "",
          "id": "d1317482afbb30b8fbe22971",
          "index": 10,
          "parentId": "",
          "status": [
            4
          ],
          "target": "eba06d93e66d3ad6c47de3eb"
        },
        {
          "conditionType": "Quest",
          "dynamicLocale": false,
          "globalQuestCounterId": "",
          "id": "d2b9087eb2fb0ced22fdf8fc",
          "index": 11,
          "parentId": "",
          "status": [
            4
          ],
          "target": "db7bdfbfd949e6c5d3ab1ea0"
        },
        {
          "conditionType": "Quest",
          "dynamicLocale": false,
          "globalQuestCounterId": "",
          "id": "98da2ae0ef69b3c9ebc370da",
          "index": 12,
          "parentId": "",
          "status": [
            4
          ],
          "target": "238cbce1d351007751bb6dbb"
        },
        {
          "conditionType": "Quest",
          "dynamicLocale": false,
          "globalQuestCounterId": "",
          "id": "d0e3e9c5ed9c82fb4fb503d6",
          "index": 13,
          "parentId": "",
          "status": [
            4
          ],
          "target": "d8d3bbf5efab1d390e0d7bcd"
        }
      ],
      "Fail": []
    },
    "declinePlayerMessage": "b7e8ea0f65b7aadc7dfde0ea declinePlayerMessage",
    "description": "b7e8ea0f65b7aadc7dfde0ea description",
    "failMessageText": "b7e8ea0f65b7aadc7dfde0ea failMessageText",
    "image": "/files/quest/icon/5a27cafa86f77424e20615d6.jpg",
    "instantComplete": false,
    "isKey": false,
    "location": "56f40101d2720b2a4d8b45d6",
    "name": "b7e8ea0f65b7aadc7dfde0ea name",
    "note": "b7e8ea0f65b7aadc7dfde0ea note",
    "restartable": false,
    "rewards": {
      "Fail": [],
      "Started": [],
      "Success": [
        {
          "id": "befbaecfc2791bf0dd45878d",
          "index": 3,
          "type": "Experience",
          "value": "15000"
        },
        {
          "id": "d5aea8bcdfde926c9f0ea3cf",
          "index": 4,
          "items": [
            {
              "_id": "eb5510be217e9ea630aed6e3",
              "_tpl": "5449016a4bdc2d6f028b456f",
              "upd": {
                "StackObjectsCount": 225000
              }
            }
          ],
          "target": "eb5510be217e9ea630aed6e3",
          "type": "Item",
          "value": "225000"
        }
      ]
    },
    "secretQuest": false,
    "side": "Pmc",
    "startedMessageText": "b7e8ea0f65b7aadc7dfde0ea startedMessageText",
    "successMessageText": "b7e8ea0f65b7aadc7dfde0ea successMessageText",
    "traderId": "58330581ace78e27b8b10cee",
    "type": "Elimination"
  },
  "2c55ad32c8ca050f49b13b2f": {
    "QuestName": "[Ski] PMC Hunt: Clear Customs from 100 PMC(s)",
    "_id": "2c55ad32c8ca050f49b13b2f",
    "acceptPlayerMessage": "2c55ad32c8ca050f49b13b2f acceptPlayerMessage",
    "canShowNotificationsInGame": true,
    "changeQuestMessageText": "2c55ad32c8ca050f49b13b2f changeQuestMessageText",
    "completePlayerMessage": "2c55ad32c8ca050f49b13b2f completePlayerMessage",
    "conditions": {
      "AvailableForFinish": [
        {
          "conditionType": "CounterCreator",
          "counter": {
            "conditions": [
              {
                "compareMethod": ">=",
                "conditionType": "Kills",
                "id": "fa31bdbeae0a1c93d0eec703",
                "target": "AnyPmc",
                "value": "1"
              },
              {
                "conditionType": "Location",
                "id": "db7caccc01adcbc58bbeade8",
                "target": [
                  "bigmap"
                ]
              }
            ],
            "id": "bdd8bc73bafed3e7eddc2816"
          },
          "doNotResetIfCounterCompleted": false,
          "dynamicLocale": false,
          "globalQuestCounterId": "",
          "id": "c243350e5d1dc8e0feed137e",
          "index": 0,
          "oneSessionOnly": false,
          "parentId": "",
          "type": "Elimination",
          "value": "100",
          "visibilityConditions": []
        }
      ],
      "AvailableForStart": [
        {
          "conditionType": "Quest",
          "dynamicLocale": false,
          "globalQuestCounterId": "",
          "id": "5fa8fcd085accc0df400d666",
          "index": 6,
          "parentId": "",
          "status": [
            4
          ],
          "target": "cf8442ad4089da991be8fd36"
        },
        {
          "conditionType": "Quest",
          "dynamicLocale": false,
          "globalQuestCounterId": "",
          "id": "dc8c60155e4c43daaa68292d",
          "index": 7,
          "parentId": "",
          "status": [
            4
          ],
          "target": "79ba7ef04cc5b02c194f65fc"
        },
        {
          "conditionType": "Quest",
          "dynamicLocale": false,
          "globalQuestCounterId": "",
          "id": "af9d1512a9f3ef7da5cf5fa9",
          "index": 8,
          "parentId": "",
          "status": [
            4
          ],
          "target": "9a3d44ed7d635c63a4a2a8c8"
        },
        {
          "conditionType": "Quest",
          "dynamicLocale": false,
          "globalQuestCounterId": "",
          "id": "5aed4feabd94cdeeaa4337af",
          "index": 9,
          "parentId": "",
          "status": [
            4
          ],
          "target": "e8077de525199ebe10a6c9e0"
        },
        {
          "conditionType": "Quest",
          "dynamicLocale": false,
          "globalQuestCounterId": "",
          "id": "d3c0aeeef6a4bae5160eabff",
          "index": 10,
          "parentId": "",
          "status": [
            4
          ],
          "target": "2e2bb8d4a07b44d4c4bf3727"
        },
        {
          "conditionType": "Quest",
          "dynamicLocale": false,
          "globalQuestCounterId": "",
          "id": "771fcec3eeb9e224acb0aaa3",
          "index": 11,
          "parentId": "",
          "status": [
            4
          ],
          "target": "31afffcfaefeadffdaeeef9d"
        },
        {
          "conditionType": "Quest",
          "dynamicLocale": false,
          "globalQuestCounterId": "",
          "id": "73ff24dcbbfaca6f93de7d9b",
          "index": 12,
          "parentId": "",
          "status": [
            4
          ],
          "target": "f6c8d00ed2ba6ebdf9cac111"
        },
        {
          "conditionType": "Quest",
          "dynamicLocale": false,
          "globalQuestCounterId": "",
          "id": "43b84bfdffa5afa3dabd031a",
          "index": 13,
          "parentId": "",
          "status": [
            4
          ],
          "target": "3baccacb4ab55de8a52ed697"
        }
      ],
      "Fail": []
    },
    "declinePlayerMessage": "2c55ad32c8ca050f49b13b2f declinePlayerMessage",
    "description": "2c55ad32c8ca050f49b13b2f description",
    "failMessageText": "2c55ad32c8ca050f49b13b2f failMessageText",
    "image": "/files/quest/icon/5a27cafa86f77424e20615d6.jpg",
    "instantComplete": false,
    "isKey": false,
    "location": "56f40101d2720b2a4d8b45d6",
    "name": "2c55ad32c8ca050f49b13b2f name",
    "note": "2c55ad32c8ca050f49b13b2f note",
    "restartable": false,
    "rewards": {
      "Fail": [],
      "Started": [],
      "Success": [
        {
          "id": "c0e3ac7fc3d8cabbfbdac46d",
          "index": 3,
          "type": "Experience",
          "value": "20000"
        },
        {
          "id": "be80f564d1f7ba6ebededc39",
          "index": 4,
          "items": [
            {
              "_id": "bcbcabd0bf2abc7fac54ac2b",
              "_tpl": "5449016a4bdc2d6f028b456f",
              "upd": {
                "StackObjectsCount": 300000
              }
            }
          ],
          "target": "bcbcabd0bf2abc7fac54ac2b",
          "type": "Item",
          "value": "300000"
        }
      ]
    },
    "secretQuest": false,
    "side": "Pmc",
    "startedMessageText": "2c55ad32c8ca050f49b13b2f startedMessageText",
    "successMessageText": "2c55ad32c8ca050f49b13b2f successMessageText",
    "traderId": "58330581ace78e27b8b10cee",
    "type": "Elimination"
  },
  "fa6199ecf45f78b535f6dd3b": {
    "QuestName": "[Ski] PMC Hunt: Clear Customs from 250 PMC(s)",
    "_id": "fa6199ecf45f78b535f6dd3b",
    "acceptPlayerMessage": "fa6199ecf45f78b535f6dd3b acceptPlayerMessage",
    "canShowNotificationsInGame": true,
    "changeQuestMessageText": "fa6199ecf45f78b535f6dd3b changeQuestMessageText",
    "completePlayerMessage": "fa6199ecf45f78b535f6dd3b completePlayerMessage",
    "conditions": {
      "AvailableForFinish": [
        {
          "conditionType": "CounterCreator",
          "counter": {
            "conditions": [
              {
                "compareMethod": ">=",
                "conditionType": "Kills",
                "id": "e5aadff12be9299ec4a079b0",
                "target": "AnyPmc",
                "value": "1"
              },
              {
                "conditionType": "Location",
                "id": "d4a78ac903df17990fc6ba5c",
                "target": [
                  "bigmap"
                ]
              }
            ],
            "id": "6f9cda259e3ab59855f797d4"
          },
          "doNotResetIfCounterCompleted": false,
          "dynamicLocale": false,
          "globalQuestCounterId": "",
          "id": "8dcfebd410bcb6387d13ffdb",
          "index": 0,
          "oneSessionOnly": false,
          "parentId": "",
          "type": "Elimination",
          "value": "250",
          "visibilityConditions": []
        }
      ],
      "AvailableForStart": [
        {
          "conditionType": "Quest",
          "dynamicLocale": false,
          "globalQuestCounterId": "",
          "id": "c2218df3c3250f2c434c9aed",
          "index": 6,
          "parentId": "",
          "status": [
            4
          ],
          "target": "b7e8ea0f65b7aadc7dfde0ea"
        },
        {
          "conditionType": "Quest",
          "dynamicLocale": false,
          "globalQuestCounterId": "",
          "id": "0b469bbb5df00ff13aacaafe",
          "index": 7,
          "parentId": "",
          "status": [
            4
          ],
          "target": "bb488c029fca6c0ad07e8cc7"
        },
        {
          "conditionType": "Quest",
          "dynamicLocale": false,
          "globalQuestCounterId": "",
          "id": "9e85fec9ea168090b7dfeeae",
          "index": 8,
          "parentId": "",
          "status": [
            4
          ],
          "target": "dd1b9a2e08a04f2a3f4ab4d6"
        },
        {
          "conditionType": "Quest",
          "dynamicLocale": false,
          "globalQuestCounterId": "",
          "id": "dcd7f60a21e2fab29f9e030f",
          "index": 9,
          "parentId": "",
          "status": [
            4
          ],
          "target": "8d3f5b0dda7659bf4cac5a5b"
        },
        {
          "conditionType": "Quest",
          "dynamicLocale": false,
          "globalQuestCounterId": "",
          "id": "ee005ebe8f6b716cfccba9c2",
          "index": 10,
          "parentId": "",
          "status": [
            4
          ],
          "target": "07e83de2a91c5cce9fcc3c7f"
        },
        {
          "conditionType": "Quest",
          "dynamicLocale": false,
          "globalQuestCounterId": "",
          "id": "eb5b0b5dd0edd6cf6b76ddc7",
          "index": 11,
          "parentId": "",
          "status": [
            4
          ],
          "target": "ba33f4e8dcc5c65e2f586dcd"
        },
        {
          "conditionType": "Quest",
          "dynamicLocale": false,
          "globalQuestCounterId": "",
          "id": "900e92dba0d7dd4e01bede35",
          "index": 12,
          "parentId": "",
          "status": [
            4
          ],
          "target": "c4dd2cffb07ad1f78ae3ac60"
        },
        {
          "conditionType": "Quest",
          "dynamicLocale": false,
          "globalQuestCounterId": "",
          "id": "a95319d3feb9e8fd4ef1fff2",
          "index": 13,
          "parentId": "",
          "status": [
            4
          ],
          "target": "c38d1146c0329c126dbb2fa0"
        }
      ],
      "Fail": []
    },
    "declinePlayerMessage": "fa6199ecf45f78b535f6dd3b declinePlayerMessage",
    "description": "fa6199ecf45f78b535f6dd3b description",
    "failMessageText": "fa6199ecf45f78b535f6dd3b failMessageText",
    "image": "/files/quest/icon/5a27cafa86f77424e20615d6.jpg",
    "instantComplete": false,
    "isKey": false,
    "location": "56f40101d2720b2a4d8b45d6",
    "name": "fa6199ecf45f78b535f6dd3b name",
    "note": "fa6199ecf45f78b535f6dd3b note",
    "restartable": false,
    "rewards": {
      "Fail": [],
      "Started": [],
      "Success": [
        {
          "id": "9cc4187a832a2c7c35f429b2",
          "index": 3,
          "type": "Experience",
          "value": "50000"
        },
        {
          "id": "e57dfa2ef5ae79c5a2798bac",
          "index": 4,
          "items": [
            {
              "_id": "3bf7efe54875aab9bd2829c1",
              "_tpl": "5449016a4bdc2d6f028b456f",
              "upd": {
                "StackObjectsCount": 750000
              }
            }
          ],
          "target": "3bf7efe54875aab9bd2829c1",
          "type": "Item",
          "value": "750000"
        }
      ]
    },
    "secretQuest": false,
    "side": "Pmc",
    "startedMessageText": "fa6199ecf45f78b535f6dd3b startedMessageText",
    "successMessageText": "fa6199ecf45f78b535f6dd3b successMessageText",
    "traderId": "58330581ace78e27b8b10cee",
    "type": "Elimination"
  },
  "de57e2c13fdc046b555b3aca": {
    "QuestName": "[Ski] PMC Hunt: Clear Customs from 500 PMC(s)",
    "_id": "de57e2c13fdc046b555b3aca",
    "acceptPlayerMessage": "de57e2c13fdc046b555b3aca acceptPlayerMessage",
    "canShowNotificationsInGame": true,
    "changeQuestMessageText": "de57e2c13fdc046b555b3aca changeQuestMessageText",
    "completePlayerMessage": "de57e2c13fdc046b555b3aca completePlayerMessage",
    "conditions": {
      "AvailableForFinish": [
        {
          "conditionType": "CounterCreator",
          "counter": {
            "conditions": [
              {
                "compareMethod": ">=",
                "conditionType": "Kills",
                "id": "c0000cd19afa92c3eb0a185b",
                "target": "AnyPmc",
                "value": "1"
              },
              {
                "conditionType": "Location",
                "id": "dd8e86cc3ac38cfda4ac6fbd",
                "target": [
                  "bigmap"
                ]
              }
            ],
            "id": "1be310dab004bc3c8a7f1bf7"
          },
          "doNotResetIfCounterCompleted": false,
          "dynamicLocale": false,
          "globalQuestCounterId": "",
          "id": "b50e89a467defc7feaa0837d",
          "index": 0,
          "oneSessionOnly": false,
          "parentId": "",
          "type": "Elimination",
          "value": "500",
          "visibilityConditions": []
        }
      ],
      "AvailableForStart": [
        {
          "conditionType": "Quest",
          "dynamicLocale": false,
          "globalQuestCounterId": "",
          "id": "e2c8b51abcedf85773cf80c2",
          "index": 6,
          "parentId": "",
          "status": [
            4
          ],
          "target": "2c55ad32c8ca050f49b13b2f"
        },
        {
          "conditionType": "Quest",
          "dynamicLocale": false,
          "globalQuestCounterId": "",
          "id": "aa4cb3efbb92c4de69a23fc9",
          "index": 7,
          "parentId": "",
          "status": [
            4
          ],
          "target": "1cee000faddc437ecb14d758"
        },
        {
          "conditionType": "Quest",
          "dynamicLocale": false,
          "globalQuestCounterId": "",
          "id": "35af3630ecbc2dcb55c0a21e",
          "index": 8,
          "parentId": "",
          "status": [
            4
          ],
          "target": "bb7c143e6eda6b1c9dbaf936"
        },
        {
          "conditionType": "Quest",
          "dynamicLocale": false,
          "globalQuestCounterId": "",
          "id": "c68c602f01e9a17b91ed5efd",
          "index": 9,
          "parentId": "",
          "status": [
            4
          ],
          "target": "1eea8b20cceabe726f3611dd"
        },
        {
          "conditionType": "Quest",
          "dynamicLocale": false,
          "globalQuestCounterId": "",
          "id": "53dd23fff1bb7f4c7cd19f11",
          "index": 10,
          "parentId": "",
          "status": [
            4
          ],
          "target": "a577e3af9e482a767bfac7c5"
        },
        {
          "conditionType": "Quest",
          "dynamicLocale": false,
          "globalQuestCounterId": "",
          "id": "9e9adaf7c27bc8dbc0db4edb",
          "index": 11,
          "parentId": "",
          "status": [
            4
          ],
          "target": "fefa5c9a7dbbb6842edd1f72"
        },
        {
          "conditionType": "Quest",
          "dynamicLocale": false,
          "globalQuestCounterId": "",
          "id": "bfb5cf4fade9d74c8adbbdea",
          "index": 12,
          "parentId": "",
          "status": [
            4
          ],
          "target": "d89e0690acf170ad63eba0ee"
        },
        {
          "conditionType": "Quest",
          "dynamicLocale": false,
          "globalQuestCounterId": "",
          "id": "fdc57b8a63a05d18cfbceedc",
          "index": 13,
          "parentId": "",
          "status": [
            4
          ],
          "target": "c1ff0ee7f3499ad38f3ebd23"
        }
      ],
      "Fail": []
    },
    "declinePlayerMessage": "de57e2c13fdc046b555b3aca declinePlayerMessage",
    "description": "de57e2c13fdc046b555b3aca description",
    "failMessageText": "de57e2c13fdc046b555b3aca failMessageText",
    "image": "/files/quest/icon/5a27cafa86f77424e20615d6.jpg",
    "instantComplete": false,
    "isKey": false,
    "location": "56f40101d2720b2a4d8b45d6",
    "name": "de57e2c13fdc046b555b3aca name",
    "note": "de57e2c13fdc046b555b3aca note",
    "restartable": false,
    "rewards": {
      "Fail": [],
      "Started": [],
      "Success": [
        {
          "id": "da1c03ca2aa29f24495d93da",
          "index": 3,
          "type": "Experience",
          "value": "100000"
        },
        {
          "id": "6b4f7ffbf8a3aa8cacb2e276",
          "index": 4,
          "items": [
            {
              "_id": "a03a6affb11fa1cdbedf2abf",
              "_tpl": "5449016a4bdc2d6f028b456f",
              "upd": {
                "StackObjectsCount": 1500000
              }
            }
          ],
          "target": "a03a6affb11fa1cdbedf2abf",
          "type": "Item",
          "value": "1500000"
        }
      ]
    },
    "secretQuest": false,
    "side": "Pmc",
    "startedMessageText": "de57e2c13fdc046b555b3aca startedMessageText",
    "successMessageText": "de57e2c13fdc046b555b3aca successMessageText",
    "traderId": "58330581ace78e27b8b10cee",
    "type": "Elimination"
  }
}