{
  "ea1ceda79bece3bb43d77455": {
    "QuestName": "[Mec] PMC Hunt: Clear Factory from 1 PMC(s)",
    "_id": "ea1ceda79bece3bb43d77455",
    "acceptPlayerMessage": "ea1ceda79bece3bb43d77455 acceptPlayerMessage",
    "canShowNotificationsInGame": true,
    "changeQuestMessageText": "ea1ceda79bece3bb43d77455 changeQuestMessageText",
    "completePlayerMessage": "ea1ceda79bece3bb43d77455 completePlayerMessage",
    "conditions": {
      "AvailableForFinish": [
        {
          "conditionType": "CounterCreator",
          "counter": {
            "conditions": [
              {
                "compareMethod": ">=",
                "conditionType": "Kills",
                "id": "7fc8bfa58e6cf12fee053a1f",
                "target": "AnyPmc",
                "value": "1"
              },
              {
                "conditionType": "Location",
                "id": "a2b35dfc3bc9c2bfc17aeecd",
                "target": [
                  "factory4_day",
                  "factory4_night"
                ]
              }
            ],
            "id": "b568d4e0fe8e59dbd1e9a2f1"
          },
          "doNotResetIfCounterCompleted": false,
          "dynamicLocale": false,
          "globalQuestCounterId": "",
          "id": "b1cc225ccccfb33ef3aa22ca",
          "index": 0,
          "oneSessionOnly": false,
          "parentId": "",
          "type": "Elimination",
          "value": "1",
          "visibilityConditions": []
        }
      ],
      "AvailableForStart": [],
      "Fail": []
    },
    "declinePlayerMessage": "ea1ceda79bece3bb43d77455 declinePlayerMessage",
    "description": "ea1ceda79bece3bb43d77455 description",
    "failMessageText": "ea1ceda79bece3bb43d77455 failMessageText",
    "image": "/files/quest/icon/5a27cafa86f77424e20615d6.jpg",
    "instantComplete": false,
    "isKey": false,
    "location": "55f2d3fd4bdc2d5f408b4567",
    "name": "ea1ceda79bece3bb43d77455 name",
    "note": "ea1ceda79bece3bb43d77455 note",
    "restartable": false,
    "rewards": {
      "Fail": [],
      "Started": [],
      "Success": [
        {
          "id": "c2c1cedf6cea6e80c2eb6133",
          "index": 3,
          "type": "Experience",
          "value": "200"
        },
        {
          "id": "d3a62231d53dea6ad08a3c02",
          "index": 4,
          "items": [
            {
              "_id": "dc29f2f0d3f8be5c94f343ba",
              "_tpl": "5449016a4bdc2d6f028b456f",
              "upd": {
                "StackObjectsCount": 3000
              }
            }
          ],
          "target": "dc29f2f0d3f8be5c94f343ba",
          "type": "Item",
          "value": "3000"
        }
      ]
    },
    "secretQuest": false,
    "side": "Pmc",
    "startedMessageText": "ea1ceda79bece3bb43d77455 startedMessageText",
    "successMessageText": "ea1ceda79bece3bb43d77455 successMessageText",
    "traderId": "5a7c2eca46aef81a7ca2145d",
    "type": "Elimination"
  },
  "a7aab5396572ab1de7dfb93a": {
    "QuestName": "[Mec] PMC Hunt: Clear Factory from 5 PMC(s)",
    "_id": "a7aab5396572ab1de7dfb93a",
    "acceptPlayerMessage": "a7aab5396572ab1de7dfb93a acceptPlayerMessage",
    "canShowNotificationsInGame": true,
    "changeQuestMessageText": "a7aab5396572ab1de7dfb93a changeQuestMessageText",
    "completePlayerMessage": "a7aab5396572ab1de7dfb93a completePlayerMessage",
    "conditions": {
      "AvailableForFinish": [
        {
          "conditionType": "CounterCreator",
          "counter": {
            "conditions": [
              {
                "compareMethod": ">=",
                "conditionType": "Kills",
                "id": "ec77b32db8594bdc761c5bde",
                "target": "AnyPmc",
                "value": "1"
              },
              {
                "conditionType": "Location",
                "id": "3e8f0c538b841eeae04d4fcc",
                "target": [
                  "factory4_day",
                  "factory4_night"
                ]
              }
            ],
            "id": "5bfbc3c2db32bc7986ed3736"
          },
          "doNotResetIfCounterCompleted": false,
          "dynamicLocale": false,
          "globalQuestCounterId": "",
          "id": "dd51ceece06a18cb8a211e13",
          "index": 0,
          "oneSessionOnly": false,
          "parentId": "",
          "type": "Elimination",
          "value": "5",
          "visibilityConditions": []
        }
      ],
      "AvailableForStart": [
        {
          "conditionType": "Quest",
          "dynamicLocale": false,
          "globalQuestCounterId": "",
          "id": "34c33c45fcf0ad1db1376c4f",
          "index": 6,
          "parentId": "",
          "status": [
            4
          ],
          "target": "ea1ceda79bece3bb43d77455"
        }
      ],
      "Fail": []
    },
    "declinePlayerMessage": "a7aab5396572ab1de7dfb93a declinePlayerMessage",
    "description": "a7aab5396572ab1de7dfb93a description",
    "failMessageText": "a7aab5396572ab1de7dfb93a failMessageText",
    "image": "/files/quest/icon/5a27cafa86f77424e20615d6.jpg",
    "instantComplete": false,
    "isKey": false,
    "location": "55f2d3fd4bdc2d5f408b4567",
    "name": "a7aab5396572ab1de7dfb93a name",
    "note": "a7aab5396572ab1de7dfb93a note",
    "restartable": false,
    "rewards": {
      "Fail": [],
      "Started": [],
      "Success": [
        {
          "id": "c3fbb2d7f488ebfd1e899bca",
          "index": 3,
          "type": "Experience",
          "value": "1000"
        },
        {
          "id": "fe4ac3c7ddae628a0bbf0f3f",
          "index": 4,
          "items": [
            {
              "_id": "f335f80f53baa16fe6fdbeea",
              "_tpl": "5449016a4bdc2d6f028b456f",
              "upd": {
                "StackObjectsCount": 15000
              }
            }
          ],
          "target": "f335f80f53baa16fe6fdbeea",
          "type": "Item",
          "value": "15000"
        }
      ]
    },
    "secretQuest": false,
    "side": "Pmc",
    "startedMessageText": "a7aab5396572ab1de7dfb93a startedMessageText",
    "successMessageText": "a7aab5396572ab1de7dfb93a successMessageText",
    "traderId": "5a7c2eca46aef81a7ca2145d",
    "type": "Elimination"
  },
  "dcd0dff2bbcc1cadf59adb7a": {
    "QuestName": "[Mec] PMC Hunt: Clear Factory from 10 PMC(s)",
    "_id": "dcd0dff2bbcc1cadf59adb7a",
    "acceptPlayerMessage": "dcd0dff2bbcc1cadf59adb7a acceptPlayerMessage",
    "canShowNotificationsInGame": true,
    "changeQuestMessageText": "dcd0dff2bbcc1cadf59adb7a changeQuestMessageText",
    "completePlayerMessage": "dcd0dff2bbcc1cadf59adb7a completePlayerMessage",
    "conditions": {
      "AvailableForFinish": [
        {
          "conditionType": "CounterCreator",
          "counter": {
            "conditions": [
              {
                "compareMethod": ">=",
                "conditionType": "Kills",
                "id": "b6dccabca54caa03fe4993d0",
                "target": "AnyPmc",
                "value": "1"
              },
              {
                "conditionType": "Location",
                "id": "e5bc39a1c67aa82deffafccb",
                "target": [
                  "factory4_day",
                  "factory4_night"
                ]
              }
            ],
            "id": "2fbeddd37a2e1cfceca5fc3c"
          },
          "doNotResetIfCounterCompleted": false,
          "dynamicLocale": false,
          "globalQuestCounterId": "",
          "id": "0afdcbe75efc57faa11f4e06",
          "index": 0,
          "oneSessionOnly": false,
          "parentId": "",
          "type": "Elimination",
          "value": "10",
          "visibilityConditions": []
        }
      ],
      "AvailableForStart": [
        {
          "conditionType": "Quest",
          "dynamicLocale": false,
          "globalQuestCounterId": "",
          "id": "8f2b76713afaabd7adedba43",
          "index": 6,
          "parentId": "",
          "status": [
            4
          ],
          "target": "ad85c519545ef72caa52f79b"
        },
        {
          "conditionType": "Quest",
          "dynamicLocale": false,
          "globalQuestCounterId": "",
          "id": "85d2e1e576aa0fefb1bbf4de",
          "index": 7,
          "parentId": "",
          "status": [
            4
          ],
          "target": "7b8229ce6bb6aecb83d9bd4d"
        },
        {
          "conditionType": "Quest",
          "dynamicLocale": false,
          "globalQuestCounterId": "",
          "id": "b5bff5f25b282056beb8dfdf",
          "index": 8,
          "parentId": "",
          "status": [
            4
          ],
          "target": "a52f0b1d8f9cecbafe82f561"
        },
        {
          "conditionType": "Quest",
          "dynamicLocale": false,
          "globalQuestCounterId": "",
          "id": "efa3d71dfa3c2f6cae23ccae",
          "index": 9,
          "parentId": "",
          "status": [
            4
          ],
          "target": "2e821b3ca8652cb3c3b3cdd5"
        },
        {
          "conditionType": "Quest",
          "dynamicLocale": false,
          "globalQuestCounterId": "",
          "id": "6ddecd5ec7bf8e016fc5d8a5",
          "index": 10,
          "parentId": "",
          "status": [
            4
          ],
          "target": "edc48d46abc50a41ff92f0b8"
        },
        {
          "conditionType": "Quest",
          "dynamicLocale": false,
          "globalQuestCounterId": "",
          "id": "2b27a22d2ab5b8edbed74a1b",
          "index": 11,
          "parentId": "",
          "status": [
            4
          ],
          "target": "ea1ceda79bece3bb43d77455"
        },
        {
          "conditionType": "Quest",
          "dynamicLocale": false,
          "globalQuestCounterId": "",
          "id": "f78b4d63ce64d6fff0e0621a",
          "index": 12,
          "parentId": "",
          "status": [
            4
          ],
          "target": "8fb3abcb1fcb95aa6716caba"
        },
        {
          "conditionType": "Quest",
          "dynamicLocale": false,
          "globalQuestCounterId": "",
          "id": "5b73f4804f44daa14fe1c859",
          "index": 13,
          "parentId": "",
          "status": [
            4
          ],
          "target": "797ee7327ecfc5e6bb1e5ef0"
        }
      ],
      "Fail": []
    },
    "declinePlayerMessage": "dcd0dff2bbcc1cadf59adb7a declinePlayerMessage",
    "description": "dcd0dff2bbcc1cadf59adb7a description",
    "failMessageText": "dcd0dff2bbcc1cadf59adb7a failMessageText",
    "image": "/files/quest/icon/5a27cafa86f77424e20615d6.jpg",
    "instantComplete": false,
    "isKey": false,
    "location": "55f2d3fd4bdc2d5f408b4567",
    "name": "dcd0dff2bbcc1cadf59adb7a name",
    "note": "dcd0dff2bbcc1cadf59adb7a note",
    "restartable": false,
    "rewards": {
      "Fail": [],
      "Started": [],
      "Success": [
        {
          "id": "bcd29e0c0dc6cb51865e68f3",
          "index": 3,
          "type": "Experience",
          "value": "2000"
        },
        {
          "id": "536d4bd77a085292d7cca4e2",
          "index": 4,
          "items": [
            {
              "_id": "312abe57b09f14ae0e5c99ee",
              "_tpl": "5449016a4bdc2d6f028b456f",
              "upd": {
                "StackObjectsCount": 30000
              }
            }
          ],
          "target": "312abe57b09f14ae0e5c99ee",
          "type": "Item",
          "value": "30000"
        }
      ]
    },
    "secretQuest": false,
    "side": "Pmc",
    "startedMessageText": "dcd0dff2bbcc1cadf59adb7a startedMessageText",
    "successMessageText": "dcd0dff2bbcc1cadf59adb7a successMessageText",
    "traderId": "5a7c2eca46aef81a7ca2145d",
    "type": "Elimination"
  },
  "0d4da1b05ac556263e9fb754": {
    "QuestName": "[Mec] PMC Hunt: Clear Factory from 20 PMC(s)",
    "_id": "0d4da1b05ac556263e9fb754",
    "acceptPlayerMessage": "0d4da1b05ac556263e9fb754 acceptPlayerMessage",
    "canShowNotificationsInGame": true,
    "changeQuestMessageText": "0d4da1b05ac556263e9fb754 changeQuestMessageText",
    "completePlayerMessage": "0d4da1b05ac556263e9fb754 completePlayerMessage",
    "conditions": {
      "AvailableForFinish": [
        {
          "conditionType": "CounterCreator",
          "counter": {
            "conditions": [
              {
                "compareMethod": ">=",
                "conditionType": "Kills",
                "id": "3dfdc6e2ea0eabdfa457cfda",
                "target": "AnyPmc",
                "value": "1"
              },
              {
                "conditionType": "Location",
                "id": "07772a7d74f06e8e89dfdddb",
                "target": [
                  "factory4_day",
                  "factory4_night"
                ]
              }
            ],
            "id": "c84cdbad7cecab951d9a94f3"
          },
          "doNotResetIfCounterCompleted": false,
          "dynamicLocale": false,
          "globalQuestCounterId": "",
          "id": "ed686b879bdcd75bc9d5b8b5",
          "index": 0,
          "oneSessionOnly": false,
          "parentId": "",
          "type": "Elimination",
          "value": "20",
          "visibilityConditions": []
        }
      ],
      "AvailableForStart": [
        {
          "conditionType": "Quest",
          "dynamicLocale": false,
          "globalQuestCounterId": "",
          "id": "2bba393cdebc1fcd8d5dc5fb",
          "index": 6,
          "parentId": "",
          "status": [
            4
          ],
          "target": "cdc2c391ebcdea8f33c42cd7"
        },
        {
          "conditionType": "Quest",
          "dynamicLocale": false,
          "globalQuestCounterId": "",
          "id": "bbcfa8ebec5b12dfb9edeba9",
          "index": 7,
          "parentId": "",
          "status": [
            4
          ],
          "target": "fd9a915b3dfbedbcc888dcbb"
        },
        {
          "conditionType": "Quest",
          "dynamicLocale": false,
          "globalQuestCounterId": "",
          "id": "bbee6df88b017c2fdc6cbafb",
          "index": 8,
          "parentId": "",
          "status": [
            4
          ],
          "target": "5dfafc52b7d6a2bdfcd3bf20"
        },
        {
          "conditionType": "Quest",
          "dynamicLocale": false,
          "globalQuestCounterId": "",
          "id": "83eacfeaadabde819d940dba",
          "index": 9,
          "parentId": "",
          "status": [
            4
          ],
          "target": "eed6e7ccc90d8ccddf51a7f2"
        },
        {
          "conditionType": "Quest",
          "dynamicLocale": false,
          "globalQuestCounterId": "",
          "id": "ccbabb366c0f8f93cc25f5ea",
          "index": 10,
          "parentId": "",
          "status": [
            4
          ],
          "target": "362e08d683eb9ad7e0dd445f"
        },
        {
          "conditionType": "Quest",
          "dynamicLocale": false,
          "globalQuestCounterId": "",
          "id": "aabb0616aacbb8e8bbee9efc",
          "index": 11,
          "parentId": "",
          "status": [
            4
          ],
          "target": "a7aab5396572ab1de7dfb93a"
        },
        {
          "conditionType": "Quest",
          "dynamicLocale": false,
          "globalQuestCounterId": "",
          "id": "c10abeab6c4a02347dde455e",
          "index": 12,
          "parentId": "",
          "status": [
            4
          ],
          "target": "691896ccab6635835b2e1591"
        },
        {
          "conditionType": "Quest",
          "dynamicLocale": false,
          "globalQuestCounterId": "",
          "id": "01fb3d4afd006e6cba395eda",
          "index": 13,
          "parentId": "",
          "status": [
            4
          ],
          "target": "d2f54bc54be8b67c18cde464"
        }
      ],
      "Fail": []
    },
    "declinePlayerMessage": "0d4da1b05ac556263e9fb754 declinePlayerMessage",
    "description": "0d4da1b05ac556263e9fb754 description",
    "failMessageText": "0d4da1b05ac556263e9fb754 failMessageText",
    "image": "/files/quest/icon/5a27cafa86f77424e20615d6.jpg",
    "instantComplete": false,
    "isKey": false,
    "location": "55f2d3fd4bdc2d5f408b4567",
    "name": "0d4da1b05ac556263e9fb754 name",
    "note": "0d4da1b05ac556263e9fb754 note",
    "restartable": false,
    "rewards": {
      "Fail": [],
      "Started": [],
      "Success": [
        {
          "id": "750d900ec0c8a2024bdaa5be",
          "index": 3,
          "type": "Experience",
          "value": "4000"
        },
        {
          "id": "07f7dd81287fb86b2cc39f95",
          "index": 4,
          "items": [
            {
              "_id": "fb4dd91fa1484af0219a9657",
              "_tpl": "5449016a4bdc2d6f028b456f",
              "upd": {
                "StackObjectsCount": 60000
              }
            }
          ],
          "target": "fb4dd91fa1484af0219a9657",
          "type": "Item",
          "value": "60000"
        }
      ]
    },
    "secretQuest": false,
    "side": "Pmc",
    "startedMessageText": "0d4da1b05ac556263e9fb754 startedMessageText",
    "successMessageText": "0d4da1b05ac556263e9fb754 successMessageText",
    "traderId": "5a7c2eca46aef81a7ca2145d",
    "type": "Elimination"
  },
  "db7bdfbfd949e6c5d3ab1ea0": {
    "QuestName": "[Mec] PMC Hunt: Clear Factory from 35 PMC(s)",
    "_id": "db7bdfbfd949e6c5d3ab1ea0",
    "acceptPlayerMessage": "db7bdfbfd949e6c5d3ab1ea0 acceptPlayerMessage",
    "canShowNotificationsInGame": true,
    "changeQuestMessageText": "db7bdfbfd949e6c5d3ab1ea0 changeQuestMessageText",
    "completePlayerMessage": "db7bdfbfd949e6c5d3ab1ea0 completePlayerMessage",
    "conditions": {
      "AvailableForFinish": [
        {
          "conditionType": "CounterCreator",
          "counter": {
            "conditions": [
              {
                "compareMethod": ">=",
                "conditionType": "Kills",
                "id": "d8b9bfacad800bf2360699dd",
                "target": "AnyPmc",
                "value": "1"
              },
              {
                "conditionType": "Location",
                "id": "ca1a3abe4e6bebfe06db0eec",
                "target": [
                  "factory4_day",
                  "factory4_night"
                ]
              }
            ],
            "id": "55d9aa37ce42dd47abe1cf4e"
          },
          "doNotResetIfCounterCompleted": false,
          "dynamicLocale": false,
          "globalQuestCounterId": "",
          "id": "4ab5d4cbefe8a5d00b94af81",
          "index": 0,
          "oneSessionOnly": false,
          "parentId": "",
          "type": "Elimination",
          "value": "35",
          "visibilityConditions": []
        }
      ],
      "AvailableForStart": [
        {
          "conditionType": "Quest",
          "dynamicLocale": false,
          "globalQuestCounterId": "",
          "id": "187ef9eb7699b6f9ba392a60",
          "index": 6,
          "parentId": "",
          "status": [
            4
          ],
          "target": "bb089fc6fdb8a36f7bdb83dc"
        },
        {
          "conditionType": "Quest",
          "dynamicLocale": false,
          "globalQuestCounterId": "",
          "id": "aacafeddbefdf4e553d59fe4",
          "index": 7,
          "parentId": "",
          "status": [
            4
          ],
          "target": "60ac9bea8cfbc998543e4963"
        },
        {
          "conditionType": "Quest",
          "dynamicLocale": false,
          "globalQuestCounterId": "",
          "id": "a0d7ca9ff95fbec1b0cb3810",
          "index": 8,
          "parentId": "",
          "status": [
            4
          ],
          "target": "e9faf211bbeebdab0b6d7eb3"
        },
        {
          "conditionType": "Quest",
          "dynamicLocale": false,
          "globalQuestCounterId": "",
          "id": "fc1229d5edbc079fcd482983",
          "index": 9,
          "parentId": "",
          "status": [
            4
          ],
          "target": "d9ce2560fef0bbc1fa7c462c"
        },
        {
          "conditionType": "Quest",
          "dynamicLocale": false,
          "globalQuestCounterId": "",
          "id": "7ccffbbdc257a04127640aac",
          "index": 10,
          "parentId": "",
          "status": [
            4
          ],
          "target": "acbfdeda3c4a8c2a66ff1f9b"
        },
        {
          "conditionType": "Quest",
          "dynamicLocale": false,
          "globalQuestCounterId": "",
          "id": "bede0e766ca29b41407fdc26",
          "index": 11,
          "parentId": "",
          "status": [
            4
          ],
          "target": "dcd0dff2bbcc1cadf59adb7a"
        },
        {
          "conditionType": "Quest",
          "dynamicLocale": false,
          "globalQuestCounterId": "",
          "id": "5ff65ffacbfc9809f0f9a5aa",
          "index": 12,
          "parentId": "",
          "status": [
            4
          ],
          "target": "40d3f3ae9a5d66230dd521e7"
        },
        {
          "conditionType": "Quest",
          "dynamicLocale": false,
          "globalQuestCounterId": "",
          "id": "22c3c556bd64854d9e57945d",
          "index": 13,
          "parentId": "",
          "status": [
            4
          ],
          "target": "185ebcba4df6d6f8fe7eb6e9"
        }
      ],
      "Fail": []
    },
    "declinePlayerMessage": "db7bdfbfd949e6c5d3ab1ea0 declinePlayerMessage",
    "description": "db7bdfbfd949e6c5d3ab1ea0 description",
    "failMessageText": "db7bdfbfd949e6c5d3ab1ea0 failMessageText",
    "image": "/files/quest/icon/5a27cafa86f77424e20615d6.jpg",
    "instantComplete": false,
    "isKey": false,
    "location": "55f2d3fd4bdc2d5f408b4567",
    "name": "db7bdfbfd949e6c5d3ab1ea0 name",
    "note": "db7bdfbfd949e6c5d3ab1ea0 note",
    "restartable": false,
    "rewards": {
      "Fail": [],
      "Started": [],
      "Success": [
        {
          "id": "ed9fdaccddede6f90df0b792",
          "index": 3,
          "type": "Experience",
          "value": "7000"
        },
        {
          "id": "ef7af8c98ef0efcc6ae5d2dd",
          "index": 4,
          "items": [
            {
              "_id": "ab5bcdab7f7be690ca5d3a51",
              "_tpl": "5449016a4bdc2d6f028b456f",
              "upd": {
                "StackObjectsCount": 105000
              }
            }
          ],
          "target": "ab5bcdab7f7be690ca5d3a51",
          "type": "Item",
          "value": "105000"
        }
      ]
    },
    "secretQuest": false,
    "side": "Pmc",
    "startedMessageText": "db7bdfbfd949e6c5d3ab1ea0 startedMessageText",
    "successMessageText": "db7bdfbfd949e6c5d3ab1ea0 successMessageText",
    "traderId": "5a7c2eca46aef81a7ca2145d",
    "type": "Elimination"
  },
  "31afffcfaefeadffdaeeef9d": {
    "QuestName": "[Mec] PMC Hunt: Clear Factory from 50 PMC(s)",
    "_id": "31afffcfaefeadffdaeeef9d",
    "acceptPlayerMessage": "31afffcfaefeadffdaeeef9d acceptPlayerMessage",
    "canShowNotificationsInGame": true,
    "changeQuestMessageText": "31afffcfaefeadffdaeeef9d changeQuestMessageText",
    "completePlayerMessage": "31afffcfaefeadffdaeeef9d completePlayerMessage",
    "conditions": {
      "AvailableForFinish": [
        {
          "conditionType": "CounterCreator",
          "counter": {
            "conditions": [
              {
                "compareMethod": ">=",
                "conditionType": "Kills",
                "id": "ccaf60fe271d7680abad2b9d",
                "target": "AnyPmc",
                "value": "1"
              },
              {
                "conditionType": "Location",
                "id": "1dfbfe89ca4ae68da27dfafa",
                "target": [
                  "factory4_day",
                  "factory4_night"
                ]
              }
            ],
            "id": "1b691c36e79dcbbfbddbe458"
          },
          "doNotResetIfCounterCompleted": false,
          "dynamicLocale": false,
          "globalQuestCounterId": "",
          "id": "0a3aaa530e395b02f514a3ea",
          "index": 0,
          "oneSessionOnly": false,
          "parentId": "",
          "type": "Elimination",
          "value": "50",
          "visibilityConditions": []
        }
      ],
      "AvailableForStart": [
        {
          "conditionType": "Quest",
          "dynamicLocale": false,
          "globalQuestCounterId": "",
          "id": "6f73ec78e8dcaa002ec0f876",
          "index": 6,
          "parentId": "",
          "status": [
            4
          ],
          "target": "6cbd4d58eb7afccfd6659a45"
        },
        {
          "conditionType": "Quest",
          "dynamicLocale": false,
          "globalQuestCounterId": "",
          "id": "57eaff7db9eec1f4de12febd",
          "index": 7,
          "parentId": "",
          "status": [
            4
          ],
          "target": "b8c6012f80e354b2f1db01da"
        },
        {
          "conditionType": "Quest",
          "dynamicLocale": false,
          "globalQuestCounterId": "",
          "id": "12cbedf850a3ad3e483721c4",
          "index": 8,
          "parentId": "",
          "status": [
            4
          ],
          "target": "be1cc7e62a8a9badece0ab51"
        },
        {
          "conditionType": "Quest",
          "dynamicLocale": false,
          "globalQuestCounterId": "",
          "id": "cfe59eae917cc8fe2b5a9bde",
          "index": 9,
          "parentId": "",
          "status": [
            4
          ],
          "target": "829a9cc1ce843b09bd2ab212"
        },
        {
          "conditionType": "Quest",
          "dynamicLocale": false,
          "globalQuestCounterId": "",
          "id": "8cdc2edc52f4a3bb2c76cf16",
          "index": 10,
          "parentId": "",
          "status": [
            4
          ],
          "target": "0dda2bb1269d6ff7f6deceea"
        },
        {
          "conditionType": "Quest",
          "dynamicLocale": false,
          "globalQuestCounterId": "",
          "id": "36da82e4b113c2f5655de682",
          "index": 11,
          "parentId": "",
          "status": [
            4
          ],
          "target": "0d4da1b05ac556263e9fb754"
        },
        {
          "conditionType": "Quest",
          "dynamicLocale": false,
          "globalQuestCounterId": "",
          "id": "fa201fb11cdaafffba1ae8f5",
          "index": 12,
          "parentId": "",
          "status": [
            4
          ],
          "target": "e4ecd32e4816aff0a7a6dbde"
        },
        {
          "conditionType": "Quest",
          "dynamicLocale": false,
          "globalQuestCounterId": "",
          "id": "ddb77a3f1bae080ebfccaede",
          "index": 13,
          "parentId": "",
          "status": [
            4
          ],
          "target": "58c5fc9dbfeb0a8e1a9fb95f"
        }
      ],
      "Fail": []
    },
    "declinePlayerMessage": "31afffcfaefeadffdaeeef9d declinePlayerMessage",
    "description": "31afffcfaefeadffdaeeef9d description",
    "failMessageText": "31afffcfaefeadffdaeeef9d failMessageText",
    "image": "/files/quest/icon/5a27cafa86f77424e20615d6.jpg",
    "instantComplete": false,
    "isKey": false,
    "location": "55f2d3fd4bdc2d5f408b4567",
    "name": "31afffcfaefeadffdaeeef9d name",
    "note": "31afffcfaefeadffdaeeef9d note",
    "restartable": false,
    "rewards": {
      "Fail": [],
      "Started": [],
      "Success": [
        {
          "id": "c8b3eb0f1ea3fa03e2a2ed1e",
          "index": 3,
          "type": "Experience",
          "value": "10000"
        },
        {
          "id": "cec304a84b7d43cd7fdf8a32",
          "index": 4,
          "items": [
            {
              "_id": "bcd44d75866aaee2fb26c78b",
              "_tpl": "5449016a4bdc2d6f028b456f",
              "upd": {
                "StackObjectsCount": 150000
              }
            }
          ],
          "target": "bcd44d75866aaee2fb26c78b",
          "type": "Item",
          "value": "150000"
        }
      ]
    },
    "secretQuest": false,
    "side": "Pmc",
    "startedMessageText": "31afffcfaefeadffdaeeef9d startedMessageText",
    "successMessageText": "31afffcfaefeadffdaeeef9d successMessageText",
    "traderId": "5a7c2eca46aef81a7ca2145d",
    "type": "Elimination"
  },
  "ba33f4e8dcc5c65e2f586dcd": {
    "QuestName": "[Mec] PMC Hunt: Clear Factory from 75 PMC(s)",
    "_id": "ba33f4e8dcc5c65e2f586dcd",
    "acceptPlayerMessage": "ba33f4e8dcc5c65e2f586dcd acceptPlayerMessage",
    "canShowNotificationsInGame": true,
    "changeQuestMessageText": "ba33f4e8dcc5c65e2f586dcd changeQuestMessageText",
    "completePlayerMessage": "ba33f4e8dcc5c65e2f586dcd completePlayerMessage",
    "conditions": {
      "AvailableForFinish": [
        {
          "conditionType": "CounterCreator",
          "counter": {
            "conditions": [
              {
                "compareMethod": ">=",
                "conditionType": "Kills",
                "id": "96dc36e5dfebab9e79d4b75f",
                "target": "AnyPmc",
                "value": "1"
              },
              {
                "conditionType": "Location",
                "id": "fa41f97fac9de6eab35250aa",
                "target": [
                  "factory4_day",
                  "factory4_night"
                ]
              }
            ],
            "id": "dc216dc0abd98447167fff4a"
          },
          "doNotResetIfCounterCompleted": false,
          "dynamicLocale": false,
          "globalQuestCounterId": "",
          "id": "c0da7f4ac389df3d91dc0302",
          "index": 0,
          "oneSessionOnly": false,
          "parentId": "",
          "type": "Elimination",
          "value": "75",
          "visibilityConditions": []
        }
      ],
      "AvailableForStart": [
        {
          "conditionType": "Quest",
          "dynamicLocale": false,
          "globalQuestCounterId": "",
          "id": "1ba1ac4e236588bda750b77f",
          "index": 6,
          "parentId": "",
          "status": [
            4
          ],
          "target": "1c7fad6e246c7c56c136f9fb"
        },
        {
          "conditionType": "Quest",
          "dynamicLocale": false,
          "globalQuestCounterId": "",
          "id": "2f9c8d62158bce2ac04605c5",
          "index": 7,
          "parentId": "",
          "status": [
            4
          ],
          "target": "4eff5c50ccc79cd5b3bfb5ce"
        },
        {
          "conditionType": "Quest",
          "dynamicLocale": false,
          "globalQuestCounterId": "",
          "id": "3dce1ededb8ee3bf03ede373",
          "index": 8,
          "parentId": "",
          "status": [
            4
          ],
          "target": "ebeabeae5745effbcdf53182"
        },
        {
          "conditionType": "Quest",
          "dynamicLocale": false,
          "globalQuestCounterId": "",
          "id": "7ec50f2c07bbd7dfaf4f919d",
          "index": 9,
          "parentId": "",
          "status": [
            4
          ],
          "target": "dfdafad3ae4bc2c790d0bad8"
        },
        {
          "conditionType": "Quest",
          "dynamicLocale": false,
          "globalQuestCounterId": "",
          "id": "fb9ac8bbdc5bc81d0ba01d3c",
          "index": 10,
          "parentId": "",
          "status": [
            4
          ],
          "target": "eba06d93e66d3ad6c47de3eb"
        },
        {
          "conditionType": "Quest",
          "dynamicLocale": false,
          "globalQuestCounterId": "",
          "id": "3a5bd67f47c42dda6b6abecb",
          "index": 11,
          "parentId": "",
          "status": [
            4
          ],
          "target": "db7bdfbfd949e6c5d3ab1ea0"
        },
        {
          "conditionType": "Quest",
          "dynamicLocale": false,
          "globalQuestCounterId": "",
          "id": "a5f1362b30fd68f6ae7eace0",
          "index": 12,
          "parentId": "",
          "status": [
            4
          ],
          "target": "238cbce1d351007751bb6dbb"
        },
        {
          "conditionType": "Quest",
          "dynamicLocale": false,
          "globalQuestCounterId": "",
          "id": "943712bcebfca3ea0aa6d8c5",
          "index": 13,
          "parentId": "",
          "status": [
            4
          ],
          "target": "d8d3bbf5efab1d390e0d7bcd"
        }
      ],
      "Fail": []
    },
    "declinePlayerMessage": "ba33f4e8dcc5c65e2f586dcd declinePlayerMessage",
    "description": "ba33f4e8dcc5c65e2f586dcd description",
    "failMessageText": "ba33f4e8dcc5c65e2f586dcd failMessageText",
    "image": "/files/quest/icon/5a27cafa86f77424e20615d6.jpg",
    "instantComplete": false,
    "isKey": false,
    "location": "55f2d3fd4bdc2d5f408b4567",
    "name": "ba33f4e8dcc5c65e2f586dcd name",
    "note": "ba33f4e8dcc5c65e2f586dcd note",
    "restartable": false,
    "rewards": {
      "Fail": [],
      "Started": [],
      "Success": [
        {
          "id": "aeaabceae3ca3cbc83dff1dd",
          "index": 3,
          "type": "Experience",
          "value": "15000"
        },
        {
          "id": "1d8319a1bff378bb0e081d8c",
          "index": 4,
          "items": [
            {
              "_id": "d67eb0da4bb8e2ade46492aa",
              "_tpl": "5449016a4bdc2d6f028b456f",
              "upd": {
                "StackObjectsCount": 225000
              }
            }
          ],
          "target": "d67eb0da4bb8e2ade46492aa",
          "type": "Item",
          "value": "225000"
        }
      ]
    },
    "secretQuest": false,
    "side": "Pmc",
    "startedMessageText": "ba33f4e8dcc5c65e2f586dcd startedMessageText",
    "successMessageText": "ba33f4e8dcc5c65e2f586dcd successMessageText",
    "traderId": "5a7c2eca46aef81a7ca2145d",
    "type": "Elimination"
  },
  "fefa5c9a7dbbb6842edd1f72": {
    "QuestName": "[Mec] PMC Hunt: Clear Factory from 100 PMC(s)",
    "_id": "fefa5c9a7dbbb6842edd1f72",
    "acceptPlayerMessage": "fefa5c9a7dbbb6842edd1f72 acceptPlayerMessage",
    "canShowNotificationsInGame": true,
    "changeQuestMessageText": "fefa5c9a7dbbb6842edd1f72 changeQuestMessageText",
    "completePlayerMessage": "fefa5c9a7dbbb6842edd1f72 completePlayerMessage",
    "conditions": {
      "AvailableForFinish": [
        {
          "conditionType": "CounterCreator",
          "counter": {
            "conditions": [
              {
                "compareMethod": ">=",
                "conditionType": "Kills",
                "id": "cf3b51ffbbf79a6850de4213",
                "target": "AnyPmc",
                "value": "1"
              },
              {
                "conditionType": "Location",
                "id": "6affbac2b09f886d73aaffeb",
                "target": [
                  "factory4_day",
                  "factory4_night"
                ]
              }
            ],
            "id": "ffa5a609bb7befd6094731b5"
          },
          "doNotResetIfCounterCompleted": false,
          "dynamicLocale": false,
          "globalQuestCounterId": "",
          "id": "f743eeeda9f150e2c9749224",
          "index": 0,
          "oneSessionOnly": false,
          "parentId": "",
          "type": "Elimination",
          "value": "100",
          "visibilityConditions": []
        }
      ],
      "AvailableForStart": [
        {
          "conditionType": "Quest",
          "dynamicLocale": false,
          "globalQuestCounterId": "",
          "id": "c4d1d1ffef28effdb7ab2ff9",
          "index": 6,
          "parentId": "",
          "status": [
            4
          ],
          "target": "cf8442ad4089da991be8fd36"
        },
        {
          "conditionType": "Quest",
          "dynamicLocale": false,
          "globalQuestCounterId": "",
          "id": "ede2945ea6cf4e35c7a63e2e",
          "index": 7,
          "parentId": "",
          "status": [
            4
          ],
          "target": "79ba7ef04cc5b02c194f65fc"
        },
        {
          "conditionType": "Quest",
          "dynamicLocale": false,
          "globalQuestCounterId": "",
          "id": "c5894a8a60b3ac194fdc59c7",
          "index": 8,
          "parentId": "",
          "status": [
            4
          ],
          "target": "9a3d44ed7d635c63a4a2a8c8"
        },
        {
          "conditionType": "Quest",
          "dynamicLocale": false,
          "globalQuestCounterId": "",
          "id": "e520fdfc95ad3dead4582afe",
          "index": 9,
          "parentId": "",
          "status": [
            4
          ],
          "target": "e8077de525199ebe10a6c9e0"
        },
        {
          "conditionType": "Quest",
          "dynamicLocale": false,
          "globalQuestCounterId": "",
          "id": "209a58723abac49ace6aa6cc",
          "index": 10,
          "parentId": "",
          "status": [
            4
          ],
          "target": "2e2bb8d4a07b44d4c4bf3727"
        },
        {
          "conditionType": "Quest",
          "dynamicLocale": false,
          "globalQuestCounterId": "",
          "id": "2dcceb7f49daededb3a2f49e",
          "index": 11,
          "parentId": "",
          "status": [
            4
          ],
          "target": "31afffcfaefeadffdaeeef9d"
        },
        {
          "conditionType": "Quest",
          "dynamicLocale": false,
          "globalQuestCounterId": "",
          "id": "0f9b8aee8e9feefdcb6a0a97",
          "index": 12,
          "parentId": "",
          "status": [
            4
          ],
          "target": "f6c8d00ed2ba6ebdf9cac111"
        },
        {
          "conditionType": "Quest",
          "dynamicLocale": false,
          "globalQuestCounterId": "",
          "id": "75d7c0dc1aaa11d2a671d228",
          "index": 13,
          "parentId": "",
          "status": [
            4
          ],
          "target": "3baccacb4ab55de8a52ed697"
        }
      ],
      "Fail": []
    },
    "declinePlayerMessage": "fefa5c9a7dbbb6842edd1f72 declinePlayerMessage",
    "description": "fefa5c9a7dbbb6842edd1f72 description",
    "failMessageText": "fefa5c9a7dbbb6842edd1f72 failMessageText",
    "image": "/files/quest/icon/5a27cafa86f77424e20615d6.jpg",
    "instantComplete": false,
    "isKey": false,
    "location": "55f2d3fd4bdc2d5f408b4567",
    "name": "fefa5c9a7dbbb6842edd1f72 name",
    "note": "fefa5c9a7dbbb6842edd1f72 note",
    "restartable": false,
    "rewards": {
      "Fail": [],
      "Started": [],
      "Success": [
        {
          "id": "2fcfc7a29207e4c761fe2db6",
          "index": 3,
          "type": "Experience",
          "value": "20000"
        },
        {
          "id": "acdb2197ac291c26cbe41cea",
          "index": 4,
          "items": [
            {
              "_id": "7ec4bead08b070dfb6d72790",
              "_tpl": "5449016a4bdc2d6f028b456f",
              "upd": {
                "StackObjectsCount": 300000
              }
            }
          ],
          "target": "7ec4bead08b070dfb6d72790",
          "type": "Item",
          "value": "300000"
        }
      ]
    },
    "secretQuest": false,
    "side": "Pmc",
    "startedMessageText": "fefa5c9a7dbbb6842edd1f72 startedMessageText",
    "successMessageText": "fefa5c9a7dbbb6842edd1f72 successMessageText",
    "traderId": "5a7c2eca46aef81a7ca2145d",
    "type": "Elimination"
  },
  "dc141fe1fbfdd377eb01a3df": {
    "QuestName": "[Mec] PMC Hunt: Clear Factory from 250 PMC(s)",
    "_id": "dc141fe1fbfdd377eb01a3df",
    "acceptPlayerMessage": "dc141fe1fbfdd377eb01a3df acceptPlayerMessage",
    "canShowNotificationsInGame": true,
    "changeQuestMessageText": "dc141fe1fbfdd377eb01a3df changeQuestMessageText",
    "completePlayerMessage": "dc141fe1fbfdd377eb01a3df completePlayerMessage",
    "conditions": {
      "AvailableForFinish": [
        {
          "conditionType": "CounterCreator",
          "counter": {
            "conditions": [
              {
                "compareMethod": ">=",
                "conditionType": "Kills",
                "id": "f1fdee9a8e2dcb61aad32958",
                "target": "AnyPmc",
                "value": "1"
              },
              {
                "conditionType": "Location",
                "id": "e2f69ae1b7cbbef8dfbb3ece",
                "target": [
                  "factory4_day",
                  "factory4_night"
                ]
              }
            ],
            "id": "e0dfbadcdaaa24dccecfa80e"
          },
          "doNotResetIfCounterCompleted": false,
          "dynamicLocale": false,
          "globalQuestCounterId": "",
          "id": "3dafece8da5a9b0aaebac3bf",
          "index": 0,
          "oneSessionOnly": false,
          "parentId": "",
          "type": "Elimination",
          "value": "250",
          "visibilityConditions": []
        }
      ],
      "AvailableForStart": [
        {
          "conditionType": "Quest",
          "dynamicLocale": false,
          "globalQuestCounterId": "",
          "id": "db610c9fcbe55e9ffb8a1fa8",
          "index": 6,
          "parentId": "",
          "status": [
            4
          ],
          "target": "b7e8ea0f65b7aadc7dfde0ea"
        },
        {
          "conditionType": "Quest",
          "dynamicLocale": false,
          "globalQuestCounterId": "",
          "id": "badebecfe18aefa4e2b27c99",
          "index": 7,
          "parentId": "",
          "status": [
            4
          ],
          "target": "bb488c029fca6c0ad07e8cc7"
        },
        {
          "conditionType": "Quest",
          "dynamicLocale": false,
          "globalQuestCounterId": "",
          "id": "ec8a3ed8896e3aeacd2491ef",
          "index": 8,
          "parentId": "",
          "status": [
            4
          ],
          "target": "dd1b9a2e08a04f2a3f4ab4d6"
        },
        {
          "conditionType": "Quest",
          "dynamicLocale": false,
          "globalQuestCounterId": "",
          "id": "3aeb7c197ce6beeed429cece",
          "index": 9,
          "parentId": "",
          "status": [
            4
          ],
          "target": "8d3f5b0dda7659bf4cac5a5b"
        },
        {
          "conditionType": "Quest",
          "dynamicLocale": false,
          "globalQuestCounterId": "",
          "id": "d8c856beab108da64b1275da",
          "index": 10,
          "parentId": "",
          "status": [
            4
          ],
          "target": "07e83de2a91c5cce9fcc3c7f"
        },
        {
          "conditionType": "Quest",
          "dynamicLocale": false,
          "globalQuestCounterId": "",
          "id": "d0e0352ca5caaf3ebcac9a9e",
          "index": 11,
          "parentId": "",
          "status": [
            4
          ],
          "target": "ba33f4e8dcc5c65e2f586dcd"
        },
        {
          "conditionType": "Quest",
          "dynamicLocale": false,
          "globalQuestCounterId": "",
          "id": "fca93de4b0d8ef5d81f2f60a",
          "index": 12,
          "parentId": "",
          "status": [
            4
          ],
          "target": "c4dd2cffb07ad1f78ae3ac60"
        },
        {
          "conditionType": "Quest",
          "dynamicLocale": false,
          "globalQuestCounterId": "",
          "id": "2bfca1cbb65f1b63daadba1b",
          "index": 13,
          "parentId": "",
          "status": [
            4
          ],
          "target": "c38d1146c0329c126dbb2fa0"
        }
      ],
      "Fail": []
    },
    "declinePlayerMessage": "dc141fe1fbfdd377eb01a3df declinePlayerMessage",
    "description": "dc141fe1fbfdd377eb01a3df description",
    "failMessageText": "dc141fe1fbfdd377eb01a3df failMessageText",
    "image": "/files/quest/icon/5a27cafa86f77424e20615d6.jpg",
    "instantComplete": false,
    "isKey": false,
    "location": "55f2d3fd4bdc2d5f408b4567",
    "name": "dc141fe1fbfdd377eb01a3df name",
    "note": "dc141fe1fbfdd377eb01a3df note",
    "restartable": false,
    "rewards": {
      "Fail": [],
      "Started": [],
      "Success": [
        {
          "id": "b48e0cba378f76fab2abaeb7",
          "index": 3,
          "type": "Experience",
          "value": "50000"
        },
        {
          "id": "ce05bd941c120f66a86fbddb",
          "index": 4,
          "items": [
            {
              "_id": "9e9773c2b8eeeae2596e8afb",
              "_tpl": "5449016a4bdc2d6f028b456f",
              "upd": {
                "StackObjectsCount": 750000
              }
            }
          ],
          "target": "9e9773c2b8eeeae2596e8afb",
          "type": "Item",
          "value": "750000"
        }
      ]
    },
    "secretQuest": false,
    "side": "Pmc",
    "startedMessageText": "dc141fe1fbfdd377eb01a3df startedMessageText",
    "successMessageText": "dc141fe1fbfdd377eb01a3df successMessageText",
    "traderId": "5a7c2eca46aef81a7ca2145d",
    "type": "Elimination"
  },
  "6cceead0b2bdda4ea67f2832": {
    "QuestName": "[Mec] PMC Hunt: Clear Factory from 500 PMC(s)",
    "_id": "6cceead0b2bdda4ea67f2832",
    "acceptPlayerMessage": "6cceead0b2bdda4ea67f2832 acceptPlayerMessage",
    "canShowNotificationsInGame": true,
    "changeQuestMessageText": "6cceead0b2bdda4ea67f2832 changeQuestMessageText",
    "completePlayerMessage": "6cceead0b2bdda4ea67f2832 completePlayerMessage",
    "conditions": {
      "AvailableForFinish": [
        {
          "conditionType": "CounterCreator",
          "counter": {
            "conditions": [
              {
                "compareMethod": ">=",
                "conditionType": "Kills",
                "id": "02fce23d060a1fdf021cf1da",
                "target": "AnyPmc",
                "value": "1"
              },
              {
                "conditionType": "Location",
                "id": "3acbf7545c3c6dd2748f6b9c",
                "target": [
                  "factory4_day",
                  "factory4_night"
                ]
              }
            ],
            "id": "5ffbae8edb96d3367a43a870"
          },
          "doNotResetIfCounterCompleted": false,
          "dynamicLocale": false,
          "globalQuestCounterId": "",
          "id": "eecd2110a784be006ce637b4",
          "index": 0,
          "oneSessionOnly": false,
          "parentId": "",
          "type": "Elimination",
          "value": "500",
          "visibilityConditions": []
        }
      ],
      "AvailableForStart": [
        {
          "conditionType": "Quest",
          "dynamicLocale": false,
          "globalQuestCounterId": "",
          "id": "de4760b09c7b9e64eafaaffa",
          "index": 6,
          "parentId": "",
          "status": [
            4
          ],
          "target": "2c55ad32c8ca050f49b13b2f"
        },
        {
          "conditionType": "Quest",
          "dynamicLocale": false,
          "globalQuestCounterId": "",
          "id": "94edcb39031d0cce4f3e9711",
          "index": 7,
          "parentId": "",
          "status": [
            4
          ],
          "target": "1cee000faddc437ecb14d758"
        },
        {
          "conditionType": "Quest",
          "dynamicLocale": false,
          "globalQuestCounterId": "",
          "id": "e4fcfab0f27752be71adcef3",
          "index": 8,
          "parentId": "",
          "status": [
            4
          ],
          "target": "bb7c143e6eda6b1c9dbaf936"
        },
        {
          "conditionType": "Quest",
          "dynamicLocale": false,
          "globalQuestCounterId": "",
          "id": "8ba2f9b81b4fbb7aec71c0eb",
          "index": 9,
          "parentId": "",
          "status": [
            4
          ],
          "target": "1eea8b20cceabe726f3611dd"
        },
        {
          "conditionType": "Quest",
          "dynamicLocale": false,
          "globalQuestCounterId": "",
          "id": "47fcecf6bcecab7df1af25cf",
          "index": 10,
          "parentId": "",
          "status": [
            4
          ],
          "target": "a577e3af9e482a767bfac7c5"
        },
        {
          "conditionType": "Quest",
          "dynamicLocale": false,
          "globalQuestCounterId": "",
          "id": "ad8d0426bde8cfdfbebfa8de",
          "index": 11,
          "parentId": "",
          "status": [
            4
          ],
          "target": "fefa5c9a7dbbb6842edd1f72"
        },
        {
          "conditionType": "Quest",
          "dynamicLocale": false,
          "globalQuestCounterId": "",
          "id": "cceb6b4fce3cc52cefca2df8",
          "index": 12,
          "parentId": "",
          "status": [
            4
          ],
          "target": "d89e0690acf170ad63eba0ee"
        },
        {
          "conditionType": "Quest",
          "dynamicLocale": false,
          "globalQuestCounterId": "",
          "id": "efabed18b09da8706cc6fbbe",
          "index": 13,
          "parentId": "",
          "status": [
            4
          ],
          "target": "c1ff0ee7f3499ad38f3ebd23"
        }
      ],
      "Fail": []
    },
    "declinePlayerMessage": "6cceead0b2bdda4ea67f2832 declinePlayerMessage",
    "description": "6cceead0b2bdda4ea67f2832 description",
    "failMessageText": "6cceead0b2bdda4ea67f2832 failMessageText",
    "image": "/files/quest/icon/5a27cafa86f77424e20615d6.jpg",
    "instantComplete": false,
    "isKey": false,
    "location": "55f2d3fd4bdc2d5f408b4567",
    "name": "6cceead0b2bdda4ea67f2832 name",
    "note": "6cceead0b2bdda4ea67f2832 note",
    "restartable": false,
    "rewards": {
      "Fail": [],
      "Started": [],
      "Success": [
        {
          "id": "53bd3bb1bea083b58b9d70b4",
          "index": 3,
          "type": "Experience",
          "value": "100000"
        },
        {
          "id": "dfa6d6c8d9aa068baaf34b64",
          "index": 4,
          "items": [
            {
              "_id": "cadec10cc14033023fadd1c0",
              "_tpl": "5449016a4bdc2d6f028b456f",
              "upd": {
                "StackObjectsCount": 1500000
              }
            }
          ],
          "target": "cadec10cc14033023fadd1c0",
          "type": "Item",
          "value": "1500000"
        }
      ]
    },
    "secretQuest": false,
    "side": "Pmc",
    "startedMessageText": "6cceead0b2bdda4ea67f2832 startedMessageText",
    "successMessageText": "6cceead0b2bdda4ea67f2832 successMessageText",
    "traderId": "5a7c2eca46aef81a7ca2145d",
    "type": "Elimination"
  }
}