{
    "items": [
        {
            "_id": "61fcf30f55324313dd16d887",
            "_tpl": "5b86a0e586f7745b600ccb23",
            "upd": {
                "UnlimitedCount": true,
                "StackObjectsCount": 999999999
            }
        },
        {
            "_id": "61fcf30f55324313dd16d889",
            "_tpl": "572b7adb24597762ae139821",
            "upd": {
                "UnlimitedCount": true,
                "StackObjectsCount": 999999999
            }
        },
        {
            "_id": "61fcf30f55324313dd16d8cd",
            "_tpl": "5aa66be6e5b5b0214e506e97",
            "upd": {
                "UnlimitedCount": true,
                "StackObjectsCount": 999999999
            }
        },
        {
            "_id": "61fcf30f55324313dd16d903",
            "_tpl": "5aa66a9be5b5b0214e506e89",
            "upd": {
                "UnlimitedCount": true,
                "StackObjectsCount": 999999999
            }
        },
        {
            "_id": "61fcf31055324313dd16d948",
            "_tpl": "5a1ead28fcdbcb001912fa9f",
            "upd": {
                "UnlimitedCount": true,
                "StackObjectsCount": 999999999
            }
        },
        {
            "_id": "61fcf31055324313dd16d958",
            "_tpl": "5c0e446786f7742013381639",
            "upd": {
                "UnlimitedCount": true,
                "StackObjectsCount": 999999999
            }
        },
        {
            "_id": "61fcf31055324313dd16d993",
            "_tpl": "5c093db286f7740a1b2617e3",
            "upd": {
                "UnlimitedCount": true,
                "StackObjectsCount": 999999999
            }
        },
        {
            "_id": "61fcf31055324313dd16d995",
            "_tpl": "5ab8ee7786f7742d8f33f0b9",
            "upd": {
                "UnlimitedCount": true,
                "StackObjectsCount": 999999999
            }
        },
        {
            "_id": "61fcf31055324313dd16d9a1",
            "_tpl": "56dee2bdd2720bc8328b4567",
            "upd": {
                "UnlimitedCount": true,
                "StackObjectsCount": 999999999
            }
        },
        {
            "_id": "8aaaa56d65c561ccdc5bc2cd",
            "_tpl": "56deec93d2720bec348b4568",
            "parentId": "61fcf31055324313dd16d9a1",
            "slotId": "mod_barrel"
        },
        {
            "_id": "1b20276bd4a96d7a9c34aadd",
            "_tpl": "56deed6ed2720b4c698b4583",
            "parentId": "61fcf31055324313dd16d9a1",
            "slotId": "mod_handguard"
        },
        {
            "_id": "8d496c89d810aeefd9eb3cf9",
            "_tpl": "56deee15d2720bee328b4567",
            "parentId": "61fcf31055324313dd16d9a1",
            "slotId": "mod_magazine"
        },
        {
            "_id": "74a89bccd27afcc08c1bf2ea",
            "_tpl": "56083be64bdc2d20478b456f",
            "parentId": "61fcf31055324313dd16d9a1",
            "slotId": "mod_stock"
        },
        {
            "_id": "61fcf31055324313dd16d9cc",
            "_tpl": "5d1b5e94d7ad1a2b865a96b0",
            "upd": {
                "UnlimitedCount": true,
                "StackObjectsCount": 999999999
            }
        },
        {
            "_id": "61fcf31055324313dd16d9da",
            "_tpl": "5c012ffc0db834001d23f03f",
            "upd": {
                "UnlimitedCount": true,
                "StackObjectsCount": 999999999
            }
        },
        {
            "_id": "61fcf31055324313dd16d9e0",
            "_tpl": "5d235bb686f77443f4331278",
            "upd": {
                "UnlimitedCount": true,
                "StackObjectsCount": 999999999
            }
        },
        {
            "_id": "61fcf31055324313dd16d9ee",
            "_tpl": "5c1127bdd174af44217ab8b9",
            "upd": {
                "UnlimitedCount": true,
                "StackObjectsCount": 999999999
            }
        },
        {
            "_id": "61fcf31055324313dd16d9f2",
            "_tpl": "5c11279ad174af029d64592b",
            "upd": {
                "UnlimitedCount": true,
                "StackObjectsCount": 999999999
            }
        },
        {
            "_id": "61fcf31055324313dd16da26",
            "_tpl": "5d02778e86f774203e7dedbe",
            "upd": {
                "UnlimitedCount": true,
                "StackObjectsCount": 999999999
            }
        },
        {
            "_id": "61fcf31055324313dd16da28",
            "_tpl": "5d1b36a186f7742523398433",
            "upd": {
                "UnlimitedCount": true,
                "StackObjectsCount": 999999999
            }
        },
        {
            "_id": "61fcf31055324313dd16da2a",
            "_tpl": "5c0126f40db834002a125382",
            "upd": {
                "UnlimitedCount": true,
                "StackObjectsCount": 999999999
            }
        },
        {
            "_id": "61fcf31055324313dd16da2c",
            "_tpl": "576165642459773c7a400233",
            "upd": {
                "UnlimitedCount": true,
                "StackObjectsCount": 999999999
            }
        },
        {
            "_id": "ba869d46e46fa3538cabe946",
            "_tpl": "5c90c3622e221601da359851",
            "parentId": "61fcf31055324313dd16da2c",
            "slotId": "mod_mount_000"
        },
        {
            "_id": "beb173330ffd130364c65eef",
            "_tpl": "5d1b5e94d7ad1a2b865a96b0",
            "parentId": "ba869d46e46fa3538cabe946",
            "slotId": "mod_scope"
        },
        {
            "_id": "c9dfface02fbd3fccd6ef1cf",
            "_tpl": "58272b392459774b4c7b3ccd",
            "parentId": "61fcf31055324313dd16da2c",
            "slotId": "mod_handguard"
        },
        {
            "_id": "79e2a8d7a1154221e26789b2",
            "_tpl": "5c1cd46f2e22164bef5cfedb",
            "parentId": "c9dfface02fbd3fccd6ef1cf",
            "slotId": "mod_foregrip"
        },
        {
            "_id": "ab993a9d5f0dea90caaeb5ec",
            "_tpl": "5c5952732e2216398b5abda2",
            "parentId": "c9dfface02fbd3fccd6ef1cf",
            "slotId": "mod_tactical_000"
        },
        {
            "_id": "fdddbedfdcaee9695ebae1cf",
            "_tpl": "5b3a337e5acfc4704b4a19a0",
            "parentId": "c9dfface02fbd3fccd6ef1cf",
            "slotId": "mod_tactical_001"
        },
        {
            "_id": "765cd2a9d3ce3767fdfaf0b0",
            "_tpl": "5b3a337e5acfc4704b4a19a0",
            "parentId": "c9dfface02fbd3fccd6ef1cf",
            "slotId": "mod_tactical_002"
        },
        {
            "_id": "cd3cb35d7e8cafbd3e0fda7c",
            "_tpl": "59c0ec5b86f77435b128bfca",
            "parentId": "61fcf31055324313dd16da2c",
            "slotId": "mod_muzzle"
        },
        {
            "_id": "fcc7dabd9abeec73f094da4c",
            "_tpl": "5947f92f86f77427344a76b1",
            "parentId": "61fcf31055324313dd16da2c",
            "slotId": "mod_pistol_grip"
        },
        {
            "_id": "55a342fcecb0a43eebae3976",
            "_tpl": "57616c112459773cce774d66",
            "parentId": "61fcf31055324313dd16da2c",
            "slotId": "mod_reciever"
        },
        {
            "_id": "afce99cf87ce59bbeaec6a0f",
            "_tpl": "57a9b9ce2459770ee926038d",
            "parentId": "61fcf31055324313dd16da2c",
            "slotId": "mod_sight_rear"
        },
        {
            "_id": "cb91b6ccbcbedfe521edfcee",
            "_tpl": "5cf50fc5d7f00c056c53f83c",
            "parentId": "61fcf31055324313dd16da2c",
            "slotId": "mod_stock"
        },
        {
            "_id": "6d41a2c4b98d25218cebd0ca",
            "_tpl": "58d2946c86f7744e271174b5",
            "parentId": "cb91b6ccbcbedfe521edfcee",
            "slotId": "mod_stock"
        },
        {
            "_id": "e0d123f21d37a53700b4a5ae",
            "_tpl": "58d2912286f7744e27117493",
            "parentId": "6d41a2c4b98d25218cebd0ca",
            "slotId": "mod_stock"
        },
        {
            "_id": "a965c07171eeb848a8b1ef92",
            "_tpl": "5cf8f3b0d7f00c00217872ef",
            "parentId": "61fcf31055324313dd16da2c",
            "slotId": "mod_magazine"
        },
        {
            "_id": "aadaaa5d8fdfe1bd42baeab2",
            "_tpl": "5d6e6891a4b9361bd473feea",
            "parentId": "a965c07171eeb848a8b1ef92",
            "slotId": "cartridges"
        },
        {
            "_id": "aadaaa5d8fdfe1bd42baeab2",
            "_tpl": "5d6e68c4a4b9361b93413f79",
            "parentId": "a965c07171eeb848a8b1ef92",
            "slotId": "cartridges"
        },
        {
            "_id": "aadaaa5d8fdfe1bd42baeab2",
            "_tpl": "5d6e6891a4b9361bd473feea",
            "parentId": "a965c07171eeb848a8b1ef92",
            "slotId": "cartridges"
        },
        {
            "_id": "aadaaa5d8fdfe1bd42baeab2",
            "_tpl": "5d6e68c4a4b9361b93413f79",
            "parentId": "a965c07171eeb848a8b1ef92",
            "slotId": "cartridges"
        },
        {
            "_id": "aadaaa5d8fdfe1bd42baeab2",
            "_tpl": "5d6e6891a4b9361bd473feea",
            "parentId": "a965c07171eeb848a8b1ef92",
            "slotId": "cartridges"
        },
        {
            "_id": "aadaaa5d8fdfe1bd42baeab2",
            "_tpl": "5d6e68c4a4b9361b93413f79",
            "parentId": "a965c07171eeb848a8b1ef92",
            "slotId": "cartridges"
        },
        {
            "_id": "aadaaa5d8fdfe1bd42baeab2",
            "_tpl": "5d6e6891a4b9361bd473feea",
            "parentId": "a965c07171eeb848a8b1ef92",
            "slotId": "cartridges"
        },
        {
            "_id": "aadaaa5d8fdfe1bd42baeab2",
            "_tpl": "5d6e68c4a4b9361b93413f79",
            "parentId": "a965c07171eeb848a8b1ef92",
            "slotId": "cartridges"
        },
        {
            "_id": "aadaaa5d8fdfe1bd42baeab2",
            "_tpl": "5d6e6891a4b9361bd473feea",
            "parentId": "a965c07171eeb848a8b1ef92",
            "slotId": "cartridges"
        },
        {
            "_id": "aadaaa5d8fdfe1bd42baeab2",
            "_tpl": "5d6e68c4a4b9361b93413f79",
            "parentId": "a965c07171eeb848a8b1ef92",
            "slotId": "cartridges"
        },
        {
            "_id": "aadaaa5d8fdfe1bd42baeab2",
            "_tpl": "5d6e6891a4b9361bd473feea",
            "parentId": "a965c07171eeb848a8b1ef92",
            "slotId": "cartridges"
        },
        {
            "_id": "aadaaa5d8fdfe1bd42baeab2",
            "_tpl": "5d6e68c4a4b9361b93413f79",
            "parentId": "a965c07171eeb848a8b1ef92",
            "slotId": "cartridges"
        },
        {
            "_id": "aadaaa5d8fdfe1bd42baeab2",
            "_tpl": "5d6e6891a4b9361bd473feea",
            "parentId": "a965c07171eeb848a8b1ef92",
            "slotId": "cartridges"
        },
        {
            "_id": "aadaaa5d8fdfe1bd42baeab2",
            "_tpl": "5d6e68c4a4b9361b93413f79",
            "parentId": "a965c07171eeb848a8b1ef92",
            "slotId": "cartridges"
        },
        {
            "_id": "aadaaa5d8fdfe1bd42baeab2",
            "_tpl": "5d6e6891a4b9361bd473feea",
            "parentId": "a965c07171eeb848a8b1ef92",
            "slotId": "cartridges"
        },
        {
            "_id": "aadaaa5d8fdfe1bd42baeab2",
            "_tpl": "5d6e68c4a4b9361b93413f79",
            "parentId": "a965c07171eeb848a8b1ef92",
            "slotId": "cartridges"
        },
        {
            "_id": "aadaaa5d8fdfe1bd42baeab2",
            "_tpl": "5d6e6891a4b9361bd473feea",
            "parentId": "a965c07171eeb848a8b1ef92",
            "slotId": "cartridges"
        },
        {
            "_id": "aadaaa5d8fdfe1bd42baeab2",
            "_tpl": "5d6e68c4a4b9361b93413f79",
            "parentId": "a965c07171eeb848a8b1ef92",
            "slotId": "cartridges"
        },
        {
            "_id": "aadaaa5d8fdfe1bd42baeab2",
            "_tpl": "5d6e6891a4b9361bd473feea",
            "parentId": "a965c07171eeb848a8b1ef92",
            "slotId": "cartridges"
        },
        {
            "_id": "aadaaa5d8fdfe1bd42baeab2",
            "_tpl": "5d6e68c4a4b9361b93413f79",
            "parentId": "a965c07171eeb848a8b1ef92",
            "slotId": "cartridges"
        },
        {
            "_id": "61fcf31055324313dd16da51",
            "_tpl": "5448ba0b4bdc2d02308b456c",
            "upd": {
                "UnlimitedCount": true,
                "StackObjectsCount": 999999999
            }
        },
        {
            "_id": "61fcf31055324313dd16da55",
            "_tpl": "5e4abfed86f77406a2713cf7",
            "upd": {
                "UnlimitedCount": true,
                "StackObjectsCount": 999999999
            }
        },
        {
            "_id": "61fcf31055324313dd16da68",
            "_tpl": "5e2af55f86f7746d4159f07c",
            "upd": {
                "UnlimitedCount": true,
                "StackObjectsCount": 999999999
            }
        },
        {
            "_id": "61fcf31055324313dd16da6c",
            "_tpl": "5913915886f774123603c392",
            "upd": {
                "UnlimitedCount": true,
                "StackObjectsCount": 999999999
            }
        },
        {
            "_id": "61fcf31055324313dd16da70",
            "_tpl": "5d95d6fa86f77424484aa5e9",
            "upd": {
                "UnlimitedCount": true,
                "StackObjectsCount": 999999999
            }
        },
        {
            "_id": "61fcf31155324313dd16da9b",
            "_tpl": "55d48a634bdc2d8b2f8b456a",
            "upd": {
                "UnlimitedCount": true,
                "StackObjectsCount": 999999999
            }
        },
        {
            "_id": "61fcf31155324313dd16da9f",
            "_tpl": "57c69dd424597774c03b7bbc",
            "upd": {
                "UnlimitedCount": true,
                "StackObjectsCount": 999999999
            }
        },
        {
            "_id": "61fcf31155324313dd16daa1",
            "_tpl": "59e3577886f774176a362503",
            "upd": {
                "UnlimitedCount": true,
                "StackObjectsCount": 999999999
            }
        },
        {
            "_id": "61fcf31155324313dd16daa3",
            "_tpl": "5780cf7f2459777de4559322",
            "upd": {
                "UnlimitedCount": true,
                "StackObjectsCount": 999999999
            }
        },
        {
            "_id": "61fcf31155324313dd16daa9",
            "_tpl": "5ad7247386f7747487619dc3",
            "upd": {
                "UnlimitedCount": true,
                "StackObjectsCount": 999999999
            }
        },
        {
            "_id": "61fcf31155324313dd16dab5",
            "_tpl": "606f2696f2cb2e02a42aceb1",
            "upd": {
                "UnlimitedCount": true,
                "StackObjectsCount": 999999999
            }
        },
        {
            "_id": "61fcf31155324313dd16dac7",
            "_tpl": "609bab8b455afd752b2e6138",
            "upd": {
                "UnlimitedCount": true,
                "StackObjectsCount": 999999999
            }
        },
        {
            "_id": "61fcf31155324313dd16dacb",
            "_tpl": "59fb023c86f7746d0d4b423c",
            "upd": {
                "UnlimitedCount": true,
                "StackObjectsCount": 999999999
            }
        },
        {
            "_id": "61fcf31155324313dd16dacf",
            "_tpl": "5b6d9ce188a4501afc1b2b25",
            "upd": {
                "UnlimitedCount": true,
                "StackObjectsCount": 999999999
            }
        },
        {
            "_id": "61fcf31155324313dd16dad1",
            "_tpl": "590c657e86f77412b013051d",
            "upd": {
                "UnlimitedCount": true,
                "StackObjectsCount": 999999999
            }
        },
        {
            "_id": "61fcf31155324313dd16dad7",
            "_tpl": "5c501a4d2e221602b412b540",
            "upd": {
                "UnlimitedCount": true,
                "StackObjectsCount": 999999999
            }
        },
        {
            "_id": "61fcf31155324313dd16dad9",
            "_tpl": "5bfea6e90db834001b7347f3",
            "upd": {
                "UnlimitedCount": true,
                "StackObjectsCount": 999999999
            }
        },
        {
            "_id": "a74a49ffd4fc11e873dee40b",
            "_tpl": "5bfea7ad0db834001c38f1ee",
            "parentId": "61fcf31155324313dd16dad9",
            "slotId": "mod_magazine"
        },
        {
            "_id": "ca6f35e0dac5ed4fedba25a4",
            "_tpl": "5bfeb32b0db834001a6694d9",
            "parentId": "61fcf31155324313dd16dad9",
            "slotId": "mod_stock"
        },
        {
            "_id": "c6b6f1c078fee0e64815c7bb",
            "_tpl": "5bfebc320db8340019668d79",
            "parentId": "61fcf31155324313dd16dad9",
            "slotId": "mod_barrel"
        },
        {
            "_id": "61fcf31155324313dd16dade",
            "_tpl": "5c093e3486f77430cb02e593",
            "upd": {
                "UnlimitedCount": true,
                "StackObjectsCount": 999999999
            }
        },
        {
            "_id": "61fcf31155324313dd16dae0",
            "_tpl": "5d02797c86f774203f38e30a",
            "upd": {
                "UnlimitedCount": true,
                "StackObjectsCount": 999999999
            }
        },
        {
            "_id": "61fcf31155324313dd16dae2",
            "_tpl": "5b2388675acfc4771e1be0be",
            "upd": {
                "UnlimitedCount": true,
                "StackObjectsCount": 999999999
            }
        },
        {
            "_id": "61fcf31155324313dd16dae4",
            "_tpl": "5ad5cfbd86f7742c825d6104",
            "upd": {
                "UnlimitedCount": true,
                "StackObjectsCount": 999999999
            }
        }
    ],
    "barter_scheme": {
        "61fcf30f55324313dd16d887": [
            [
                {
                    "count": 2,
                    "_tpl": "590c5d4b86f774784e1b9c45"
                }
            ]
        ],
        "61fcf30f55324313dd16d889": [
            [
                {
                    "count": 1,
                    "_tpl": "544fb6cc4bdc2d34748b456e"
                }
            ]
        ],
        "61fcf30f55324313dd16d8cd": [
            [
                {
                    "count": 1,
                    "_tpl": "5af0561e86f7745f5f3ad6ac"
                },
                {
                    "count": 2,
                    "_tpl": "590a391c86f774385a33c404"
                },
                {
                    "count": 1,
                    "_tpl": "590a3d9c86f774385926e510"
                }
            ]
        ],
        "61fcf30f55324313dd16d903": [
            [
                {
                    "count": 1,
                    "_tpl": "59fafb5d86f774067a6f2084"
                }
            ]
        ],
        "61fcf31055324313dd16d948": [
            [
                {
                    "count": 4,
                    "_tpl": "5672cb304bdc2dc2088b456a"
                }
            ]
        ],
        "61fcf31055324313dd16d958": [
            [
                {
                    "count": 3,
                    "_tpl": "5c13cd2486f774072c757944"
                },
                {
                    "count": 4,
                    "_tpl": "5c13cef886f774072e618e82"
                }
            ]
        ],
        "61fcf31055324313dd16d993": [
            [
                {
                    "count": 10,
                    "_tpl": "5751496424597720a27126da"
                },
                {
                    "count": 5,
                    "_tpl": "57514643245977207f2c2d09"
                },
                {
                    "count": 5,
                    "_tpl": "57347d9c245977448b40fa85"
                },
                {
                    "count": 5,
                    "_tpl": "57347d8724597744596b4e76"
                }
            ]
        ],
        "61fcf31055324313dd16d995": [
            [
                {
                    "count": 1,
                    "_tpl": "5c13cd2486f774072c757944"
                }
            ]
        ],
        "61fcf31055324313dd16d9a1": [
            [
                {
                    "count": 2,
                    "_tpl": "590c311186f77424d1667482"
                },
                {
                    "count": 2,
                    "_tpl": "590c2d8786f774245b1f03f3"
                }
            ]
        ],
        "61fcf31055324313dd16d9cc": [
            [
                {
                    "count": 10,
                    "_tpl": "59e3577886f774176a362503"
                },
                {
                    "count": 6,
                    "_tpl": "5c0fa877d174af02a012e1cf"
                }
            ]
        ],
        "61fcf31055324313dd16d9da": [
            [
                {
                    "count": 5,
                    "_tpl": "57347c93245977448d35f6e3"
                },
                {
                    "count": 5,
                    "_tpl": "5c13cef886f774072e618e82"
                },
                {
                    "count": 2,
                    "_tpl": "59e361e886f774176c10a2a5"
                }
            ]
        ],
        "61fcf31055324313dd16d9e0": [
            [
                {
                    "count": 12,
                    "_tpl": "5c12688486f77426843c7d32"
                },
                {
                    "count": 15,
                    "_tpl": "57347c1124597737fb1379e3"
                },
                {
                    "count": 15,
                    "_tpl": "5734795124597738002c6176"
                },
                {
                    "count": 15,
                    "_tpl": "590c31c586f774245e3141b2"
                }
            ]
        ],
        "61fcf31055324313dd16d9ee": [
            [
                {
                    "count": 1,
                    "_tpl": "575062b524597720a31c09a1"
                }
            ]
        ],
        "61fcf31055324313dd16d9f2": [
            [
                {
                    "count": 2,
                    "_tpl": "57347d5f245977448b40fa81"
                }
            ]
        ],
        "61fcf31055324313dd16da26": [
            [
                {
                    "count": 3,
                    "_tpl": "5d40425986f7743185265461"
                }
            ]
        ],
        "61fcf31055324313dd16da28": [
            [
                {
                    "count": 12,
                    "_tpl": "57347b8b24597737dd42e192"
                },
                {
                    "count": 5,
                    "_tpl": "5e2af2bc86f7746d3f3c33fc"
                }
            ]
        ],
        "61fcf31055324313dd16da2a": [
            [
                {
                    "count": 15,
                    "_tpl": "59fafb5d86f774067a6f2084"
                },
                {
                    "count": 10,
                    "_tpl": "5b43575a86f77424f443fe62"
                },
                {
                    "count": 15,
                    "_tpl": "590a373286f774287540368b"
                }
            ]
        ],
        "61fcf31055324313dd16da2c": [
            [
                {
                    "count": 10,
                    "_tpl": "5bc9c29cd4351e003562b8a3"
                },
                {
                    "count": 10,
                    "_tpl": "5c0fa877d174af02a012e1cf"
                },
                {
                    "count": 10,
                    "_tpl": "57347d8724597744596b4e76"
                }
            ]
        ],
        "61fcf31055324313dd16da51": [
            [
                {
                    "count": 1,
                    "_tpl": "5448ba0b4bdc2d02308b456c"
                },
                {
                    "count": 4,
                    "_tpl": "590c5d4b86f774784e1b9c45"
                },
                {
                    "count": 1,
                    "_tpl": "590c5f0d86f77413997acfab"
                }
            ]
        ],
        "61fcf31055324313dd16da55": [
            [
                {
                    "count": 1,
                    "_tpl": "5e2af2bc86f7746d3f3c33fc"
                }
            ]
        ],
        "61fcf31055324313dd16da68": [
            [
                {
                    "count": 5,
                    "_tpl": "5e2af37686f774755a234b65"
                },
                {
                    "count": 15,
                    "_tpl": "5e2af2bc86f7746d3f3c33fc"
                },
                {
                    "count": 8,
                    "_tpl": "5e2aef7986f7746d3f3c33f5"
                }
            ]
        ],
        "61fcf31055324313dd16da6c": [
            [
                {
                    "count": 2,
                    "_tpl": "590c639286f774151567fa95"
                },
                {
                    "count": 4,
                    "_tpl": "5d40407c86f774318526545a"
                },
                {
                    "count": 2,
                    "_tpl": "57347d7224597744596b4e72"
                }
            ]
        ],
        "61fcf31055324313dd16da70": [
            [
                {
                    "count": 7,
                    "_tpl": "5e2aee0a86f774755a234b62"
                },
                {
                    "count": 10,
                    "_tpl": "5e2aedd986f7746d404f3aa4"
                },
                {
                    "count": 5,
                    "_tpl": "5d4042a986f7743185265463"
                }
            ]
        ],
        "61fcf31155324313dd16da9b": [
            [
                {
                    "count": 1,
                    "_tpl": "57347b8b24597737dd42e192"
                },
                {
                    "count": 1,
                    "_tpl": "573475fb24597737fb1379e1"
                }
            ]
        ],
        "61fcf31155324313dd16da9f": [
            [
                {
                    "count": 1,
                    "_tpl": "5c13cef886f774072e618e82"
                },
                {
                    "count": 1,
                    "_tpl": "59148f8286f7741b951ea113"
                }
            ]
        ],
        "61fcf31155324313dd16daa1": [
            [
                {
                    "count": 5,
                    "_tpl": "5751487e245977207e26a315"
                }
            ]
        ],
        "61fcf31155324313dd16daa3": [
            [
                {
                    "count": 1,
                    "_tpl": "5d80c62a86f7744036212b3f"
                },
                {
                    "count": 1,
                    "_tpl": "5ede7a8229445733cb4c18e2"
                },
                {
                    "count": 1,
                    "_tpl": "5d80c60f86f77440373c4ece"
                }
            ]
        ],
        "61fcf31155324313dd16daa9": [
            [
                {
                    "count": 6,
                    "_tpl": "5c13cef886f774072e618e82"
                },
                {
                    "count": 5,
                    "_tpl": "5e2aef7986f7746d3f3c33f5"
                },
                {
                    "count": 2,
                    "_tpl": "5e2af37686f774755a234b65"
                },
                {
                    "count": 2,
                    "_tpl": "5e2af02c86f7746d420957d4"
                }
            ]
        ],
        "61fcf31155324313dd16dab5": [
            [
                {
                    "count": 2,
                    "_tpl": "5d1b2ffd86f77425243e8d17"
                }
            ]
        ],
        "61fcf31155324313dd16dac7": [
            [
                {
                    "count": 1,
                    "_tpl": "5d1b376e86f774252519444e"
                }
            ]
        ],
        "61fcf31155324313dd16dacb": [
            [
                {
                    "count": 5,
                    "_tpl": "567143bf4bdc2d1a0f8b4567"
                },
                {
                    "count": 5,
                    "_tpl": "5d1b371186f774253763a656"
                }
            ]
        ],
        "61fcf31155324313dd16dacf": [
            [
                {
                    "count": 2,
                    "_tpl": "59fb023c86f7746d0d4b423c"
                },
                {
                    "count": 4,
                    "_tpl": "5aafbde786f774389d0cbc0f"
                },
                {
                    "count": 10,
                    "_tpl": "61bf7b6302b3924be92fa8c3"
                }
            ]
        ],
        "61fcf31155324313dd16dad1": [
            [
                {
                    "count": 1,
                    "_tpl": "59e3647686f774176a362507"
                }
            ]
        ],
        "61fcf31155324313dd16dad7": [
            [
                {
                    "count": 2,
                    "_tpl": "5c501a4d2e221602b412b540"
                }
            ]
        ],
        "61fcf31155324313dd16dad9": [
            [
                {
                    "count": 1,
                    "_tpl": "5bc9b9ecd4351e3bac122519"
                }
            ]
        ],
        "61fcf31155324313dd16dade": [
            [
                {
                    "count": 3,
                    "_tpl": "590c621186f774138d11ea29"
                }
            ]
        ],
        "61fcf31155324313dd16dae0": [
            [
                {
                    "count": 1,
                    "_tpl": "590de7e986f7741b096e5f32"
                }
            ]
        ],
        "61fcf31155324313dd16dae2": [
            [
                {
                    "count": 2,
                    "_tpl": "5d40407c86f774318526545a"
                }
            ]
        ],
        "61fcf31155324313dd16dae4": [
            [
                {
                    "count": 4,
                    "_tpl": "5e2af2bc86f7746d3f3c33fc"
                },
                {
                    "count": 2,
                    "_tpl": "5e2af37686f774755a234b65"
                },
                {
                    "count": 1,
                    "_tpl": "590a373286f774287540368b"
                }
            ]
        ]
    },
    "loyal_level_items": {
        "61fcf30f55324313dd16d887": 3,
        "61fcf30f55324313dd16d889": 1,
        "61fcf30f55324313dd16d8cd": 2,
        "61fcf30f55324313dd16d903": 2,
        "61fcf31055324313dd16d948": 2,
        "61fcf31055324313dd16d958": 2,
        "61fcf31055324313dd16d993": 2,
        "61fcf31055324313dd16d995": 1,
        "61fcf31055324313dd16d9a1": 1,
        "61fcf31055324313dd16d9cc": 3,
        "61fcf31055324313dd16d9da": 3,
        "61fcf31055324313dd16d9e0": 4,
        "61fcf31055324313dd16d9ee": 4,
        "61fcf31055324313dd16d9f2": 4,
        "61fcf31055324313dd16da26": 1,
        "61fcf31055324313dd16da28": 1,
        "61fcf31055324313dd16da2a": 3,
        "61fcf31055324313dd16da2c": 3,
        "61fcf31055324313dd16da51": 2,
        "61fcf31055324313dd16da55": 2,
        "61fcf31055324313dd16da68": 3,
        "61fcf31055324313dd16da6c": 2,
        "61fcf31055324313dd16da70": 4,
        "61fcf31155324313dd16da9b": 1,
        "61fcf31155324313dd16da9f": 1,
        "61fcf31155324313dd16daa1": 2,
        "61fcf31155324313dd16daa3": 3,
        "61fcf31155324313dd16daa9": 3,
        "61fcf31155324313dd16dab5": 4,
        "61fcf31155324313dd16dac7": 3,
        "61fcf31155324313dd16dacb": 4,
        "61fcf31155324313dd16dacf": 4,
        "61fcf31155324313dd16dad1": 2,
        "61fcf31155324313dd16dad7": 1,
        "61fcf31155324313dd16dad9": 2,
        "61fcf31155324313dd16dade": 1,
        "61fcf31155324313dd16dae0": 2,
        "61fcf31155324313dd16dae2": 1,
        "61fcf31155324313dd16dae4": 3
    }
}