{
  "d57fae8adeed328b526cf4d4": {
    "QuestName": "[Mec] Headless PMC: Headshot 1 PMC(s) at Factory",
    "_id": "d57fae8adeed328b526cf4d4",
    "acceptPlayerMessage": "d57fae8adeed328b526cf4d4 acceptPlayerMessage",
    "canShowNotificationsInGame": true,
    "changeQuestMessageText": "d57fae8adeed328b526cf4d4 changeQuestMessageText",
    "completePlayerMessage": "d57fae8adeed328b526cf4d4 completePlayerMessage",
    "conditions": {
      "AvailableForFinish": [
        {
          "conditionType": "CounterCreator",
          "counter": {
            "conditions": [
              {
                "bodyPart": [
                  "Head"
                ],
                "compareMethod": ">=",
                "conditionType": "Kills",
                "id": "a291d3c688e00aee56ced0ff",
                "target": "AnyPmc",
                "value": "1"
              },
              {
                "conditionType": "Location",
                "id": "e4966c3eb349e6c0fd5ab1de",
                "target": [
                  "factory4_day",
                  "factory4_night"
                ]
              }
            ],
            "id": "8ac396a2aecbb0295cb5ca7c"
          },
          "doNotResetIfCounterCompleted": false,
          "dynamicLocale": false,
          "globalQuestCounterId": "",
          "id": "c1c8682bfcbea5aac33739ae",
          "index": 0,
          "oneSessionOnly": false,
          "parentId": "",
          "type": "Elimination",
          "value": "1",
          "visibilityConditions": []
        }
      ],
      "AvailableForStart": [],
      "Fail": []
    },
    "declinePlayerMessage": "d57fae8adeed328b526cf4d4 declinePlayerMessage",
    "description": "d57fae8adeed328b526cf4d4 description",
    "failMessageText": "d57fae8adeed328b526cf4d4 failMessageText",
    "image": "/files/quest/icon/5a27cafa86f77424e20615d6.jpg",
    "instantComplete": false,
    "isKey": false,
    "location": "55f2d3fd4bdc2d5f408b4567",
    "name": "d57fae8adeed328b526cf4d4 name",
    "note": "d57fae8adeed328b526cf4d4 note",
    "restartable": false,
    "rewards": {
      "Fail": [],
      "Started": [],
      "Success": [
        {
          "id": "fbb2ff0d88b5d51fc8c53c4d",
          "index": 3,
          "type": "Experience",
          "value": "200"
        },
        {
          "id": "6caf1f1dfa7194c2c4dd4d3e",
          "index": 4,
          "items": [
            {
              "_id": "85caeaf7aa2b0c3b21cad1f4",
              "_tpl": "5449016a4bdc2d6f028b456f",
              "upd": {
                "StackObjectsCount": 3000
              }
            }
          ],
          "target": "85caeaf7aa2b0c3b21cad1f4",
          "type": "Item",
          "value": "3000"
        }
      ]
    },
    "secretQuest": false,
    "side": "Pmc",
    "startedMessageText": "d57fae8adeed328b526cf4d4 startedMessageText",
    "successMessageText": "d57fae8adeed328b526cf4d4 successMessageText",
    "traderId": "5a7c2eca46aef81a7ca2145d",
    "type": "Elimination"
  },
  "8ee8a2e4fe9b14685bcea70d": {
    "QuestName": "[Mec] Headless PMC: Headshot 2 PMC(s) at Factory",
    "_id": "8ee8a2e4fe9b14685bcea70d",
    "acceptPlayerMessage": "8ee8a2e4fe9b14685bcea70d acceptPlayerMessage",
    "canShowNotificationsInGame": true,
    "changeQuestMessageText": "8ee8a2e4fe9b14685bcea70d changeQuestMessageText",
    "completePlayerMessage": "8ee8a2e4fe9b14685bcea70d completePlayerMessage",
    "conditions": {
      "AvailableForFinish": [
        {
          "conditionType": "CounterCreator",
          "counter": {
            "conditions": [
              {
                "bodyPart": [
                  "Head"
                ],
                "compareMethod": ">=",
                "conditionType": "Kills",
                "id": "b6ba614da5fe0c6f4faa6e04",
                "target": "AnyPmc",
                "value": "1"
              },
              {
                "conditionType": "Location",
                "id": "714f5df83a5d03f5e7536db4",
                "target": [
                  "factory4_day",
                  "factory4_night"
                ]
              }
            ],
            "id": "61cdeb8820fe14f8cbbebf07"
          },
          "doNotResetIfCounterCompleted": false,
          "dynamicLocale": false,
          "globalQuestCounterId": "",
          "id": "fbc13becfd6dc9ed81c3ed35",
          "index": 0,
          "oneSessionOnly": false,
          "parentId": "",
          "type": "Elimination",
          "value": "2",
          "visibilityConditions": []
        }
      ],
      "AvailableForStart": [
        {
          "conditionType": "Quest",
          "dynamicLocale": false,
          "globalQuestCounterId": "",
          "id": "cb6db3e1dee934ed587ccd8e",
          "index": 6,
          "parentId": "",
          "status": [
            4
          ],
          "target": "d57fae8adeed328b526cf4d4"
        }
      ],
      "Fail": []
    },
    "declinePlayerMessage": "8ee8a2e4fe9b14685bcea70d declinePlayerMessage",
    "description": "8ee8a2e4fe9b14685bcea70d description",
    "failMessageText": "8ee8a2e4fe9b14685bcea70d failMessageText",
    "image": "/files/quest/icon/5a27cafa86f77424e20615d6.jpg",
    "instantComplete": false,
    "isKey": false,
    "location": "55f2d3fd4bdc2d5f408b4567",
    "name": "8ee8a2e4fe9b14685bcea70d name",
    "note": "8ee8a2e4fe9b14685bcea70d note",
    "restartable": false,
    "rewards": {
      "Fail": [],
      "Started": [],
      "Success": [
        {
          "id": "d1303e6ef8f477e3e7161fa4",
          "index": 3,
          "type": "Experience",
          "value": "400"
        },
        {
          "id": "30298c2c0cb6faf12e9dce6d",
          "index": 4,
          "items": [
            {
              "_id": "6dec2e80feabc5dacfe24dc3",
              "_tpl": "5449016a4bdc2d6f028b456f",
              "upd": {
                "StackObjectsCount": 6000
              }
            }
          ],
          "target": "6dec2e80feabc5dacfe24dc3",
          "type": "Item",
          "value": "6000"
        }
      ]
    },
    "secretQuest": false,
    "side": "Pmc",
    "startedMessageText": "8ee8a2e4fe9b14685bcea70d startedMessageText",
    "successMessageText": "8ee8a2e4fe9b14685bcea70d successMessageText",
    "traderId": "5a7c2eca46aef81a7ca2145d",
    "type": "Elimination"
  },
  "cb0a828a7150d16bfa4c87ac": {
    "QuestName": "[Mec] Headless PMC: Headshot 5 PMC(s) at Factory",
    "_id": "cb0a828a7150d16bfa4c87ac",
    "acceptPlayerMessage": "cb0a828a7150d16bfa4c87ac acceptPlayerMessage",
    "canShowNotificationsInGame": true,
    "changeQuestMessageText": "cb0a828a7150d16bfa4c87ac changeQuestMessageText",
    "completePlayerMessage": "cb0a828a7150d16bfa4c87ac completePlayerMessage",
    "conditions": {
      "AvailableForFinish": [
        {
          "conditionType": "CounterCreator",
          "counter": {
            "conditions": [
              {
                "bodyPart": [
                  "Head"
                ],
                "compareMethod": ">=",
                "conditionType": "Kills",
                "id": "34c7ecfdce2dae6f1a887c74",
                "target": "AnyPmc",
                "value": "1"
              },
              {
                "conditionType": "Location",
                "id": "aabf3d173add4ea740b25f7d",
                "target": [
                  "factory4_day",
                  "factory4_night"
                ]
              }
            ],
            "id": "ca8dfa9da1df5c5eff06c3e1"
          },
          "doNotResetIfCounterCompleted": false,
          "dynamicLocale": false,
          "globalQuestCounterId": "",
          "id": "bbddc6ba3bb04cb6d8a33c6b",
          "index": 0,
          "oneSessionOnly": false,
          "parentId": "",
          "type": "Elimination",
          "value": "5",
          "visibilityConditions": []
        }
      ],
      "AvailableForStart": [
        {
          "conditionType": "Quest",
          "dynamicLocale": false,
          "globalQuestCounterId": "",
          "id": "f2cdeacb7dcfe0be013fc7d6",
          "index": 6,
          "parentId": "",
          "status": [
            4
          ],
          "target": "de69a6fd0974b4ac2af7eec6"
        },
        {
          "conditionType": "Quest",
          "dynamicLocale": false,
          "globalQuestCounterId": "",
          "id": "a1e935370b3d88529ff434fe",
          "index": 7,
          "parentId": "",
          "status": [
            4
          ],
          "target": "dbaece446cda61ca7da6bb38"
        },
        {
          "conditionType": "Quest",
          "dynamicLocale": false,
          "globalQuestCounterId": "",
          "id": "1ddb4fef871b553be4cecdd2",
          "index": 8,
          "parentId": "",
          "status": [
            4
          ],
          "target": "3b7fbb7ec2bdfd83ea584e31"
        },
        {
          "conditionType": "Quest",
          "dynamicLocale": false,
          "globalQuestCounterId": "",
          "id": "bebcfef05b4ba9c7a41cc278",
          "index": 9,
          "parentId": "",
          "status": [
            4
          ],
          "target": "bd053ed5d7baebfbd21adae6"
        },
        {
          "conditionType": "Quest",
          "dynamicLocale": false,
          "globalQuestCounterId": "",
          "id": "daf9f5446bafaa0224dcabea",
          "index": 10,
          "parentId": "",
          "status": [
            4
          ],
          "target": "ecdaab1ddc9e43cbefebe3dd"
        },
        {
          "conditionType": "Quest",
          "dynamicLocale": false,
          "globalQuestCounterId": "",
          "id": "4c8cd4d5cf8c9fa73f2cc3df",
          "index": 11,
          "parentId": "",
          "status": [
            4
          ],
          "target": "d57fae8adeed328b526cf4d4"
        },
        {
          "conditionType": "Quest",
          "dynamicLocale": false,
          "globalQuestCounterId": "",
          "id": "dac33fb5557eab75bb05f131",
          "index": 12,
          "parentId": "",
          "status": [
            4
          ],
          "target": "d1a6db1ddc6fdbaa45e1a3bb"
        },
        {
          "conditionType": "Quest",
          "dynamicLocale": false,
          "globalQuestCounterId": "",
          "id": "c385ffba94f0ea7c4edbd911",
          "index": 14,
          "parentId": "",
          "status": [
            4
          ],
          "target": "001cabd2971647dd1678075d"
        }
      ],
      "Fail": []
    },
    "declinePlayerMessage": "cb0a828a7150d16bfa4c87ac declinePlayerMessage",
    "description": "cb0a828a7150d16bfa4c87ac description",
    "failMessageText": "cb0a828a7150d16bfa4c87ac failMessageText",
    "image": "/files/quest/icon/5a27cafa86f77424e20615d6.jpg",
    "instantComplete": false,
    "isKey": false,
    "location": "55f2d3fd4bdc2d5f408b4567",
    "name": "cb0a828a7150d16bfa4c87ac name",
    "note": "cb0a828a7150d16bfa4c87ac note",
    "restartable": false,
    "rewards": {
      "Fail": [],
      "Started": [],
      "Success": [
        {
          "id": "ea32b08f07dacf1d7b6bedac",
          "index": 3,
          "type": "Experience",
          "value": "1000"
        },
        {
          "id": "30ffdda89dddaab0a8f4f94b",
          "index": 4,
          "items": [
            {
              "_id": "a244fb3cf1b96c1bffd16a77",
              "_tpl": "5449016a4bdc2d6f028b456f",
              "upd": {
                "StackObjectsCount": 15000
              }
            }
          ],
          "target": "a244fb3cf1b96c1bffd16a77",
          "type": "Item",
          "value": "15000"
        }
      ]
    },
    "secretQuest": false,
    "side": "Pmc",
    "startedMessageText": "cb0a828a7150d16bfa4c87ac startedMessageText",
    "successMessageText": "cb0a828a7150d16bfa4c87ac successMessageText",
    "traderId": "5a7c2eca46aef81a7ca2145d",
    "type": "Elimination"
  },
  "6c63b7a00ac27749b1cccebb": {
    "QuestName": "[Mec] Headless PMC: Headshot 10 PMC(s) at Factory",
    "_id": "6c63b7a00ac27749b1cccebb",
    "acceptPlayerMessage": "6c63b7a00ac27749b1cccebb acceptPlayerMessage",
    "canShowNotificationsInGame": true,
    "changeQuestMessageText": "6c63b7a00ac27749b1cccebb changeQuestMessageText",
    "completePlayerMessage": "6c63b7a00ac27749b1cccebb completePlayerMessage",
    "conditions": {
      "AvailableForFinish": [
        {
          "conditionType": "CounterCreator",
          "counter": {
            "conditions": [
              {
                "bodyPart": [
                  "Head"
                ],
                "compareMethod": ">=",
                "conditionType": "Kills",
                "id": "b7d48b9f5ef71f5259ee6ee9",
                "target": "AnyPmc",
                "value": "1"
              },
              {
                "conditionType": "Location",
                "id": "3f22d9421faaa77f981b8e7d",
                "target": [
                  "factory4_day",
                  "factory4_night"
                ]
              }
            ],
            "id": "9b64d09c5ed6fad7caafeecb"
          },
          "doNotResetIfCounterCompleted": false,
          "dynamicLocale": false,
          "globalQuestCounterId": "",
          "id": "d5882701afebb8ab1fd38bdf",
          "index": 0,
          "oneSessionOnly": false,
          "parentId": "",
          "type": "Elimination",
          "value": "10",
          "visibilityConditions": []
        }
      ],
      "AvailableForStart": [
        {
          "conditionType": "Quest",
          "dynamicLocale": false,
          "globalQuestCounterId": "",
          "id": "60f1bcdace62fbfefddb02fa",
          "index": 6,
          "parentId": "",
          "status": [
            4
          ],
          "target": "fd1c1b2c2c4ff4dac59eeadf"
        },
        {
          "conditionType": "Quest",
          "dynamicLocale": false,
          "globalQuestCounterId": "",
          "id": "7ec5cdba7efd8cda6eaf00f3",
          "index": 7,
          "parentId": "",
          "status": [
            4
          ],
          "target": "aacc6c31f2f18aa0c7b572fe"
        },
        {
          "conditionType": "Quest",
          "dynamicLocale": false,
          "globalQuestCounterId": "",
          "id": "cb9900ce0b7b8bb110b8ca9a",
          "index": 8,
          "parentId": "",
          "status": [
            4
          ],
          "target": "d4ccd01abde07ba5a7a7bf6d"
        },
        {
          "conditionType": "Quest",
          "dynamicLocale": false,
          "globalQuestCounterId": "",
          "id": "dffeec3a245afd8f7ebab564",
          "index": 9,
          "parentId": "",
          "status": [
            4
          ],
          "target": "b3e68adabd6c2132fcec1a2b"
        },
        {
          "conditionType": "Quest",
          "dynamicLocale": false,
          "globalQuestCounterId": "",
          "id": "10ad742e4cdaba8916cfe3b2",
          "index": 10,
          "parentId": "",
          "status": [
            4
          ],
          "target": "65da91e9282ee84fb789b6cf"
        },
        {
          "conditionType": "Quest",
          "dynamicLocale": false,
          "globalQuestCounterId": "",
          "id": "c84e2dbd70656d174aa6de6e",
          "index": 11,
          "parentId": "",
          "status": [
            4
          ],
          "target": "8ee8a2e4fe9b14685bcea70d"
        },
        {
          "conditionType": "Quest",
          "dynamicLocale": false,
          "globalQuestCounterId": "",
          "id": "bcfdc4ad80e8ab2c80f7adfe",
          "index": 12,
          "parentId": "",
          "status": [
            4
          ],
          "target": "f28d474f63ad9c9b1cc74e8e"
        },
        {
          "conditionType": "Quest",
          "dynamicLocale": false,
          "globalQuestCounterId": "",
          "id": "aeabbf29b2de88ebcda62c4e",
          "index": 14,
          "parentId": "",
          "status": [
            4
          ],
          "target": "0d4a9c6c7ab7ceaee14f33fe"
        }
      ],
      "Fail": []
    },
    "declinePlayerMessage": "6c63b7a00ac27749b1cccebb declinePlayerMessage",
    "description": "6c63b7a00ac27749b1cccebb description",
    "failMessageText": "6c63b7a00ac27749b1cccebb failMessageText",
    "image": "/files/quest/icon/5a27cafa86f77424e20615d6.jpg",
    "instantComplete": false,
    "isKey": false,
    "location": "55f2d3fd4bdc2d5f408b4567",
    "name": "6c63b7a00ac27749b1cccebb name",
    "note": "6c63b7a00ac27749b1cccebb note",
    "restartable": false,
    "rewards": {
      "Fail": [],
      "Started": [],
      "Success": [
        {
          "id": "ee98d863ac5a4afbee393ab8",
          "index": 3,
          "type": "Experience",
          "value": "2000"
        },
        {
          "id": "6978c580a3f945d91bda7bd4",
          "index": 4,
          "items": [
            {
              "_id": "8f86ed5b6dce7d5470fae2ce",
              "_tpl": "5449016a4bdc2d6f028b456f",
              "upd": {
                "StackObjectsCount": 30000
              }
            }
          ],
          "target": "8f86ed5b6dce7d5470fae2ce",
          "type": "Item",
          "value": "30000"
        }
      ]
    },
    "secretQuest": false,
    "side": "Pmc",
    "startedMessageText": "6c63b7a00ac27749b1cccebb startedMessageText",
    "successMessageText": "6c63b7a00ac27749b1cccebb successMessageText",
    "traderId": "5a7c2eca46aef81a7ca2145d",
    "type": "Elimination"
  },
  "7b912d288bbc3ad1fda6c52d": {
    "QuestName": "[Mec] Headless PMC: Headshot 15 PMC(s) at Factory",
    "_id": "7b912d288bbc3ad1fda6c52d",
    "acceptPlayerMessage": "7b912d288bbc3ad1fda6c52d acceptPlayerMessage",
    "canShowNotificationsInGame": true,
    "changeQuestMessageText": "7b912d288bbc3ad1fda6c52d changeQuestMessageText",
    "completePlayerMessage": "7b912d288bbc3ad1fda6c52d completePlayerMessage",
    "conditions": {
      "AvailableForFinish": [
        {
          "conditionType": "CounterCreator",
          "counter": {
            "conditions": [
              {
                "bodyPart": [
                  "Head"
                ],
                "compareMethod": ">=",
                "conditionType": "Kills",
                "id": "bdc57e33cae12ef58eead0aa",
                "target": "AnyPmc",
                "value": "1"
              },
              {
                "conditionType": "Location",
                "id": "721a4c9c7faa5a94d8cb9651",
                "target": [
                  "factory4_day",
                  "factory4_night"
                ]
              }
            ],
            "id": "bbbc50ba37cbbdf020110526"
          },
          "doNotResetIfCounterCompleted": false,
          "dynamicLocale": false,
          "globalQuestCounterId": "",
          "id": "f5920a9338bedc420bebb3e7",
          "index": 0,
          "oneSessionOnly": false,
          "parentId": "",
          "type": "Elimination",
          "value": "15",
          "visibilityConditions": []
        }
      ],
      "AvailableForStart": [
        {
          "conditionType": "Quest",
          "dynamicLocale": false,
          "globalQuestCounterId": "",
          "id": "36cfa4337856ac8f270dcef1",
          "index": 6,
          "parentId": "",
          "status": [
            4
          ],
          "target": "e58bc9dc3a34e365f201c0cb"
        },
        {
          "conditionType": "Quest",
          "dynamicLocale": false,
          "globalQuestCounterId": "",
          "id": "bb5d1beee71ff36d5a6bfa48",
          "index": 7,
          "parentId": "",
          "status": [
            4
          ],
          "target": "8ae53ec8e862edf23efd0fc9"
        },
        {
          "conditionType": "Quest",
          "dynamicLocale": false,
          "globalQuestCounterId": "",
          "id": "02dd01d1e0c0add091bcf90c",
          "index": 8,
          "parentId": "",
          "status": [
            4
          ],
          "target": "00b4e1be130e7fb1e4ad7aa5"
        },
        {
          "conditionType": "Quest",
          "dynamicLocale": false,
          "globalQuestCounterId": "",
          "id": "dcfa0a3bbefbe0ceeb409eda",
          "index": 9,
          "parentId": "",
          "status": [
            4
          ],
          "target": "e143fcf9bfebf2a4fb77e89d"
        },
        {
          "conditionType": "Quest",
          "dynamicLocale": false,
          "globalQuestCounterId": "",
          "id": "c2e3fb2ed79d4bcee22781bd",
          "index": 10,
          "parentId": "",
          "status": [
            4
          ],
          "target": "5c8f438bdb169ba3aad274ac"
        },
        {
          "conditionType": "Quest",
          "dynamicLocale": false,
          "globalQuestCounterId": "",
          "id": "a3cde1fc8198e1bbb84ca09d",
          "index": 11,
          "parentId": "",
          "status": [
            4
          ],
          "target": "cb0a828a7150d16bfa4c87ac"
        },
        {
          "conditionType": "Quest",
          "dynamicLocale": false,
          "globalQuestCounterId": "",
          "id": "e2bc26dfd9ceea9bbf39dc2f",
          "index": 12,
          "parentId": "",
          "status": [
            4
          ],
          "target": "9f6baef2a816fbbc9cebadd9"
        },
        {
          "conditionType": "Quest",
          "dynamicLocale": false,
          "globalQuestCounterId": "",
          "id": "6813dcf0fb4cb4e0fcf91435",
          "index": 14,
          "parentId": "",
          "status": [
            4
          ],
          "target": "eea7b71c10fddeeff6babe05"
        }
      ],
      "Fail": []
    },
    "declinePlayerMessage": "7b912d288bbc3ad1fda6c52d declinePlayerMessage",
    "description": "7b912d288bbc3ad1fda6c52d description",
    "failMessageText": "7b912d288bbc3ad1fda6c52d failMessageText",
    "image": "/files/quest/icon/5a27cafa86f77424e20615d6.jpg",
    "instantComplete": false,
    "isKey": false,
    "location": "55f2d3fd4bdc2d5f408b4567",
    "name": "7b912d288bbc3ad1fda6c52d name",
    "note": "7b912d288bbc3ad1fda6c52d note",
    "restartable": false,
    "rewards": {
      "Fail": [],
      "Started": [],
      "Success": [
        {
          "id": "f2e2d4e4dc754cde18ddfbd3",
          "index": 3,
          "type": "Experience",
          "value": "3000"
        },
        {
          "id": "aedb1ed18c2d31deee91f306",
          "index": 4,
          "items": [
            {
              "_id": "c3ceca7ccdeab8ebb0f4be0f",
              "_tpl": "5449016a4bdc2d6f028b456f",
              "upd": {
                "StackObjectsCount": 45000
              }
            }
          ],
          "target": "c3ceca7ccdeab8ebb0f4be0f",
          "type": "Item",
          "value": "45000"
        }
      ]
    },
    "secretQuest": false,
    "side": "Pmc",
    "startedMessageText": "7b912d288bbc3ad1fda6c52d startedMessageText",
    "successMessageText": "7b912d288bbc3ad1fda6c52d successMessageText",
    "traderId": "5a7c2eca46aef81a7ca2145d",
    "type": "Elimination"
  },
  "ba0ecd65ca33eefc7b5b7ecb": {
    "QuestName": "[Mec] Headless PMC: Headshot 20 PMC(s) at Factory",
    "_id": "ba0ecd65ca33eefc7b5b7ecb",
    "acceptPlayerMessage": "ba0ecd65ca33eefc7b5b7ecb acceptPlayerMessage",
    "canShowNotificationsInGame": true,
    "changeQuestMessageText": "ba0ecd65ca33eefc7b5b7ecb changeQuestMessageText",
    "completePlayerMessage": "ba0ecd65ca33eefc7b5b7ecb completePlayerMessage",
    "conditions": {
      "AvailableForFinish": [
        {
          "conditionType": "CounterCreator",
          "counter": {
            "conditions": [
              {
                "bodyPart": [
                  "Head"
                ],
                "compareMethod": ">=",
                "conditionType": "Kills",
                "id": "d320a43631e86c2da4ad4dc9",
                "target": "AnyPmc",
                "value": "1"
              },
              {
                "conditionType": "Location",
                "id": "26b38cccf375b1934c5266ac",
                "target": [
                  "factory4_day",
                  "factory4_night"
                ]
              }
            ],
            "id": "5fdbc9a37edbe1dc50202dc4"
          },
          "doNotResetIfCounterCompleted": false,
          "dynamicLocale": false,
          "globalQuestCounterId": "",
          "id": "d7ccbe234fa28b38febac4ea",
          "index": 0,
          "oneSessionOnly": false,
          "parentId": "",
          "type": "Elimination",
          "value": "20",
          "visibilityConditions": []
        }
      ],
      "AvailableForStart": [
        {
          "conditionType": "Quest",
          "dynamicLocale": false,
          "globalQuestCounterId": "",
          "id": "f31e3c3e246a461d81cf62bb",
          "index": 6,
          "parentId": "",
          "status": [
            4
          ],
          "target": "dd7da554af2e66bcb0ffafa0"
        },
        {
          "conditionType": "Quest",
          "dynamicLocale": false,
          "globalQuestCounterId": "",
          "id": "5f66f94a86c8f67f5e3e5fff",
          "index": 7,
          "parentId": "",
          "status": [
            4
          ],
          "target": "ecad25acd3ca74f3bb67b11d"
        },
        {
          "conditionType": "Quest",
          "dynamicLocale": false,
          "globalQuestCounterId": "",
          "id": "149828b7a8dc69aef92cf002",
          "index": 8,
          "parentId": "",
          "status": [
            4
          ],
          "target": "aa6feaa6aeca74e0fcbef97d"
        },
        {
          "conditionType": "Quest",
          "dynamicLocale": false,
          "globalQuestCounterId": "",
          "id": "9b3bb1c16a6eebef6b1572ed",
          "index": 9,
          "parentId": "",
          "status": [
            4
          ],
          "target": "487df7e87ff76ddfa127a214"
        },
        {
          "conditionType": "Quest",
          "dynamicLocale": false,
          "globalQuestCounterId": "",
          "id": "bd35fc2a2601abadbb93debb",
          "index": 10,
          "parentId": "",
          "status": [
            4
          ],
          "target": "630e2fa1ca7d8e5fe9bbc1d0"
        },
        {
          "conditionType": "Quest",
          "dynamicLocale": false,
          "globalQuestCounterId": "",
          "id": "ec25ab2acbebfef0495c0ffb",
          "index": 11,
          "parentId": "",
          "status": [
            4
          ],
          "target": "6c63b7a00ac27749b1cccebb"
        },
        {
          "conditionType": "Quest",
          "dynamicLocale": false,
          "globalQuestCounterId": "",
          "id": "c3318a29a23bd68fe76fdac8",
          "index": 12,
          "parentId": "",
          "status": [
            4
          ],
          "target": "54dd6dfadb0fa0a1bacb96e2"
        },
        {
          "conditionType": "Quest",
          "dynamicLocale": false,
          "globalQuestCounterId": "",
          "id": "98b3fb602ade844106fffded",
          "index": 14,
          "parentId": "",
          "status": [
            4
          ],
          "target": "e9f2e9b97f0ebbfebe5ecd37"
        }
      ],
      "Fail": []
    },
    "declinePlayerMessage": "ba0ecd65ca33eefc7b5b7ecb declinePlayerMessage",
    "description": "ba0ecd65ca33eefc7b5b7ecb description",
    "failMessageText": "ba0ecd65ca33eefc7b5b7ecb failMessageText",
    "image": "/files/quest/icon/5a27cafa86f77424e20615d6.jpg",
    "instantComplete": false,
    "isKey": false,
    "location": "55f2d3fd4bdc2d5f408b4567",
    "name": "ba0ecd65ca33eefc7b5b7ecb name",
    "note": "ba0ecd65ca33eefc7b5b7ecb note",
    "restartable": false,
    "rewards": {
      "Fail": [],
      "Started": [],
      "Success": [
        {
          "id": "e82bdcc1ea7cf74ad1afb01b",
          "index": 3,
          "type": "Experience",
          "value": "4000"
        },
        {
          "id": "2b235be6d653ffd19de42c8e",
          "index": 4,
          "items": [
            {
              "_id": "a084b91b41ddd1bbbe00bad9",
              "_tpl": "5449016a4bdc2d6f028b456f",
              "upd": {
                "StackObjectsCount": 60000
              }
            }
          ],
          "target": "a084b91b41ddd1bbbe00bad9",
          "type": "Item",
          "value": "60000"
        }
      ]
    },
    "secretQuest": false,
    "side": "Pmc",
    "startedMessageText": "ba0ecd65ca33eefc7b5b7ecb startedMessageText",
    "successMessageText": "ba0ecd65ca33eefc7b5b7ecb successMessageText",
    "traderId": "5a7c2eca46aef81a7ca2145d",
    "type": "Elimination"
  },
  "2e02a55ccfc245f638bc747a": {
    "QuestName": "[Mec] Headless PMC: Headshot 33 PMC(s) at Factory",
    "_id": "2e02a55ccfc245f638bc747a",
    "acceptPlayerMessage": "2e02a55ccfc245f638bc747a acceptPlayerMessage",
    "canShowNotificationsInGame": true,
    "changeQuestMessageText": "2e02a55ccfc245f638bc747a changeQuestMessageText",
    "completePlayerMessage": "2e02a55ccfc245f638bc747a completePlayerMessage",
    "conditions": {
      "AvailableForFinish": [
        {
          "conditionType": "CounterCreator",
          "counter": {
            "conditions": [
              {
                "bodyPart": [
                  "Head"
                ],
                "compareMethod": ">=",
                "conditionType": "Kills",
                "id": "fd6b6f5903b8ee23308f2bb3",
                "target": "AnyPmc",
                "value": "1"
              },
              {
                "conditionType": "Location",
                "id": "707b6fec61ca7b167dfab47c",
                "target": [
                  "factory4_day",
                  "factory4_night"
                ]
              }
            ],
            "id": "e27818f9883300cc3a17b43a"
          },
          "doNotResetIfCounterCompleted": false,
          "dynamicLocale": false,
          "globalQuestCounterId": "",
          "id": "1fac3c1469faca2350cc572f",
          "index": 0,
          "oneSessionOnly": false,
          "parentId": "",
          "type": "Elimination",
          "value": "33",
          "visibilityConditions": []
        }
      ],
      "AvailableForStart": [
        {
          "conditionType": "Quest",
          "dynamicLocale": false,
          "globalQuestCounterId": "",
          "id": "2ed721eac5cac584ccbae3cf",
          "index": 6,
          "parentId": "",
          "status": [
            4
          ],
          "target": "bb17caebc82aa4bafb4bb82a"
        },
        {
          "conditionType": "Quest",
          "dynamicLocale": false,
          "globalQuestCounterId": "",
          "id": "ffa4ca12d5260ee15b9e7cae",
          "index": 7,
          "parentId": "",
          "status": [
            4
          ],
          "target": "51f11faffc86c2cbc61b86fb"
        },
        {
          "conditionType": "Quest",
          "dynamicLocale": false,
          "globalQuestCounterId": "",
          "id": "8ded54dbcb5cd3d36a6f3aff",
          "index": 8,
          "parentId": "",
          "status": [
            4
          ],
          "target": "d8360afae3f98a6bedad874c"
        },
        {
          "conditionType": "Quest",
          "dynamicLocale": false,
          "globalQuestCounterId": "",
          "id": "2677eb0e7536f3deabfab276",
          "index": 9,
          "parentId": "",
          "status": [
            4
          ],
          "target": "c9fab6e8c34b6385e5beccbc"
        },
        {
          "conditionType": "Quest",
          "dynamicLocale": false,
          "globalQuestCounterId": "",
          "id": "ff0bb3292adb3c65f27f453a",
          "index": 10,
          "parentId": "",
          "status": [
            4
          ],
          "target": "bdfec574f3a96e204fa4ced8"
        },
        {
          "conditionType": "Quest",
          "dynamicLocale": false,
          "globalQuestCounterId": "",
          "id": "edddeb6db0997aad785fcb4b",
          "index": 11,
          "parentId": "",
          "status": [
            4
          ],
          "target": "7b912d288bbc3ad1fda6c52d"
        },
        {
          "conditionType": "Quest",
          "dynamicLocale": false,
          "globalQuestCounterId": "",
          "id": "bd13b3cb2dd1a50df25ea2a9",
          "index": 12,
          "parentId": "",
          "status": [
            4
          ],
          "target": "c1fbabc84ce5a4cd2bf6e074"
        },
        {
          "conditionType": "Quest",
          "dynamicLocale": false,
          "globalQuestCounterId": "",
          "id": "9d777ecd2fea42bc4d307be9",
          "index": 14,
          "parentId": "",
          "status": [
            4
          ],
          "target": "a1b8e7eb93b5c32bccfa56f8"
        }
      ],
      "Fail": []
    },
    "declinePlayerMessage": "2e02a55ccfc245f638bc747a declinePlayerMessage",
    "description": "2e02a55ccfc245f638bc747a description",
    "failMessageText": "2e02a55ccfc245f638bc747a failMessageText",
    "image": "/files/quest/icon/5a27cafa86f77424e20615d6.jpg",
    "instantComplete": false,
    "isKey": false,
    "location": "55f2d3fd4bdc2d5f408b4567",
    "name": "2e02a55ccfc245f638bc747a name",
    "note": "2e02a55ccfc245f638bc747a note",
    "restartable": false,
    "rewards": {
      "Fail": [],
      "Started": [],
      "Success": [
        {
          "id": "dbacadfc487fbfd21b4ec3cb",
          "index": 3,
          "type": "Experience",
          "value": "6600"
        },
        {
          "id": "654ffead3ebbf2270f107dcf",
          "index": 4,
          "items": [
            {
              "_id": "acfa2e20a79e5df868ecbe9c",
              "_tpl": "5449016a4bdc2d6f028b456f",
              "upd": {
                "StackObjectsCount": 99000
              }
            }
          ],
          "target": "acfa2e20a79e5df868ecbe9c",
          "type": "Item",
          "value": "99000"
        }
      ]
    },
    "secretQuest": false,
    "side": "Pmc",
    "startedMessageText": "2e02a55ccfc245f638bc747a startedMessageText",
    "successMessageText": "2e02a55ccfc245f638bc747a successMessageText",
    "traderId": "5a7c2eca46aef81a7ca2145d",
    "type": "Elimination"
  },
  "2ee10ebae10da319f84b1e90": {
    "QuestName": "[Mec] Headless PMC: Headshot 50 PMC(s) at Factory",
    "_id": "2ee10ebae10da319f84b1e90",
    "acceptPlayerMessage": "2ee10ebae10da319f84b1e90 acceptPlayerMessage",
    "canShowNotificationsInGame": true,
    "changeQuestMessageText": "2ee10ebae10da319f84b1e90 changeQuestMessageText",
    "completePlayerMessage": "2ee10ebae10da319f84b1e90 completePlayerMessage",
    "conditions": {
      "AvailableForFinish": [
        {
          "conditionType": "CounterCreator",
          "counter": {
            "conditions": [
              {
                "bodyPart": [
                  "Head"
                ],
                "compareMethod": ">=",
                "conditionType": "Kills",
                "id": "bbd64eb9c68dfc1e41daabd6",
                "target": "AnyPmc",
                "value": "1"
              },
              {
                "conditionType": "Location",
                "id": "f153ccb8af97bfdb5e214de1",
                "target": [
                  "factory4_day",
                  "factory4_night"
                ]
              }
            ],
            "id": "b18dbd4e165dff97c9bdd09f"
          },
          "doNotResetIfCounterCompleted": false,
          "dynamicLocale": false,
          "globalQuestCounterId": "",
          "id": "a8ae2acc136c0aeb8dbb96fe",
          "index": 0,
          "oneSessionOnly": false,
          "parentId": "",
          "type": "Elimination",
          "value": "50",
          "visibilityConditions": []
        }
      ],
      "AvailableForStart": [
        {
          "conditionType": "Quest",
          "dynamicLocale": false,
          "globalQuestCounterId": "",
          "id": "9be3135f3f5eff3fda324123",
          "index": 6,
          "parentId": "",
          "status": [
            4
          ],
          "target": "bf6420b8a5b90e7acefae37e"
        },
        {
          "conditionType": "Quest",
          "dynamicLocale": false,
          "globalQuestCounterId": "",
          "id": "cd514ee8ee7e7ac4ffdc1ebe",
          "index": 7,
          "parentId": "",
          "status": [
            4
          ],
          "target": "3f0ad65fb2d6e77ca22f8dcd"
        },
        {
          "conditionType": "Quest",
          "dynamicLocale": false,
          "globalQuestCounterId": "",
          "id": "caea29d63b7af8b5e2da38cf",
          "index": 8,
          "parentId": "",
          "status": [
            4
          ],
          "target": "9fbe426aba4fdf67c1505826"
        },
        {
          "conditionType": "Quest",
          "dynamicLocale": false,
          "globalQuestCounterId": "",
          "id": "ca45dbe41eec12bf08d5b0ce",
          "index": 9,
          "parentId": "",
          "status": [
            4
          ],
          "target": "ea3ef0e63bac6d71fcdd8352"
        },
        {
          "conditionType": "Quest",
          "dynamicLocale": false,
          "globalQuestCounterId": "",
          "id": "a5addc13a88f7bfcca5e3d81",
          "index": 10,
          "parentId": "",
          "status": [
            4
          ],
          "target": "efafbf8dbd3ee45debc0cfbd"
        },
        {
          "conditionType": "Quest",
          "dynamicLocale": false,
          "globalQuestCounterId": "",
          "id": "ddd9e7eb88efcabb9b5d0d7f",
          "index": 11,
          "parentId": "",
          "status": [
            4
          ],
          "target": "ba0ecd65ca33eefc7b5b7ecb"
        },
        {
          "conditionType": "Quest",
          "dynamicLocale": false,
          "globalQuestCounterId": "",
          "id": "1e6f1a8e4babcbda6aadbadd",
          "index": 12,
          "parentId": "",
          "status": [
            4
          ],
          "target": "cbeddf530edce6bcd54b55b9"
        },
        {
          "conditionType": "Quest",
          "dynamicLocale": false,
          "globalQuestCounterId": "",
          "id": "feb5b75e710865b8cdbfef86",
          "index": 14,
          "parentId": "",
          "status": [
            4
          ],
          "target": "cac7d21cafab4503d7e9fadb"
        }
      ],
      "Fail": []
    },
    "declinePlayerMessage": "2ee10ebae10da319f84b1e90 declinePlayerMessage",
    "description": "2ee10ebae10da319f84b1e90 description",
    "failMessageText": "2ee10ebae10da319f84b1e90 failMessageText",
    "image": "/files/quest/icon/5a27cafa86f77424e20615d6.jpg",
    "instantComplete": false,
    "isKey": false,
    "location": "55f2d3fd4bdc2d5f408b4567",
    "name": "2ee10ebae10da319f84b1e90 name",
    "note": "2ee10ebae10da319f84b1e90 note",
    "restartable": false,
    "rewards": {
      "Fail": [],
      "Started": [],
      "Success": [
        {
          "id": "8452ba0b93ff84cbcfeb3563",
          "index": 3,
          "type": "Experience",
          "value": "10000"
        },
        {
          "id": "c46c9c53bcce2a4d92d6dc1d",
          "index": 4,
          "items": [
            {
              "_id": "50ac9a0cf87bef304dfcb6fa",
              "_tpl": "5449016a4bdc2d6f028b456f",
              "upd": {
                "StackObjectsCount": 150000
              }
            }
          ],
          "target": "50ac9a0cf87bef304dfcb6fa",
          "type": "Item",
          "value": "150000"
        }
      ]
    },
    "secretQuest": false,
    "side": "Pmc",
    "startedMessageText": "2ee10ebae10da319f84b1e90 startedMessageText",
    "successMessageText": "2ee10ebae10da319f84b1e90 successMessageText",
    "traderId": "5a7c2eca46aef81a7ca2145d",
    "type": "Elimination"
  },
  "e34fc139d66c1e69fa1db6b4": {
    "QuestName": "[Mec] Headless PMC: Headshot 100 PMC(s) at Factory",
    "_id": "e34fc139d66c1e69fa1db6b4",
    "acceptPlayerMessage": "e34fc139d66c1e69fa1db6b4 acceptPlayerMessage",
    "canShowNotificationsInGame": true,
    "changeQuestMessageText": "e34fc139d66c1e69fa1db6b4 changeQuestMessageText",
    "completePlayerMessage": "e34fc139d66c1e69fa1db6b4 completePlayerMessage",
    "conditions": {
      "AvailableForFinish": [
        {
          "conditionType": "CounterCreator",
          "counter": {
            "conditions": [
              {
                "bodyPart": [
                  "Head"
                ],
                "compareMethod": ">=",
                "conditionType": "Kills",
                "id": "9e6c6ef7001c8a913bfa43f6",
                "target": "AnyPmc",
                "value": "1"
              },
              {
                "conditionType": "Location",
                "id": "194decd7cbd7b3e8b9c35447",
                "target": [
                  "factory4_day",
                  "factory4_night"
                ]
              }
            ],
            "id": "ea71afef5c6a24fce305ec02"
          },
          "doNotResetIfCounterCompleted": false,
          "dynamicLocale": false,
          "globalQuestCounterId": "",
          "id": "d6f9cfd8eacbccf6de3b75ca",
          "index": 0,
          "oneSessionOnly": false,
          "parentId": "",
          "type": "Elimination",
          "value": "100",
          "visibilityConditions": []
        }
      ],
      "AvailableForStart": [
        {
          "conditionType": "Quest",
          "dynamicLocale": false,
          "globalQuestCounterId": "",
          "id": "70fc3573039703b0cb13b4f1",
          "index": 6,
          "parentId": "",
          "status": [
            4
          ],
          "target": "bffa2b03aaedcefc2731adff"
        },
        {
          "conditionType": "Quest",
          "dynamicLocale": false,
          "globalQuestCounterId": "",
          "id": "fbbe0aadb4a3facf478d6d16",
          "index": 7,
          "parentId": "",
          "status": [
            4
          ],
          "target": "ffec1451bccc7f3dd1adeb1e"
        },
        {
          "conditionType": "Quest",
          "dynamicLocale": false,
          "globalQuestCounterId": "",
          "id": "a76253dd8df4ab04f3ccfeea",
          "index": 8,
          "parentId": "",
          "status": [
            4
          ],
          "target": "354fe361dbdad7c4a3c82fb9"
        },
        {
          "conditionType": "Quest",
          "dynamicLocale": false,
          "globalQuestCounterId": "",
          "id": "644a77273d4d5b99b1886341",
          "index": 9,
          "parentId": "",
          "status": [
            4
          ],
          "target": "1aa7420f70bc0e6d7c7a8e1d"
        },
        {
          "conditionType": "Quest",
          "dynamicLocale": false,
          "globalQuestCounterId": "",
          "id": "94cd99afcfd9fdd32006cfd5",
          "index": 10,
          "parentId": "",
          "status": [
            4
          ],
          "target": "6b6130fbebdb90cfecac8869"
        },
        {
          "conditionType": "Quest",
          "dynamicLocale": false,
          "globalQuestCounterId": "",
          "id": "cf439538f18cfc4a6eed07ad",
          "index": 11,
          "parentId": "",
          "status": [
            4
          ],
          "target": "2e02a55ccfc245f638bc747a"
        },
        {
          "conditionType": "Quest",
          "dynamicLocale": false,
          "globalQuestCounterId": "",
          "id": "ebdef92f3df88a95fadbb6c9",
          "index": 12,
          "parentId": "",
          "status": [
            4
          ],
          "target": "dd080c46fd0bdd1a89ea55e9"
        },
        {
          "conditionType": "Quest",
          "dynamicLocale": false,
          "globalQuestCounterId": "",
          "id": "3b36fe5d5f0cce0cddbd217e",
          "index": 14,
          "parentId": "",
          "status": [
            4
          ],
          "target": "ad28aea79ffa5e271e6f7a70"
        }
      ],
      "Fail": []
    },
    "declinePlayerMessage": "e34fc139d66c1e69fa1db6b4 declinePlayerMessage",
    "description": "e34fc139d66c1e69fa1db6b4 description",
    "failMessageText": "e34fc139d66c1e69fa1db6b4 failMessageText",
    "image": "/files/quest/icon/5a27cafa86f77424e20615d6.jpg",
    "instantComplete": false,
    "isKey": false,
    "location": "55f2d3fd4bdc2d5f408b4567",
    "name": "e34fc139d66c1e69fa1db6b4 name",
    "note": "e34fc139d66c1e69fa1db6b4 note",
    "restartable": false,
    "rewards": {
      "Fail": [],
      "Started": [],
      "Success": [
        {
          "id": "2fade2879dd5ecb41bf69ed8",
          "index": 3,
          "type": "Experience",
          "value": "20000"
        },
        {
          "id": "c022d2ebcf59e061dd444d4c",
          "index": 4,
          "items": [
            {
              "_id": "d1d399aea8ad2ce2cf2b330b",
              "_tpl": "5449016a4bdc2d6f028b456f",
              "upd": {
                "StackObjectsCount": 300000
              }
            }
          ],
          "target": "d1d399aea8ad2ce2cf2b330b",
          "type": "Item",
          "value": "300000"
        }
      ]
    },
    "secretQuest": false,
    "side": "Pmc",
    "startedMessageText": "e34fc139d66c1e69fa1db6b4 startedMessageText",
    "successMessageText": "e34fc139d66c1e69fa1db6b4 successMessageText",
    "traderId": "5a7c2eca46aef81a7ca2145d",
    "type": "Elimination"
  },
  "c4f9cdbbe7ba87abb87e0dbc": {
    "QuestName": "[Mec] Headless PMC: Headshot 200 PMC(s) at Factory",
    "_id": "c4f9cdbbe7ba87abb87e0dbc",
    "acceptPlayerMessage": "c4f9cdbbe7ba87abb87e0dbc acceptPlayerMessage",
    "canShowNotificationsInGame": true,
    "changeQuestMessageText": "c4f9cdbbe7ba87abb87e0dbc changeQuestMessageText",
    "completePlayerMessage": "c4f9cdbbe7ba87abb87e0dbc completePlayerMessage",
    "conditions": {
      "AvailableForFinish": [
        {
          "conditionType": "CounterCreator",
          "counter": {
            "conditions": [
              {
                "bodyPart": [
                  "Head"
                ],
                "compareMethod": ">=",
                "conditionType": "Kills",
                "id": "43daa616f66fce9a53b882bb",
                "target": "AnyPmc",
                "value": "1"
              },
              {
                "conditionType": "Location",
                "id": "d4dcd923975232ee2f9c81ac",
                "target": [
                  "factory4_day",
                  "factory4_night"
                ]
              }
            ],
            "id": "edff0debde7af9af2e606ed0"
          },
          "doNotResetIfCounterCompleted": false,
          "dynamicLocale": false,
          "globalQuestCounterId": "",
          "id": "d4c93a4d6edc25d9d20bc7a7",
          "index": 0,
          "oneSessionOnly": false,
          "parentId": "",
          "type": "Elimination",
          "value": "200",
          "visibilityConditions": []
        }
      ],
      "AvailableForStart": [
        {
          "conditionType": "Quest",
          "dynamicLocale": false,
          "globalQuestCounterId": "",
          "id": "d642f4eefcccddad25eed7fb",
          "index": 6,
          "parentId": "",
          "status": [
            4
          ],
          "target": "bcfc65bad71e066f12d30bef"
        },
        {
          "conditionType": "Quest",
          "dynamicLocale": false,
          "globalQuestCounterId": "",
          "id": "fdcfc17dd4c31a3fcabda50f",
          "index": 7,
          "parentId": "",
          "status": [
            4
          ],
          "target": "f9e6b867edc9e99f42f42c3e"
        },
        {
          "conditionType": "Quest",
          "dynamicLocale": false,
          "globalQuestCounterId": "",
          "id": "bd34adceb2bdee2ab5d2dd92",
          "index": 8,
          "parentId": "",
          "status": [
            4
          ],
          "target": "6e10a5ad3ceaccffa948b973"
        },
        {
          "conditionType": "Quest",
          "dynamicLocale": false,
          "globalQuestCounterId": "",
          "id": "fbab6cd142c7638b1cf8cdba",
          "index": 9,
          "parentId": "",
          "status": [
            4
          ],
          "target": "a92faac7564a1ba3dbb8ec16"
        },
        {
          "conditionType": "Quest",
          "dynamicLocale": false,
          "globalQuestCounterId": "",
          "id": "bcb9db09b3ee87abc6cacca2",
          "index": 10,
          "parentId": "",
          "status": [
            4
          ],
          "target": "574dcf249cbe8bbbd8cbb841"
        },
        {
          "conditionType": "Quest",
          "dynamicLocale": false,
          "globalQuestCounterId": "",
          "id": "452c9cea9f1eaeef3f3ef9d6",
          "index": 11,
          "parentId": "",
          "status": [
            4
          ],
          "target": "2ee10ebae10da319f84b1e90"
        },
        {
          "conditionType": "Quest",
          "dynamicLocale": false,
          "globalQuestCounterId": "",
          "id": "aa7d5d6d98abd1b93d56a6d3",
          "index": 12,
          "parentId": "",
          "status": [
            4
          ],
          "target": "75cdedffdbb5e2d7bf7fdd82"
        },
        {
          "conditionType": "Quest",
          "dynamicLocale": false,
          "globalQuestCounterId": "",
          "id": "4dea8fda93ee1cba79907c7d",
          "index": 14,
          "parentId": "",
          "status": [
            4
          ],
          "target": "3fda3d07f944dfedee0deceb"
        }
      ],
      "Fail": []
    },
    "declinePlayerMessage": "c4f9cdbbe7ba87abb87e0dbc declinePlayerMessage",
    "description": "c4f9cdbbe7ba87abb87e0dbc description",
    "failMessageText": "c4f9cdbbe7ba87abb87e0dbc failMessageText",
    "image": "/files/quest/icon/5a27cafa86f77424e20615d6.jpg",
    "instantComplete": false,
    "isKey": false,
    "location": "55f2d3fd4bdc2d5f408b4567",
    "name": "c4f9cdbbe7ba87abb87e0dbc name",
    "note": "c4f9cdbbe7ba87abb87e0dbc note",
    "restartable": false,
    "rewards": {
      "Fail": [],
      "Started": [],
      "Success": [
        {
          "id": "924cc203cd6b52aba08ecf60",
          "index": 3,
          "type": "Experience",
          "value": "40000"
        },
        {
          "id": "bf89afbcbb89ac4b7cedda1e",
          "index": 4,
          "items": [
            {
              "_id": "a6fe87d7cef31812d5d24c54",
              "_tpl": "5449016a4bdc2d6f028b456f",
              "upd": {
                "StackObjectsCount": 600000
              }
            }
          ],
          "target": "a6fe87d7cef31812d5d24c54",
          "type": "Item",
          "value": "600000"
        }
      ]
    },
    "secretQuest": false,
    "side": "Pmc",
    "startedMessageText": "c4f9cdbbe7ba87abb87e0dbc startedMessageText",
    "successMessageText": "c4f9cdbbe7ba87abb87e0dbc successMessageText",
    "traderId": "5a7c2eca46aef81a7ca2145d",
    "type": "Elimination"
  }
}