{
    "6765fbd20fdc7eb79b00000f FullName": "неизвестно",
    "6765fbd20fdc7eb79b00000f FirstName": "неизвестно",
    "6765fbd20fdc7eb79b00000f Nickname": "Лаб. крыса",
    "6765fbd20fdc7eb79b00000f Location": "Лаборатория",
    "6765fbd20fdc7eb79b00000f Description": "Занимается Пистолетами, Стимуляторами, Наушниками. Бывший подопытный, ныне ставит свои собственные эксперименты над жалкими двуногими кост¤ными мешками."
}