{
    "items": [
        {
            "_id": "61fcf2270cc96d76dc32df8c",
            "_tpl": "576a581d2459771e7b1bc4f1",
            "upd": {
                "UnlimitedCount": true,
                "StackObjectsCount": 999999999
            }
        },
        {
            "_id": "2bc05dcf3c734badfbacadea",
            "_tpl": "576a5ed62459771e9c2096cb",
            "parentId": "61fcf2270cc96d76dc32df8c",
            "slotId": "mod_magazine"
        },
        {
            "_id": "8651bb2cbdca3d1ad4b8acc0",
            "_tpl": "576a63cd2459771e796e0e11",
            "parentId": "61fcf2270cc96d76dc32df8c",
            "slotId": "mod_pistol_grip"
        },
        {
            "_id": "61fcf2270cc96d76dc32dfad",
            "_tpl": "564ca9df4bdc2d35148b4569",
            "upd": {
                "UnlimitedCount": true,
                "StackObjectsCount": 999999999
            }
        },
        {
            "_id": "61fcf2270cc96d76dc32dfb1",
            "_tpl": "5710c24ad2720bc3458b45a3",
            "upd": {
                "UnlimitedCount": true,
                "StackObjectsCount": 999999999
            }
        },
        {
            "_id": "61fcf2270cc96d76dc32dfc8",
            "_tpl": "55d482194bdc2d1d4e8b456b",
            "upd": {
                "UnlimitedCount": true,
                "StackObjectsCount": 999999999
            }
        },
        {
            "_id": "61fcf2270cc96d76dc32dfd1",
            "_tpl": "57372ac324597767001bc261",
            "upd": {
                "UnlimitedCount": true,
                "StackObjectsCount": 999999999
            }
        },
        {
            "_id": "61fcf2270cc96d76dc32dfd7",
            "_tpl": "5448be9a4bdc2dfd2f8b456a",
            "upd": {
                "UnlimitedCount": true,
                "StackObjectsCount": 999999999
            }
        },
        {
            "_id": "61fcf2270cc96d76dc32dfd9",
            "_tpl": "57838ad32459774a17445cd2",
            "upd": {
                "UnlimitedCount": true,
                "StackObjectsCount": 999999999
            }
        },
        {
            "_id": "e90ec57b37a1a5d25eb9fda5",
            "_tpl": "57838f0b2459774a256959b2",
            "parentId": "61fcf2270cc96d76dc32dfd9",
            "slotId": "mod_magazine"
        },
        {
            "_id": "4e33b873dd2ad7eef0c3efd9",
            "_tpl": "57838c962459774a1651ec63",
            "parentId": "61fcf2270cc96d76dc32dfd9",
            "slotId": "mod_muzzle"
        },
        {
            "_id": "d4b90bab46a86bd25eebeadf",
            "_tpl": "57838e1b2459774a256959b1",
            "parentId": "4e33b873dd2ad7eef0c3efd9",
            "slotId": "mod_sight_rear"
        },
        {
            "_id": "daca724a2a3ecedf6eeedd5f",
            "_tpl": "578395402459774a256959b5",
            "parentId": "61fcf2270cc96d76dc32dfd9",
            "slotId": "mod_reciever"
        },
        {
            "_id": "ce78f0aee71b7db07aac2f4c",
            "_tpl": "578395e82459774a0e553c7b",
            "parentId": "61fcf2270cc96d76dc32dfd9",
            "slotId": "mod_stock"
        },
        {
            "_id": "61fcf2270cc96d76dc32dfe0",
            "_tpl": "57372c89245977685d4159b1",
            "upd": {
                "UnlimitedCount": true,
                "StackObjectsCount": 999999999
            }
        },
        {
            "_id": "61fcf2270cc96d76dc32dfe4",
            "_tpl": "57838ad32459774a17445cd2",
            "upd": {
                "UnlimitedCount": true,
                "StackObjectsCount": 999999999
            }
        },
        {
            "_id": "dda0bdb3c8bb9d0b1d982ecd",
            "_tpl": "57838c962459774a1651ec63",
            "parentId": "61fcf2270cc96d76dc32dfe4",
            "slotId": "mod_muzzle"
        },
        {
            "_id": "e590d730ddbaddf5a2ddcbe7",
            "_tpl": "578395e82459774a0e553c7b",
            "parentId": "61fcf2270cc96d76dc32dfe4",
            "slotId": "mod_stock"
        },
        {
            "_id": "61fcf2270cc96d76dc32e004",
            "_tpl": "5839a40f24597726f856b511",
            "upd": {
                "UnlimitedCount": true,
                "StackObjectsCount": 999999999
            }
        },
        {
            "_id": "3a93f4fad837c0ed4d2ee68d",
            "_tpl": "5649ad3f4bdc2df8348b4585",
            "parentId": "61fcf2270cc96d76dc32e004",
            "slotId": "mod_pistol_grip"
        },
        {
            "_id": "dafcaf75ddddf9d7af8fe4e2",
            "_tpl": "57dc347d245977596754e7a1",
            "parentId": "61fcf2270cc96d76dc32e004",
            "slotId": "mod_stock"
        },
        {
            "_id": "3a352b037c9fdb1e061e91e9",
            "_tpl": "564ca99c4bdc2d16268b4589",
            "parentId": "61fcf2270cc96d76dc32e004",
            "slotId": "mod_magazine"
        },
        {
            "_id": "2c3e9af5a5ab01ecba4d6c49",
            "_tpl": "57ffb0e42459777d047111c5",
            "parentId": "61fcf2270cc96d76dc32e004",
            "slotId": "mod_muzzle"
        },
        {
            "_id": "aab9dbac50cc79abb48bd94a",
            "_tpl": "5839a7742459773cf9693481",
            "parentId": "61fcf2270cc96d76dc32e004",
            "slotId": "mod_reciever"
        },
        {
            "_id": "4d192b716f2b3c6d7fcca0c1",
            "_tpl": "59d36a0086f7747e673f3946",
            "parentId": "61fcf2270cc96d76dc32e004",
            "slotId": "mod_gas_block"
        },
        {
            "_id": "fa550f1a67aa44d251b06fdd",
            "_tpl": "57dc32dc245977596d4ef3d3",
            "parentId": "4d192b716f2b3c6d7fcca0c1",
            "slotId": "mod_handguard"
        },
        {
            "_id": "61fcf2280cc96d76dc32e021",
            "_tpl": "5a17f98cfcdbcb0980087290",
            "upd": {
                "UnlimitedCount": true,
                "StackObjectsCount": 999999999
            }
        },
        {
            "_id": "a2dbd5f0c14f4feb4b290de4",
            "_tpl": "5a17fb03fcdbcbcae668728f",
            "parentId": "61fcf2280cc96d76dc32e021",
            "slotId": "mod_magazine"
        },
        {
            "_id": "b7e5adfc39cc9fb9d24aadf2",
            "_tpl": "5a17fc70fcdbcb0176308b3d",
            "parentId": "61fcf2280cc96d76dc32e021",
            "slotId": "mod_pistol_grip"
        },
        {
            "_id": "ce6e597dd3241afa359e02c7",
            "_tpl": "5aba62f8d8ce87001943946b",
            "parentId": "61fcf2280cc96d76dc32e021",
            "slotId": "mod_sight_front"
        },
        {
            "_id": "56ca4627ebe6554fdaaae1c8",
            "_tpl": "5aba637ad8ce87001773e17f",
            "parentId": "61fcf2280cc96d76dc32e021",
            "slotId": "mod_sight_rear"
        },
        {
            "_id": "61fcf2280cc96d76dc32e036",
            "_tpl": "57f4c844245977379d5c14d1",
            "upd": {
                "UnlimitedCount": true,
                "StackObjectsCount": 999999999
            }
        },
        {
            "_id": "a51cceddcb9d6afb77ec5d78",
            "_tpl": "57d152ec245977144076ccdf",
            "parentId": "61fcf2280cc96d76dc32e036",
            "slotId": "mod_pistol_grip"
        },
        {
            "_id": "da0f39ded3197c36f1facc1f",
            "_tpl": "57d1519e24597714373db79d",
            "parentId": "61fcf2280cc96d76dc32e036",
            "slotId": "mod_magazine"
        },
        {
            "_id": "61fcf2280cc96d76dc32e061",
            "_tpl": "5c1260dc86f7746b106e8748",
            "upd": {
                "UnlimitedCount": true,
                "StackObjectsCount": 999999999
            }
        },
        {
            "_id": "61fcf2280cc96d76dc32e07b",
            "_tpl": "5c12619186f7743f871c8a32",
            "upd": {
                "UnlimitedCount": true,
                "StackObjectsCount": 999999999
            }
        },
        {
            "_id": "61fcf2280cc96d76dc32e08d",
            "_tpl": "5ab8ee7786f7742d8f33f0b9",
            "upd": {
                "UnlimitedCount": true,
                "StackObjectsCount": 999999999
            }
        },
        {
            "_id": "61fcf2280cc96d76dc32e091",
            "_tpl": "5ae08f0a5acfc408fb1398a1",
            "upd": {
                "UnlimitedCount": true,
                "StackObjectsCount": 999999999
            }
        },
        {
            "_id": "eea7d02aedec3ed1a521feb8",
            "_tpl": "5ae0973a5acfc4001562206c",
            "parentId": "61fcf2280cc96d76dc32e091",
            "slotId": "mod_magazine"
        },
        {
            "_id": "c844a0a9be7cf3e168aeebaf",
            "_tpl": "5ae096d95acfc400185c2c81",
            "parentId": "61fcf2280cc96d76dc32e091",
            "slotId": "mod_stock"
        },
        {
            "_id": "6a8bdeb8257beb1fcce9d5e6",
            "_tpl": "5ae09bff5acfc4001562219d",
            "parentId": "61fcf2280cc96d76dc32e091",
            "slotId": "mod_barrel"
        },
        {
            "_id": "12aabf1550d581ab23e35f0f",
            "_tpl": "5ae099875acfc4001714e593",
            "parentId": "6a8bdeb8257beb1fcce9d5e6",
            "slotId": "mod_sight_front"
        },
        {
            "_id": "2ff37ebb3ff56f6fac4eccd1",
            "_tpl": "5ae099925acfc4001a5fc7b3",
            "parentId": "6a8bdeb8257beb1fcce9d5e6",
            "slotId": "mod_sight_rear"
        },
        {
            "_id": "bc6efe1aa8b6c096be779510",
            "_tpl": "5b3f7bf05acfc433000ecf6b",
            "parentId": "61fcf2280cc96d76dc32e091",
            "slotId": "mod_mount"
        },
        {
            "_id": "9a2feaadab90a4f1b772bba2",
            "_tpl": "5b3f7c005acfc4704b4a1de8",
            "parentId": "bc6efe1aa8b6c096be779510",
            "slotId": "mod_mount"
        },
        {
            "_id": "c7989f8370e756a75a0facf6",
            "_tpl": "5b3f7c1c5acfc40dc5296b1d",
            "parentId": "9a2feaadab90a4f1b772bba2",
            "slotId": "mod_scope"
        },
        {
            "_id": "61fcf2280cc96d76dc32e0a9",
            "_tpl": "5bead2e00db834001c062938",
            "upd": {
                "UnlimitedCount": true,
                "StackObjectsCount": 999999999
            }
        },
        {
            "_id": "61fcf2280cc96d76dc32e0ab",
            "_tpl": "57d1519e24597714373db79d",
            "upd": {
                "UnlimitedCount": true,
                "StackObjectsCount": 999999999
            }
        },
        {
            "_id": "61fcf2280cc96d76dc32e0b7",
            "_tpl": "5448bd6b4bdc2dfc2f8b4569",
            "upd": {
                "UnlimitedCount": true,
                "StackObjectsCount": 999999999
            }
        },
        {
            "_id": "f6a39d8070ef431fc37b9463",
            "_tpl": "5448c12b4bdc2d02308b456f",
            "parentId": "61fcf2280cc96d76dc32e0b7",
            "slotId": "mod_magazine"
        },
        {
            "_id": "61fcf2280cc96d76dc32e0ba",
            "_tpl": "5df8a4d786f77412672a1e3b",
            "upd": {
                "UnlimitedCount": true,
                "StackObjectsCount": 999999999
            }
        },
        {
            "_id": "61fcf2280cc96d76dc32e0fa",
            "_tpl": "55801eed4bdc2d89578b4588",
            "upd": {
                "UnlimitedCount": true,
                "StackObjectsCount": 999999999
            }
        },
        {
            "_id": "5fdd18ce2accba0d7cef8e0e",
            "_tpl": "559ba5b34bdc2d1f1a8b4582",
            "parentId": "61fcf2280cc96d76dc32e0fa",
            "slotId": "mod_magazine"
        },
        {
            "_id": "ac8d2d3fcdf15e658fed6ede",
            "_tpl": "56083e1b4bdc2dc8488b4572",
            "parentId": "61fcf2280cc96d76dc32e0fa",
            "slotId": "mod_sight_rear"
        },
        {
            "_id": "2f20cc70c3da90feb21b753f",
            "_tpl": "56083eab4bdc2d26448b456a",
            "parentId": "61fcf2280cc96d76dc32e0fa",
            "slotId": "mod_tactical"
        },
        {
            "_id": "2c554ac82b9fc0ed99f30ae2",
            "_tpl": "560e620e4bdc2d724b8b456b",
            "parentId": "61fcf2280cc96d76dc32e0fa",
            "slotId": "mod_muzzle"
        },
        {
            "_id": "86fdac17cc9cd7ba370f731d",
            "_tpl": "56ea8222d2720b69698b4567",
            "parentId": "61fcf2280cc96d76dc32e0fa",
            "slotId": "mod_bipod"
        },
        {
            "_id": "61fcf2280cc96d76dc32e101",
            "_tpl": "5bffdc370db834001d23eca8",
            "upd": {
                "UnlimitedCount": true,
                "StackObjectsCount": 999999999
            }
        },
        {
            "_id": "61fcf2280cc96d76dc32e105",
            "_tpl": "57372bd3245977670b7cd243",
            "upd": {
                "UnlimitedCount": true,
                "StackObjectsCount": 999999999
            }
        },
        {
            "_id": "61fcf2280cc96d76dc32e155",
            "_tpl": "618a431df1eb8e24b8741deb",
            "upd": {
                "UnlimitedCount": true,
                "StackObjectsCount": 999999999
            }
        },
        {
            "_id": "61fcf2280cc96d76dc32e159",
            "_tpl": "576fd4ec2459777f0b518431",
            "upd": {
                "UnlimitedCount": true,
                "StackObjectsCount": 999999999
            }
        },
        {
            "_id": "61fcf2280cc96d76dc32e179",
            "_tpl": "617fd91e5539a84ec44ce155",
            "upd": {
                "UnlimitedCount": true,
                "StackObjectsCount": 999999999
            }
        },
        {
            "_id": "61fcf2280cc96d76dc32e199",
            "_tpl": "59f98b4986f7746f546d2cef",
            "upd": {
                "UnlimitedCount": true,
                "StackObjectsCount": 999999999
            }
        },
        {
            "_id": "f3efe2b24092ba7dbef93d5f",
            "_tpl": "59f99a7d86f7745b134aa97b",
            "parentId": "61fcf2280cc96d76dc32e199",
            "slotId": "mod_magazine"
        },
        {
            "_id": "61fcf2280cc96d76dc32e1ac",
            "_tpl": "5644bd2b4bdc2d3b4c8b4572",
            "upd": {
                "UnlimitedCount": true,
                "StackObjectsCount": 999999999
            }
        },
        {
            "_id": "c19ec87cd1f0cb470df48fae",
            "_tpl": "59c6633186f7740cf0493bb9",
            "parentId": "61fcf2280cc96d76dc32e1ac",
            "slotId": "mod_gas_block"
        },
        {
            "_id": "d7e29958baf5a930cebd9fd1",
            "_tpl": "5648b1504bdc2d9d488b4584",
            "parentId": "c19ec87cd1f0cb470df48fae",
            "slotId": "mod_handguard"
        },
        {
            "_id": "a4f7af7b7310e5aebb75b8e6",
            "_tpl": "5649aa744bdc2ded0b8b457e",
            "parentId": "61fcf2280cc96d76dc32e1ac",
            "slotId": "mod_muzzle"
        },
        {
            "_id": "4f46fc529b7a904eaabefb0e",
            "_tpl": "5649ade84bdc2d1b2b8b4587",
            "parentId": "61fcf2280cc96d76dc32e1ac",
            "slotId": "mod_pistol_grip"
        },
        {
            "_id": "ceebccdf8dc9dff188e6bdd8",
            "_tpl": "5649af094bdc2df8348b4586",
            "parentId": "61fcf2280cc96d76dc32e1ac",
            "slotId": "mod_reciever"
        },
        {
            "_id": "d6af8c6eb343feaed53f5535",
            "_tpl": "5649b0544bdc2d1b2b8b458a",
            "parentId": "61fcf2280cc96d76dc32e1ac",
            "slotId": "mod_sight_rear"
        },
        {
            "_id": "0b70bc337b95f1f248351c41",
            "_tpl": "5649b0fc4bdc2d17108b4588",
            "parentId": "61fcf2280cc96d76dc32e1ac",
            "slotId": "mod_stock"
        },
        {
            "_id": "d6bd7e7fef8c6c41bada1cbe",
            "_tpl": "55d480c04bdc2d1d4e8b456a",
            "parentId": "61fcf2280cc96d76dc32e1ac",
            "slotId": "mod_magazine"
        },
        {
            "_id": "f1fd296fadba5fbeeeda1cc8",
            "_tpl": "56dff3afd2720bba668b4567",
            "parentId": "d6bd7e7fef8c6c41bada1cbe",
            "slotId": "cartridges"
        },
        {
            "_id": "61fcf2280cc96d76dc32e1c1",
            "_tpl": "5a9e81fba2750c00164f6b11",
            "upd": {
                "UnlimitedCount": true,
                "StackObjectsCount": 999999999
            }
        },
        {
            "_id": "61fcf2280cc96d76dc32e1c9",
            "_tpl": "5bed625c0db834001c062946",
            "upd": {
                "UnlimitedCount": true,
                "StackObjectsCount": 999999999
            }
        },
        {
            "_id": "61fcf2290cc96d76dc32e1d3",
            "_tpl": "57372c89245977685d4159b1",
            "upd": {
                "UnlimitedCount": true,
                "StackObjectsCount": 999999999
            }
        },
        {
            "_id": "61fcf2290cc96d76dc32e1ec",
            "_tpl": "5beed0f50db834001c062b12",
            "upd": {
                "UnlimitedCount": true,
                "StackObjectsCount": 999999999
            }
        },
        {
            "_id": "a7dbb5f9c4a4b34cedbdabbc",
            "_tpl": "5beec8ea0db834001a6f9dbf",
            "parentId": "61fcf2290cc96d76dc32e1ec",
            "slotId": "mod_pistol_grip"
        },
        {
            "_id": "df75f04915c08ba3a4bf804a",
            "_tpl": "5beec91a0db834001961942d",
            "parentId": "61fcf2290cc96d76dc32e1ec",
            "slotId": "mod_reciever"
        },
        {
            "_id": "6382fb4ef9df4eca183f046a",
            "_tpl": "5beec9450db83400970084fd",
            "parentId": "df75f04915c08ba3a4bf804a",
            "slotId": "mod_sight_rear"
        },
        {
            "_id": "b8a80f46c676daf438ce2dc6",
            "_tpl": "5bf3f59f0db834001a6fa060",
            "parentId": "6382fb4ef9df4eca183f046a",
            "slotId": "mod_sight_rear"
        },
        {
            "_id": "6e527f3fd22d7e8eed02ddbd",
            "_tpl": "5bed625c0db834001c062946",
            "parentId": "61fcf2290cc96d76dc32e1ec",
            "slotId": "mod_magazine"
        },
        {
            "_id": "5a913aee936b6a45bbcc2caa",
            "_tpl": "5beec8b20db834001961942a",
            "parentId": "61fcf2290cc96d76dc32e1ec",
            "slotId": "mod_stock_001"
        },
        {
            "_id": "99f54d0cc5bacfdc7a86ff98",
            "_tpl": "5beec8c20db834001d2c465c",
            "parentId": "5a913aee936b6a45bbcc2caa",
            "slotId": "mod_stock"
        },
        {
            "_id": "0b006bb0ab0d9ceaac73fee4",
            "_tpl": "5beec3e30db8340019619424",
            "parentId": "61fcf2290cc96d76dc32e1ec",
            "slotId": "mod_handguard"
        },
        {
            "_id": "0cc7c103ecffbbbf3dfd13fa",
            "_tpl": "5beecbb80db834001d2c465e",
            "parentId": "0b006bb0ab0d9ceaac73fee4",
            "slotId": "mod_mount_000"
        },
        {
            "_id": "6d67006aa67f1f91f9afcfa3",
            "_tpl": "5beecbb80db834001d2c465e",
            "parentId": "0b006bb0ab0d9ceaac73fee4",
            "slotId": "mod_mount_001"
        },
        {
            "_id": "8ffbc80bf9b6fffe9ab9e75d",
            "_tpl": "5beec1bd0db834001e6006f3",
            "parentId": "61fcf2290cc96d76dc32e1ec",
            "slotId": "mod_barrel"
        },
        {
            "_id": "85b3aafcfcb8b3f0b5af5fce",
            "_tpl": "5beec3420db834001b095429",
            "parentId": "8ffbc80bf9b6fffe9ab9e75d",
            "slotId": "mod_muzzle"
        },
        {
            "_id": "61fcf2290cc96d76dc32e223",
            "_tpl": "59d6088586f774275f37482f",
            "upd": {
                "UnlimitedCount": true,
                "StackObjectsCount": 999999999
            }
        },
        {
            "_id": "75d65ea4c2aeeb173afdaebc",
            "_tpl": "59d64ec286f774171d1e0a42",
            "parentId": "61fcf2290cc96d76dc32e223",
            "slotId": "mod_gas_block"
        },
        {
            "_id": "cfa20dae720dbe9f1fe7ea93",
            "_tpl": "59d64f2f86f77417193ef8b3",
            "parentId": "75d65ea4c2aeeb173afdaebc",
            "slotId": "mod_handguard"
        },
        {
            "_id": "6c760edfd4ce263f583efc11",
            "_tpl": "59d64fc686f774171b243fe2",
            "parentId": "61fcf2290cc96d76dc32e223",
            "slotId": "mod_muzzle"
        },
        {
            "_id": "daaaa33bb8eaefd9abd8a4a2",
            "_tpl": "59e62cc886f77440d40b52a1",
            "parentId": "61fcf2290cc96d76dc32e223",
            "slotId": "mod_pistol_grip"
        },
        {
            "_id": "0fe5989058b7cff98bb4ee74",
            "_tpl": "59d6507c86f7741b846413a2",
            "parentId": "61fcf2290cc96d76dc32e223",
            "slotId": "mod_reciever"
        },
        {
            "_id": "02efa015f723ec45afe1da3f",
            "_tpl": "59d650cf86f7741b846413a4",
            "parentId": "61fcf2290cc96d76dc32e223",
            "slotId": "mod_sight_rear"
        },
        {
            "_id": "5ef5fa36eef6aadbeca2adbe",
            "_tpl": "59d6514b86f774171a068a08",
            "parentId": "61fcf2290cc96d76dc32e223",
            "slotId": "mod_stock"
        },
        {
            "_id": "d2afedb4a99bb3ef0bc5b646",
            "_tpl": "59d625f086f774661516605d",
            "parentId": "61fcf2290cc96d76dc32e223",
            "slotId": "mod_magazine"
        },
        {
            "_id": "61fcf2290cc96d76dc32e253",
            "_tpl": "5cadfbf7ae92152ac412eeef",
            "upd": {
                "UnlimitedCount": true,
                "StackObjectsCount": 999999999
            }
        },
        {
            "_id": "ba6f7dec4ee712ca1d5b152f",
            "_tpl": "5caf187cae92157c28402e43",
            "parentId": "61fcf2290cc96d76dc32e253",
            "slotId": "mod_muzzle"
        },
        {
            "_id": "e9e6a3fe4c01ad5694ab9f62",
            "_tpl": "5caf1041ae92157c28402e3f",
            "parentId": "61fcf2290cc96d76dc32e253",
            "slotId": "mod_magazine"
        },
        {
            "_id": "39bacce6115f0a2a8ee50dfd",
            "_tpl": "5caf16a2ae92152ac412efbc",
            "parentId": "61fcf2290cc96d76dc32e253",
            "slotId": "mod_sight_front"
        },
        {
            "_id": "cdf1f7a46a32a4c0f05a9a9d",
            "_tpl": "5cdaa99dd7f00c002412d0b2",
            "parentId": "61fcf2290cc96d76dc32e253",
            "slotId": "mod_handguard"
        },
        {
            "_id": "9d7ca15812cdee145a6d6b1c",
            "_tpl": "5caf1691ae92152ac412efb9",
            "parentId": "61fcf2290cc96d76dc32e253",
            "slotId": "mod_scope"
        },
        {
            "_id": "61fcf2290cc96d76dc32e270",
            "_tpl": "59984ab886f7743e98271174",
            "upd": {
                "UnlimitedCount": true,
                "StackObjectsCount": 999999999
            }
        },
        {
            "_id": "bdf0ea0d39e60ed3e9d9e468",
            "_tpl": "5998517986f7746017232f7e",
            "parentId": "61fcf2290cc96d76dc32e270",
            "slotId": "mod_pistol_grip"
        },
        {
            "_id": "4a77b495d57c00fbbf3729b5",
            "_tpl": "599851db86f77467372f0a18",
            "parentId": "61fcf2290cc96d76dc32e270",
            "slotId": "mod_stock"
        },
        {
            "_id": "8bc95c98dcc92fac019a2bda",
            "_tpl": "599860ac86f77436b225ed1a",
            "parentId": "61fcf2290cc96d76dc32e270",
            "slotId": "mod_magazine"
        },
        {
            "_id": "66fbe5fbb1ee662a3f9e76ce",
            "_tpl": "5998597786f77414ea6da093",
            "parentId": "61fcf2290cc96d76dc32e270",
            "slotId": "mod_muzzle"
        },
        {
            "_id": "2e2fdff98fbfe0fc0eb5fc76",
            "_tpl": "59985a8086f77414ec448d1a",
            "parentId": "61fcf2290cc96d76dc32e270",
            "slotId": "mod_reciever"
        },
        {
            "_id": "dbaa9b43520e96ee9c8ff2bc",
            "_tpl": "599860e986f7743bb57573a6",
            "parentId": "61fcf2290cc96d76dc32e270",
            "slotId": "mod_sight_rear"
        },
        {
            "_id": "d4acacdcffaf4f9e70581fba",
            "_tpl": "59ccd11386f77428f24a488f",
            "parentId": "61fcf2290cc96d76dc32e270",
            "slotId": "mod_gas_block"
        },
        {
            "_id": "7abca8ebe746e08bfea3e319",
            "_tpl": "5648b1504bdc2d9d488b4584",
            "parentId": "d4acacdcffaf4f9e70581fba",
            "slotId": "mod_handguard"
        },
        {
            "_id": "61fcf2290cc96d76dc32e280",
            "_tpl": "5bf3e03b0db834001d2c4a9c",
            "upd": {
                "UnlimitedCount": true,
                "StackObjectsCount": 999999999
            }
        },
        {
            "_id": "e1c2cccad9879cee5a2c74e2",
            "_tpl": "59c6633186f7740cf0493bb9",
            "parentId": "61fcf2290cc96d76dc32e280",
            "slotId": "mod_gas_block"
        },
        {
            "_id": "da5b2a9f6891dacfcbd52a7b",
            "_tpl": "5cbda9f4ae9215000e5b9bfc",
            "parentId": "e1c2cccad9879cee5a2c74e2",
            "slotId": "mod_handguard"
        },
        {
            "_id": "baf704a286afb56fa63b1af3",
            "_tpl": "5649aa744bdc2ded0b8b457e",
            "parentId": "61fcf2290cc96d76dc32e280",
            "slotId": "mod_muzzle"
        },
        {
            "_id": "fc7795fdc99fea8fdb8e8ffb",
            "_tpl": "5649ad3f4bdc2df8348b4585",
            "parentId": "61fcf2290cc96d76dc32e280",
            "slotId": "mod_pistol_grip"
        },
        {
            "_id": "0d7922dec386fee405c16fbb",
            "_tpl": "5649af094bdc2df8348b4586",
            "parentId": "61fcf2290cc96d76dc32e280",
            "slotId": "mod_reciever"
        },
        {
            "_id": "a6cbc0f13a1f77db9bacf983",
            "_tpl": "5649b0544bdc2d1b2b8b458a",
            "parentId": "61fcf2290cc96d76dc32e280",
            "slotId": "mod_sight_rear"
        },
        {
            "_id": "ef401fc956eabc0a3bdaef6b",
            "_tpl": "5cbdb1b0ae9215000d50e105",
            "parentId": "61fcf2290cc96d76dc32e280",
            "slotId": "mod_stock"
        },
        {
            "_id": "fcfdd2bef1c8dafa2ee28fda",
            "_tpl": "5cbdaf89ae9215000e5b9c94",
            "parentId": "61fcf2290cc96d76dc32e280",
            "slotId": "mod_magazine"
        },
        {
            "_id": "61fcf2290cc96d76dc32e296",
            "_tpl": "5df8a4d786f77412672a1e3b",
            "upd": {
                "UnlimitedCount": true,
                "StackObjectsCount": 999999999
            }
        },
        {
            "_id": "61fcf2290cc96d76dc32e29e",
            "_tpl": "5ea034f65aad6446a939737e",
            "upd": {
                "UnlimitedCount": true,
                "StackObjectsCount": 999999999
            }
        },
        {
            "_id": "61fcf2290cc96d76dc32e2ae",
            "_tpl": "5e848cc2988a8701445df1e8",
            "upd": {
                "UnlimitedCount": true,
                "StackObjectsCount": 999999999
            }
        },
        {
            "_id": "4cb3ddf62faf9ee6dcbafafd",
            "_tpl": "5e848d1c264f7c180b5e35a9",
            "parentId": "61fcf2290cc96d76dc32e2ae",
            "slotId": "mod_barrel"
        },
        {
            "_id": "afce7e09a7d6c6f48b8cafe6",
            "_tpl": "5e848d51e4dbc5266a4ec63b",
            "parentId": "61fcf2290cc96d76dc32e2ae",
            "slotId": "mod_handguard"
        },
        {
            "_id": "d96ffa1dcceb99dec8fcbfa7",
            "_tpl": "5f647d9f8499b57dc40ddb93",
            "parentId": "61fcf2290cc96d76dc32e2ae",
            "slotId": "mod_magazine"
        },
        {
            "_id": "9fa4e23c0bf0249cacfd0ccc",
            "_tpl": "5e848d99865c0f329958c83b",
            "parentId": "61fcf2290cc96d76dc32e2ae",
            "slotId": "mod_stock"
        },
        {
            "_id": "e25ce937c3fcfadb664067d1",
            "_tpl": "5e848dc4e4dbc5266a4ec63d",
            "parentId": "9fa4e23c0bf0249cacfd0ccc",
            "slotId": "mod_stock"
        },
        {
            "_id": "61fcf2290cc96d76dc32e2b5",
            "_tpl": "5e848cc2988a8701445df1e8",
            "upd": {
                "UnlimitedCount": true,
                "StackObjectsCount": 999999999
            }
        },
        {
            "_id": "99a4aacc3ad5082dc8a8dad7",
            "_tpl": "5e848d2eea0a7c419c2f9bfd",
            "parentId": "61fcf2290cc96d76dc32e2b5",
            "slotId": "mod_barrel"
        },
        {
            "_id": "ea7b1d2101ace864663ae72e",
            "_tpl": "5e848d51e4dbc5266a4ec63b",
            "parentId": "61fcf2290cc96d76dc32e2b5",
            "slotId": "mod_handguard"
        },
        {
            "_id": "e481c71134c439fedd23b40e",
            "_tpl": "5f647d9f8499b57dc40ddb93",
            "parentId": "61fcf2290cc96d76dc32e2b5",
            "slotId": "mod_magazine"
        },
        {
            "_id": "a7793cee8c82dbbdc3bedeae",
            "_tpl": "5e848db4681bea2ada00daa9",
            "parentId": "61fcf2290cc96d76dc32e2b5",
            "slotId": "mod_stock"
        },
        {
            "_id": "61fcf2290cc96d76dc32e2c1",
            "_tpl": "5d1b36a186f7742523398433",
            "upd": {
                "UnlimitedCount": true,
                "StackObjectsCount": 999999999
            }
        },
        {
            "_id": "61fcf2290cc96d76dc32e2c3",
            "_tpl": "5f5f41476bdad616ad46d631",
            "upd": {
                "UnlimitedCount": true,
                "StackObjectsCount": 999999999
            }
        },
        {
            "_id": "61fcf2290cc96d76dc32e2c5",
            "_tpl": "5929a2a086f7744f4b234d43",
            "upd": {
                "UnlimitedCount": true,
                "StackObjectsCount": 999999999
            }
        },
        {
            "_id": "61fcf2290cc96d76dc32e2c9",
            "_tpl": "5c0517910db83400232ffee5",
            "upd": {
                "UnlimitedCount": true,
                "StackObjectsCount": 999999999
            }
        },
        {
            "_id": "61fcf2290cc96d76dc32e2cd",
            "_tpl": "5c0e5bab86f77461f55ed1f3",
            "upd": {
                "UnlimitedCount": true,
                "StackObjectsCount": 999999999
            }
        },
        {
            "_id": "61fcf2290cc96d76dc32e2d3",
            "_tpl": "5aa7d193e5b5b000171d063f",
            "upd": {
                "UnlimitedCount": true,
                "StackObjectsCount": 999999999
            }
        },
        {
            "_id": "61fcf2290cc96d76dc32e2d7",
            "_tpl": "545cdb794bdc2d3a198b456a",
            "upd": {
                "UnlimitedCount": true,
                "StackObjectsCount": 999999999
            }
        },
        {
            "_id": "61fcf2290cc96d76dc32e2e6",
            "_tpl": "583990e32459771419544dd2",
            "upd": {
                "UnlimitedCount": true,
                "StackObjectsCount": 999999999
            }
        },
        {
            "_id": "d8f3d33ceef0249af8fec0bb",
            "_tpl": "5649ad3f4bdc2df8348b4585",
            "parentId": "61fcf2290cc96d76dc32e2e6",
            "slotId": "mod_pistol_grip"
        },
        {
            "_id": "fc6b442bd2f9206e9aad2b73",
            "_tpl": "57dc347d245977596754e7a1",
            "parentId": "61fcf2290cc96d76dc32e2e6",
            "slotId": "mod_stock"
        },
        {
            "_id": "cee497fb70f34e3b894c30c3",
            "_tpl": "564ca99c4bdc2d16268b4589",
            "parentId": "61fcf2290cc96d76dc32e2e6",
            "slotId": "mod_magazine"
        },
        {
            "_id": "b8d5a1f55fd617e91f1dba29",
            "_tpl": "57dc324a24597759501edc20",
            "parentId": "61fcf2290cc96d76dc32e2e6",
            "slotId": "mod_muzzle"
        },
        {
            "_id": "fb52bfbcead4aa35e9baf2fb",
            "_tpl": "57dc334d245977597164366f",
            "parentId": "61fcf2290cc96d76dc32e2e6",
            "slotId": "mod_reciever"
        },
        {
            "_id": "53fdcf49692ebbd72d2d5de7",
            "_tpl": "59d36a0086f7747e673f3946",
            "parentId": "61fcf2290cc96d76dc32e2e6",
            "slotId": "mod_gas_block"
        },
        {
            "_id": "4df1c6afc65b3ce96ac06ccb",
            "_tpl": "57dc32dc245977596d4ef3d3",
            "parentId": "53fdcf49692ebbd72d2d5de7",
            "slotId": "mod_handguard"
        },
        {
            "_id": "61fcf2290cc96d76dc32e2f1",
            "_tpl": "5a01c29586f77474660c694c",
            "upd": {
                "UnlimitedCount": true,
                "StackObjectsCount": 999999999
            }
        },
        {
            "_id": "61fcf2290cc96d76dc32e2f3",
            "_tpl": "57838f9f2459774a150289a0",
            "upd": {
                "UnlimitedCount": true,
                "StackObjectsCount": 999999999
            }
        },
        {
            "_id": "61fcf2290cc96d76dc32e2f5",
            "_tpl": "603409c80ca681766b6a0fb2",
            "upd": {
                "UnlimitedCount": true,
                "StackObjectsCount": 999999999
            }
        },
        {
            "_id": "56ac522b2e1a9c9007fe66d4",
            "_tpl": "5e848cc2988a8701445df1e8",
            "upd": {
                "UnlimitedCount": true,
                "StackObjectsCount": 999999999
            }
        },
        {
            "_id": "be5d18b18aaabd8deba3dbe6",
            "_tpl": "5e848d2eea0a7c419c2f9bfd",
            "parentId": "56ac522b2e1a9c9007fe66d4",
            "slotId": "mod_barrel"
        },
        {
            "_id": "937ca1be2f92fd7ec8c2caaa",
            "_tpl": "5e848d51e4dbc5266a4ec63b",
            "parentId": "56ac522b2e1a9c9007fe66d4",
            "slotId": "mod_handguard"
        },
        {
            "_id": "f5eea97fe70e4cc70fc3e85c",
            "_tpl": "5f647d9f8499b57dc40ddb93",
            "parentId": "56ac522b2e1a9c9007fe66d4",
            "slotId": "mod_magazine"
        },
        {
            "_id": "11ded288beedbecfa55cdbf5",
            "_tpl": "5e848db4681bea2ada00daa9",
            "parentId": "56ac522b2e1a9c9007fe66d4",
            "slotId": "mod_stock"
        },
        {
            "_id": "fb5a23ea9bec75f7b6bfb4cb",
            "_tpl": "5991b51486f77447b112d44f",
            "upd": {
                "UnlimitedCount": true,
                "StackObjectsCount": 999999999
            }
        }
    ],
    "barter_scheme": {
        "61fcf2270cc96d76dc32df8c": [
            [
                {
                    "count": 1,
                    "_tpl": "573477e124597737dd42e191"
                }
            ]
        ],
        "61fcf2270cc96d76dc32dfad": [
            [
                {
                    "count": 1,
                    "_tpl": "590c346786f77423e50ed342"
                }
            ]
        ],
        "61fcf2270cc96d76dc32dfb1": [
            [
                {
                    "count": 1,
                    "_tpl": "590a3cd386f77436f20848cb"
                }
            ]
        ],
        "61fcf2270cc96d76dc32dfc8": [
            [
                {
                    "count": 1,
                    "_tpl": "5d1b32c186f774252167a530"
                }
            ]
        ],
        "61fcf2270cc96d76dc32dfd1": [
            [
                {
                    "count": 2,
                    "_tpl": "59e358a886f7741776641ac3"
                }
            ]
        ],
        "61fcf2270cc96d76dc32dfd7": [
            [
                {
                    "count": 2,
                    "_tpl": "590a3cd386f77436f20848cb"
                }
            ]
        ],
        "61fcf2270cc96d76dc32dfd9": [
            [
                {
                    "count": 1,
                    "_tpl": "5d4042a986f7743185265463"
                },
                {
                    "count": 1,
                    "_tpl": "5c052f6886f7746b1e3db148"
                },
                {
                    "count": 1,
                    "_tpl": "5733279d245977289b77ec24"
                }
            ]
        ],
        "61fcf2270cc96d76dc32dfe0": [
            [
                {
                    "count": 2,
                    "_tpl": "57347da92459774491567cf5"
                }
            ]
        ],
        "61fcf2270cc96d76dc32dfe4": [
            [
                {
                    "count": 1,
                    "_tpl": "60391afc25aff57af81f7085"
                },
                {
                    "count": 1,
                    "_tpl": "5e2aee0a86f774755a234b62"
                }
            ]
        ],
        "61fcf2270cc96d76dc32e004": [
            [
                {
                    "count": 1,
                    "_tpl": "59e3658a86f7741776641ac4"
                },
                {
                    "count": 2,
                    "_tpl": "5909e99886f7740c983b9984"
                },
                {
                    "count": 1,
                    "_tpl": "573476d324597737da2adc13"
                }
            ]
        ],
        "61fcf2280cc96d76dc32e021": [
            [
                {
                    "count": 1,
                    "_tpl": "59e35ef086f7741777737012"
                },
                {
                    "count": 1,
                    "_tpl": "57347c5b245977448d35f6e1"
                }
            ]
        ],
        "61fcf2280cc96d76dc32e036": [
            [
                {
                    "count": 2,
                    "_tpl": "54491c4f4bdc2db1078b4568"
                }
            ]
        ],
        "61fcf2280cc96d76dc32e061": [
            [
                {
                    "count": 1,
                    "_tpl": "5734770f24597738025ee254"
                }
            ]
        ],
        "61fcf2280cc96d76dc32e07b": [
            [
                {
                    "count": 2,
                    "_tpl": "5734795124597738002c6176"
                }
            ]
        ],
        "61fcf2280cc96d76dc32e08d": [
            [
                {
                    "count": 2,
                    "_tpl": "5672cb124bdc2d1a0f8b4568"
                }
            ]
        ],
        "61fcf2280cc96d76dc32e091": [
            [
                {
                    "count": 5,
                    "_tpl": "5672cb304bdc2dc2088b456a"
                },
                {
                    "count": 8,
                    "_tpl": "5672cb124bdc2d1a0f8b4568"
                }
            ]
        ],
        "61fcf2280cc96d76dc32e0a9": [
            [
                {
                    "count": 2,
                    "_tpl": "5b4329075acfc400153b78ff"
                }
            ]
        ],
        "61fcf2280cc96d76dc32e0ab": [
            [
                {
                    "count": 1,
                    "_tpl": "5d1b31ce86f7742523398394"
                }
            ]
        ],
        "61fcf2280cc96d76dc32e0b7": [
            [
                {
                    "count": 1,
                    "_tpl": "57347c5b245977448d35f6e1"
                },
                {
                    "count": 1,
                    "_tpl": "57347c77245977448d35f6e2"
                }
            ]
        ],
        "61fcf2280cc96d76dc32e0ba": [
            [
                {
                    "count": 9,
                    "side": "Any",
                    "_tpl": "59f32c3b86f77472a31742f0"
                }
            ]
        ],
        "61fcf2280cc96d76dc32e0fa": [
            [
                {
                    "count": 5,
                    "_tpl": "573475fb24597737fb1379e1"
                },
                {
                    "count": 3,
                    "_tpl": "573476d324597737da2adc13"
                }
            ]
        ],
        "61fcf2280cc96d76dc32e101": [
            [
                {
                    "count": 2,
                    "_tpl": "5c0fa877d174af02a012e1cf"
                },
                {
                    "count": 1,
                    "_tpl": "590c595c86f7747884343ad7"
                }
            ]
        ],
        "61fcf2280cc96d76dc32e105": [
            [
                {
                    "count": 2,
                    "_tpl": "5751496424597720a27126da"
                },
                {
                    "count": 2,
                    "_tpl": "573476d324597737da2adc13"
                }
            ]
        ],
        "61fcf2280cc96d76dc32e155": [
            [
                {
                    "count": 3,
                    "_tpl": "59e3596386f774176c10a2a2"
                }
            ]
        ],
        "61fcf2280cc96d76dc32e159": [
            [
                {
                    "count": 2,
                    "_tpl": "590a3c0a86f774385a33c450"
                }
            ]
        ],
        "61fcf2280cc96d76dc32e179": [
            [
                {
                    "count": 2,
                    "_tpl": "590c31c586f774245e3141b2"
                },
                {
                    "count": 2,
                    "_tpl": "5672cb304bdc2dc2088b456a"
                }
            ]
        ],
        "61fcf2280cc96d76dc32e199": [
            [
                {
                    "count": 1,
                    "_tpl": "590c5a7286f7747884343aea"
                }
            ]
        ],
        "61fcf2280cc96d76dc32e1ac": [
            [
                {
                    "count": 5,
                    "_tpl": "573475fb24597737fb1379e1"
                }
            ]
        ],
        "61fcf2280cc96d76dc32e1c1": [
            [
                {
                    "count": 4,
                    "_tpl": "590c2b4386f77425357b6123"
                }
            ]
        ],
        "61fcf2280cc96d76dc32e1c9": [
            [
                {
                    "count": 2,
                    "_tpl": "59faf98186f774067b6be103"
                }
            ]
        ],
        "61fcf2290cc96d76dc32e1d3": [
            [
                {
                    "count": 1,
                    "_tpl": "590a373286f774287540368b"
                }
            ]
        ],
        "61fcf2290cc96d76dc32e1ec": [
            [
                {
                    "count": 2,
                    "_tpl": "590c5a7286f7747884343aea"
                },
                {
                    "count": 3,
                    "_tpl": "5d1c819a86f774771b0acd6c"
                }
            ]
        ],
        "61fcf2290cc96d76dc32e223": [
            [
                {
                    "count": 3,
                    "_tpl": "57347d7224597744596b4e72"
                }
            ]
        ],
        "61fcf2290cc96d76dc32e253": [
            [
                {
                    "count": 1,
                    "_tpl": "5d0376a486f7747d8050965c"
                },
                {
                    "count": 1,
                    "_tpl": "5c06779c86f77426e00dd782"
                }
            ]
        ],
        "61fcf2290cc96d76dc32e270": [
            [
                {
                    "count": 4,
                    "_tpl": "57347cd0245977445a2d6ff1"
                }
            ]
        ],
        "61fcf2290cc96d76dc32e280": [
            [
                {
                    "count": 2,
                    "_tpl": "5c13cef886f774072e618e82"
                },
                {
                    "count": 2,
                    "_tpl": "57347c93245977448d35f6e3"
                }
            ]
        ],
        "61fcf2290cc96d76dc32e296": [
            [
                {
                    "count": 2,
                    "_tpl": "5d0375ff86f774186372f685"
                }
            ]
        ],
        "61fcf2290cc96d76dc32e29e": [
            [
                {
                    "count": 1,
                    "_tpl": "5d1c819a86f774771b0acd6c"
                }
            ]
        ],
        "61fcf2290cc96d76dc32e2ae": [
            [
                {
                    "count": 5,
                    "_tpl": "590c2c9c86f774245b1f03f2"
                },
                {
                    "count": 5,
                    "_tpl": "57347cd0245977445a2d6ff1"
                },
                {
                    "count": 5,
                    "_tpl": "5909e99886f7740c983b9984"
                }
            ]
        ],
        "61fcf2290cc96d76dc32e2b5": [
            [
                {
                    "count": 2,
                    "_tpl": "59e35cbb86f7741778269d83"
                }
            ]
        ],
        "61fcf2290cc96d76dc32e2c1": [
            [
                {
                    "count": 2,
                    "_tpl": "59fafb5d86f774067a6f2084"
                },
                {
                    "count": 2,
                    "_tpl": "5b43575a86f77424f443fe62"
                }
            ]
        ],
        "61fcf2290cc96d76dc32e2c3": [
            [
                {
                    "count": 4,
                    "_tpl": "590c645c86f77412b01304d9"
                }
            ]
        ],
        "61fcf2290cc96d76dc32e2c5": [
            [
                {
                    "count": 1,
                    "_tpl": "575146b724597720a27126d5"
                },
                {
                    "count": 1,
                    "_tpl": "57347d90245977448f7b7f65"
                }
            ]
        ],
        "61fcf2290cc96d76dc32e2c9": [
            [
                {
                    "count": 2,
                    "_tpl": "5d40407c86f774318526545a"
                },
                {
                    "count": 1,
                    "_tpl": "590c5f0d86f77413997acfab"
                }
            ]
        ],
        "61fcf2290cc96d76dc32e2cd": [
            [
                {
                    "count": 1,
                    "_tpl": "59fafb5d86f774067a6f2084"
                }
            ]
        ],
        "61fcf2290cc96d76dc32e2d3": [
            [
                {
                    "count": 2,
                    "_tpl": "57347d9c245977448b40fa85"
                },
                {
                    "count": 1,
                    "_tpl": "590c5d4b86f774784e1b9c45"
                }
            ]
        ],
        "61fcf2290cc96d76dc32e2d7": [
            [
                {
                    "count": 4,
                    "_tpl": "60391a8b3364dc22b04d0ce5"
                },
                {
                    "count": 4,
                    "_tpl": "60391b0fb847c71012789415"
                }
            ]
        ],
        "61fcf2290cc96d76dc32e2e6": [
            [
                {
                    "count": 2,
                    "_tpl": "573478bc24597738002c6175"
                },
                {
                    "count": 1,
                    "_tpl": "5e2af00086f7746d3f3c33f7"
                }
            ]
        ],
        "61fcf2290cc96d76dc32e2f1": [
            [
                {
                    "count": 1,
                    "_tpl": "590c2b4386f77425357b6123"
                }
            ]
        ],
        "61fcf2290cc96d76dc32e2f3": [
            [
                {
                    "count": 1,
                    "_tpl": "590c639286f774151567fa95"
                }
            ]
        ],
        "61fcf2290cc96d76dc32e2f5": [
            [
                {
                    "count": 1,
                    "_tpl": "590c651286f7741e566b6461"
                }
            ]
        ],
        "56ac522b2e1a9c9007fe66d4": [
            [
                {
                    "count": 4,
                    "_tpl": "590c2c9c86f774245b1f03f2"
                },
                {
                    "count": 4,
                    "_tpl": "57347cd0245977445a2d6ff1"
                },
                {
                    "count": 3,
                    "_tpl": "5909e99886f7740c983b9984"
                }
            ]
        ],
        "fb5a23ea9bec75f7b6bfb4cb": [
            [
                {
                    "count": 1,
                    "_tpl": "5c06779c86f77426e00dd782"
                },
                {
                    "count": 1,
                    "_tpl": "590a3b0486f7743954552bdb"
                }
            ]
        ]
    },
    "loyal_level_items": {
        "61fcf2270cc96d76dc32df8c": 1,
        "61fcf2270cc96d76dc32dfad": 2,
        "61fcf2270cc96d76dc32dfb1": 1,
        "61fcf2270cc96d76dc32dfc8": 2,
        "61fcf2270cc96d76dc32dfd1": 2,
        "61fcf2270cc96d76dc32dfd7": 2,
        "61fcf2270cc96d76dc32dfd9": 4,
        "61fcf2270cc96d76dc32dfe0": 2,
        "61fcf2270cc96d76dc32dfe4": 3,
        "61fcf2270cc96d76dc32e004": 2,
        "61fcf2280cc96d76dc32e021": 1,
        "61fcf2280cc96d76dc32e036": 1,
        "61fcf2280cc96d76dc32e061": 4,
        "61fcf2280cc96d76dc32e07b": 3,
        "61fcf2280cc96d76dc32e08d": 1,
        "61fcf2280cc96d76dc32e091": 1,
        "61fcf2280cc96d76dc32e0a9": 2,
        "61fcf2280cc96d76dc32e0ab": 1,
        "61fcf2280cc96d76dc32e0b7": 1,
        "61fcf2280cc96d76dc32e0ba": 3,
        "61fcf2280cc96d76dc32e0fa": 2,
        "61fcf2280cc96d76dc32e101": 3,
        "61fcf2280cc96d76dc32e105": 3,
        "61fcf2280cc96d76dc32e155": 4,
        "61fcf2280cc96d76dc32e159": 1,
        "61fcf2280cc96d76dc32e179": 4,
        "61fcf2280cc96d76dc32e199": 2,
        "61fcf2280cc96d76dc32e1ac": 2,
        "61fcf2280cc96d76dc32e1c1": 3,
        "61fcf2280cc96d76dc32e1c9": 3,
        "61fcf2290cc96d76dc32e1d3": 2,
        "61fcf2290cc96d76dc32e1ec": 3,
        "61fcf2290cc96d76dc32e223": 1,
        "61fcf2290cc96d76dc32e253": 4,
        "61fcf2290cc96d76dc32e270": 1,
        "61fcf2290cc96d76dc32e280": 2,
        "61fcf2290cc96d76dc32e296": 4,
        "61fcf2290cc96d76dc32e29e": 2,
        "61fcf2290cc96d76dc32e2ae": 3,
        "61fcf2290cc96d76dc32e2b5": 4,
        "61fcf2290cc96d76dc32e2c1": 2,
        "61fcf2290cc96d76dc32e2c3": 3,
        "61fcf2290cc96d76dc32e2c5": 1,
        "61fcf2290cc96d76dc32e2c9": 2,
        "61fcf2290cc96d76dc32e2cd": 1,
        "61fcf2290cc96d76dc32e2d3": 1,
        "61fcf2290cc96d76dc32e2d7": 4,
        "61fcf2290cc96d76dc32e2e6": 1,
        "61fcf2290cc96d76dc32e2f1": 1,
        "61fcf2290cc96d76dc32e2f3": 2,
        "61fcf2290cc96d76dc32e2f5": 3,
        "56ac522b2e1a9c9007fe66d4": 2,
        "fb5a23ea9bec75f7b6bfb4cb": 1
    }
}