{
    "items": [
        {
            "_id": "61fcf30c55324313dd16d728",
            "_tpl": "5b44cd8b86f774503d30cba2",
            "upd": {
                "UnlimitedCount": true,
                "StackObjectsCount": 999999999
            }
        },
        {
            "_id": "61fcf30c55324313dd16d73a",
            "_tpl": "5aa7e373e5b5b000137b76f0",
            "upd": {
                "UnlimitedCount": true,
                "StackObjectsCount": 999999999
            }
        },
        {
            "_id": "61fcf30c55324313dd16d73c",
            "_tpl": "5aa7e373e5b5b000137b76f0",
            "upd": {
                "UnlimitedCount": true,
                "StackObjectsCount": 999999999
            }
        },
        {
            "_id": "61fcf30c55324313dd16d73e",
            "_tpl": "545cdb794bdc2d3a198b456a",
            "upd": {
                "UnlimitedCount": true,
                "StackObjectsCount": 999999999
            }
        },
        {
            "_id": "61fcf30c55324313dd16d744",
            "_tpl": "5ab8dced86f774646209ec87",
            "upd": {
                "UnlimitedCount": true,
                "StackObjectsCount": 999999999
            }
        },
        {
            "_id": "61fcf30c55324313dd16d746",
            "_tpl": "5aa7cfc0e5b5b00015693143",
            "upd": {
                "UnlimitedCount": true,
                "StackObjectsCount": 999999999
            }
        },
        {
            "_id": "61fcf30c55324313dd16d750",
            "_tpl": "5aa7e276e5b5b000171d0647",
            "upd": {
                "UnlimitedCount": true,
                "StackObjectsCount": 999999999
            }
        },
        {
            "_id": "61fcf30c55324313dd16d754",
            "_tpl": "544a5caa4bdc2d1a388b4568",
            "upd": {
                "UnlimitedCount": true,
                "StackObjectsCount": 999999999
            }
        },
        {
            "_id": "61fcf30c55324313dd16d756",
            "_tpl": "545cdae64bdc2d39198b4568",
            "upd": {
                "UnlimitedCount": true,
                "StackObjectsCount": 999999999
            }
        },
        {
            "_id": "61fcf30c55324313dd16d75a",
            "_tpl": "5b44cad286f77402a54ae7e5",
            "upd": {
                "UnlimitedCount": true,
                "StackObjectsCount": 999999999
            }
        },
        {
            "_id": "61fcf30c55324313dd16d75c",
            "_tpl": "5bffe7930db834001b734a39",
            "upd": {
                "UnlimitedCount": true,
                "StackObjectsCount": 999999999
            }
        },
        {
            "_id": "61fcf30c55324313dd16d762",
            "_tpl": "5b44d22286f774172b0c9de8",
            "upd": {
                "UnlimitedCount": true,
                "StackObjectsCount": 999999999
            }
        },
        {
            "_id": "61fcf30c55324313dd16d768",
            "_tpl": "5ca21c6986f77479963115a7",
            "upd": {
                "UnlimitedCount": true,
                "StackObjectsCount": 999999999
            }
        },
        {
            "_id": "61fcf30c55324313dd16d76a",
            "_tpl": "5ab8e4ed86f7742d8e50c7fa",
            "upd": {
                "UnlimitedCount": true,
                "StackObjectsCount": 999999999
            }
        },
        {
            "_id": "61fcf30c55324313dd16d76e",
            "_tpl": "5b432b965acfc47a8774094e",
            "upd": {
                "UnlimitedCount": true,
                "StackObjectsCount": 999999999
            }
        },
        {
            "_id": "61fcf30c55324313dd16d770",
            "_tpl": "5d5d87f786f77427997cfaef",
            "upd": {
                "UnlimitedCount": true,
                "StackObjectsCount": 999999999
            }
        },
        {
            "_id": "61fcf30c55324313dd16d774",
            "_tpl": "5b44c6ae86f7742d1627baea",
            "upd": {
                "UnlimitedCount": true,
                "StackObjectsCount": 999999999
            }
        },
        {
            "_id": "61fcf30c55324313dd16d776",
            "_tpl": "5ab8ebf186f7742d8b372e80",
            "upd": {
                "UnlimitedCount": true,
                "StackObjectsCount": 999999999
            }
        },
        {
            "_id": "61fcf30c55324313dd16d77e",
            "_tpl": "5a7c4850e899ef00150be885",
            "upd": {
                "UnlimitedCount": true,
                "StackObjectsCount": 999999999
            }
        },
        {
            "_id": "61fcf30c55324313dd16d79a",
            "_tpl": "5aa7e373e5b5b000137b76f0",
            "upd": {
                "UnlimitedCount": true,
                "StackObjectsCount": 999999999
            }
        },
        {
            "_id": "61fcf30c55324313dd16d79c",
            "_tpl": "5648a7494bdc2d9d488b4583",
            "upd": {
                "UnlimitedCount": true,
                "StackObjectsCount": 999999999
            }
        },
        {
            "_id": "61fcf30d55324313dd16d7a2",
            "_tpl": "5c0e774286f77468413cc5b2",
            "upd": {
                "UnlimitedCount": true,
                "StackObjectsCount": 999999999
            }
        },
        {
            "_id": "61fcf30d55324313dd16d7a4",
            "_tpl": "5c0919b50db834001b7ce3b9",
            "upd": {
                "UnlimitedCount": true,
                "StackObjectsCount": 999999999
            }
        },
        {
            "_id": "61fcf30d55324313dd16d7a6",
            "_tpl": "545cdb794bdc2d3a198b456a",
            "upd": {
                "UnlimitedCount": true,
                "StackObjectsCount": 999999999
            }
        },
        {
            "_id": "61fcf30d55324313dd16d7aa",
            "_tpl": "5c0e6a1586f77404597b4965",
            "upd": {
                "UnlimitedCount": true,
                "StackObjectsCount": 999999999
            }
        },
        {
            "_id": "61fcf30d55324313dd16d7b4",
            "_tpl": "5aa7d03ae5b5b00016327db5",
            "upd": {
                "UnlimitedCount": true,
                "StackObjectsCount": 999999999
            }
        },
        {
            "_id": "61fcf30d55324313dd16d7b8",
            "_tpl": "5ac4c50d5acfc40019262e87",
            "upd": {
                "UnlimitedCount": true,
                "StackObjectsCount": 999999999
            }
        },
        {
            "_id": "61fcf30d55324313dd16d7ba",
            "_tpl": "5c091a4e0db834001d5addc8",
            "upd": {
                "UnlimitedCount": true,
                "StackObjectsCount": 999999999
            }
        },
        {
            "_id": "61fcf30d55324313dd16d7c0",
            "_tpl": "5ab8dced86f774646209ec87",
            "upd": {
                "UnlimitedCount": true,
                "StackObjectsCount": 999999999
            }
        },
        {
            "_id": "61fcf30d55324313dd16d7c4",
            "_tpl": "5c0e722886f7740458316a57",
            "upd": {
                "UnlimitedCount": true,
                "StackObjectsCount": 999999999
            }
        },
        {
            "_id": "61fcf30d55324313dd16d7c6",
            "_tpl": "5ab8e79e86f7742d8b372e78",
            "upd": {
                "UnlimitedCount": true,
                "StackObjectsCount": 999999999
            }
        },
        {
            "_id": "61fcf30d55324313dd16d7d4",
            "_tpl": "592c2d1a86f7746dbe2af32a",
            "upd": {
                "UnlimitedCount": true,
                "StackObjectsCount": 999999999
            }
        },
        {
            "_id": "61fcf30d55324313dd16d7e4",
            "_tpl": "5aa2b9ede5b5b000137b758b",
            "upd": {
                "UnlimitedCount": true,
                "StackObjectsCount": 999999999
            }
        },
        {
            "_id": "61fcf30d55324313dd16d7e8",
            "_tpl": "5aa7e3abe5b5b000171d064d",
            "upd": {
                "UnlimitedCount": true,
                "StackObjectsCount": 999999999
            }
        },
        {
            "_id": "61fcf30d55324313dd16d7f2",
            "_tpl": "5b44d0de86f774503d30cba8",
            "upd": {
                "UnlimitedCount": true,
                "StackObjectsCount": 999999999
            }
        },
        {
            "_id": "61fcf30d55324313dd16d7f4",
            "_tpl": "5ab8ebf186f7742d8b372e80",
            "upd": {
                "UnlimitedCount": true,
                "StackObjectsCount": 999999999
            }
        },
        {
            "_id": "61fcf30d55324313dd16d7f6",
            "_tpl": "5645bcc04bdc2d363b8b4572",
            "upd": {
                "UnlimitedCount": true,
                "StackObjectsCount": 999999999
            }
        },
        {
            "_id": "61fcf30d55324313dd16d7fa",
            "_tpl": "5ca20ee186f774799474abc2",
            "upd": {
                "UnlimitedCount": true,
                "StackObjectsCount": 999999999
            }
        },
        {
            "_id": "61fcf30d55324313dd16d800",
            "_tpl": "5aa2ba19e5b5b00014028f4e",
            "upd": {
                "UnlimitedCount": true,
                "StackObjectsCount": 999999999
            }
        },
        {
            "_id": "61fcf30d55324313dd16d806",
            "_tpl": "5ca2113f86f7740b2547e1d2",
            "upd": {
                "UnlimitedCount": true,
                "StackObjectsCount": 999999999
            }
        },
        {
            "_id": "61fcf30d55324313dd16d81a",
            "_tpl": "5d5d87f786f77427997cfaef",
            "upd": {
                "UnlimitedCount": true,
                "StackObjectsCount": 999999999
            }
        },
        {
            "_id": "61fcf30d55324313dd16d81c",
            "_tpl": "5d6d3829a4b9361bc8618943",
            "upd": {
                "UnlimitedCount": true,
                "StackObjectsCount": 999999999
            }
        },
        {
            "_id": "61fcf30d55324313dd16d81e",
            "_tpl": "5b4329f05acfc47a86086aa1",
            "upd": {
                "UnlimitedCount": true,
                "StackObjectsCount": 999999999
            }
        },
        {
            "_id": "61fcf30d55324313dd16d820",
            "_tpl": "5c0e746986f7741453628fe5",
            "upd": {
                "UnlimitedCount": true,
                "StackObjectsCount": 999999999
            }
        },
        {
            "_id": "61fcf30d55324313dd16d826",
            "_tpl": "5df8a42886f77412640e2e75",
            "upd": {
                "UnlimitedCount": true,
                "StackObjectsCount": 999999999
            }
        },
        {
            "_id": "61fcf30d55324313dd16d82c",
            "_tpl": "5e4abb5086f77406975c9342",
            "upd": {
                "UnlimitedCount": true,
                "StackObjectsCount": 999999999
            }
        },
        {
            "_id": "61fcf30d55324313dd16d82e",
            "_tpl": "5f60c74e3b85f6263c145586",
            "upd": {
                "UnlimitedCount": true,
                "StackObjectsCount": 999999999
            }
        },
        {
            "_id": "61fcf30d55324313dd16d830",
            "_tpl": "5f60c85b58eff926626a60f7",
            "upd": {
                "UnlimitedCount": true,
                "StackObjectsCount": 999999999
            }
        },
        {
            "_id": "61fcf30d55324313dd16d83e",
            "_tpl": "544a5caa4bdc2d1a388b4568",
            "upd": {
                "UnlimitedCount": true,
                "StackObjectsCount": 999999999
            }
        },
        {
            "_id": "61fcf30d55324313dd16d840",
            "_tpl": "5645bc214bdc2d363b8b4571",
            "upd": {
                "UnlimitedCount": true,
                "StackObjectsCount": 999999999
            }
        },
        {
            "_id": "61fcf30d55324313dd16d842",
            "_tpl": "5c0e446786f7742013381639",
            "upd": {
                "UnlimitedCount": true,
                "StackObjectsCount": 999999999
            }
        },
        {
            "_id": "61fcf30d55324313dd16d844",
            "_tpl": "5ca20d5986f774331e7c9602",
            "upd": {
                "UnlimitedCount": true,
                "StackObjectsCount": 999999999
            }
        },
        {
            "_id": "61fcf30d55324313dd16d84a",
            "_tpl": "5d5d646386f7742797261fd9",
            "upd": {
                "UnlimitedCount": true,
                "StackObjectsCount": 999999999
            }
        },
        {
            "_id": "61fcf30d55324313dd16d85a",
            "_tpl": "61bc85697113f767765c7fe7",
            "upd": {
                "UnlimitedCount": true,
                "StackObjectsCount": 999999999
            }
        },
        {
            "_id": "61fcf30d55324313dd16d85c",
            "_tpl": "61bcc89aef0f505f0c6cd0fc",
            "upd": {
                "UnlimitedCount": true,
                "StackObjectsCount": 999999999
            }
        },
        {
            "_id": "8dbec7bdd5679cc8a22ad7cd",
            "_tpl": "5fd4c474dd870108a754b241",
            "upd": {
                "UnlimitedCount": true,
                "StackObjectsCount": 999999999
            }
        },
        {
            "_id": "758b83b84920338da57630c3",
            "_tpl": "5e4ac41886f77406a511c9a8",
            "upd": {
                "UnlimitedCount": true,
                "StackObjectsCount": 999999999
            }
        }
    ],
    "barter_scheme": {
        "61fcf30c55324313dd16d728": [
            [
                {
                    "count": 3,
                    "_tpl": "59e3639286f7741777737013"
                }
            ]
        ],
        "61fcf30c55324313dd16d73a": [
            [
                {
                    "count": 3,
                    "_tpl": "5aa7e373e5b5b000137b76f0"
                }
            ]
        ],
        "61fcf30c55324313dd16d73c": [
            [
                {
                    "count": 4,
                    "_tpl": "59e366c186f7741778269d85"
                }
            ]
        ],
        "61fcf30c55324313dd16d73e": [
            [
                {
                    "count": 4,
                    "_tpl": "545cdb794bdc2d3a198b456a"
                }
            ]
        ],
        "61fcf30c55324313dd16d744": [
            [
                {
                    "count": 3,
                    "_tpl": "5aa2b923e5b5b000137b7589"
                },
                {
                    "count": 3,
                    "_tpl": "5ac4c50d5acfc40019262e87"
                }
            ]
        ],
        "61fcf30c55324313dd16d746": [
            [
                {
                    "count": 7,
                    "side": "Any",
                    "_tpl": "59f32c3b86f77472a31742f0"
                }
            ]
        ],
        "61fcf30c55324313dd16d750": [
            [
                {
                    "count": 6,
                    "_tpl": "5d1b31ce86f7742523398394"
                },
                {
                    "count": 5,
                    "_tpl": "590c2c9c86f774245b1f03f2"
                },
                {
                    "count": 5,
                    "_tpl": "590c2b4386f77425357b6123"
                }
            ]
        ],
        "61fcf30c55324313dd16d754": [
            [
                {
                    "count": 7,
                    "_tpl": "5d40412b86f7743cb332ac3a"
                },
                {
                    "count": 5,
                    "_tpl": "5d4041f086f7743cac3f22a7"
                }
            ]
        ],
        "61fcf30c55324313dd16d756": [
            [
                {
                    "count": 4,
                    "_tpl": "590a3cd386f77436f20848cb"
                }
            ]
        ],
        "61fcf30c55324313dd16d75a": [
            [
                {
                    "count": 5,
                    "_tpl": "5b432c305acfc40019478128"
                },
                {
                    "count": 6,
                    "_tpl": "5b4326435acfc433000ed01d"
                }
            ]
        ],
        "61fcf30c55324313dd16d75c": [
            [
                {
                    "count": 1,
                    "_tpl": "5780cf7f2459777de4559322"
                },
                {
                    "count": 1,
                    "_tpl": "5a0dc95c86f77452440fc675"
                },
                {
                    "count": 5,
                    "_tpl": "5c12688486f77426843c7d32"
                }
            ]
        ],
        "61fcf30c55324313dd16d762": [
            [
                {
                    "count": 1,
                    "_tpl": "5af0484c86f7740f02001f7f"
                },
                {
                    "count": 1,
                    "_tpl": "57514643245977207f2c2d09"
                },
                {
                    "count": 1,
                    "_tpl": "575146b724597720a27126d5"
                }
            ]
        ],
        "61fcf30c55324313dd16d768": [
            [
                {
                    "count": 6,
                    "_tpl": "590c595c86f7747884343ad7"
                },
                {
                    "count": 2,
                    "_tpl": "5c12688486f77426843c7d32"
                }
            ]
        ],
        "61fcf30c55324313dd16d76a": [
            [
                {
                    "count": 3,
                    "_tpl": "5751435d24597720a27126d1"
                }
            ]
        ],
        "61fcf30c55324313dd16d76e": [
            [
                {
                    "count": 1,
                    "_tpl": "577e1c9d2459773cd707c525"
                }
            ]
        ],
        "61fcf30c55324313dd16d770": [
            [
                {
                    "count": 1,
                    "_tpl": "5d235a5986f77443f6329bc6"
                },
                {
                    "count": 3,
                    "_tpl": "5734758f24597738025ee253"
                }
            ]
        ],
        "61fcf30c55324313dd16d774": [
            [
                {
                    "count": 6,
                    "_tpl": "5d1b392c86f77425243e98fe"
                }
            ]
        ],
        "61fcf30c55324313dd16d776": [
            [
                {
                    "count": 1,
                    "_tpl": "59e3577886f774176a362503"
                },
                {
                    "count": 3,
                    "_tpl": "5673de654bdc2d180f8b456d"
                },
                {
                    "count": 5,
                    "_tpl": "544fb6cc4bdc2d34748b456e"
                }
            ]
        ],
        "61fcf30c55324313dd16d77e": [
            [
                {
                    "count": 2,
                    "_tpl": "59e3556c86f7741776641ac2"
                }
            ]
        ],
        "61fcf30c55324313dd16d79a": [
            [
                {
                    "count": 6,
                    "side": "Any",
                    "_tpl": "59f32c3b86f77472a31742f0"
                }
            ]
        ],
        "61fcf30c55324313dd16d79c": [
            [
                {
                    "count": 3,
                    "_tpl": "572b7fa524597762b747ce82"
                }
            ]
        ],
        "61fcf30d55324313dd16d7a2": [
            [
                {
                    "count": 8,
                    "_tpl": "59e3556c86f7741776641ac2"
                },
                {
                    "count": 4,
                    "_tpl": "5e2af41e86f774755a234b67"
                }
            ]
        ],
        "61fcf30d55324313dd16d7a4": [
            [
                {
                    "count": 2,
                    "_tpl": "5d235b4d86f7742e017bc88a"
                }
            ]
        ],
        "61fcf30d55324313dd16d7a6": [
            [
                {
                    "count": 2,
                    "_tpl": "5d1b376e86f774252519444e"
                },
                {
                    "count": 5,
                    "_tpl": "5d40407c86f774318526545a"
                }
            ]
        ],
        "61fcf30d55324313dd16d7aa": [
            [
                {
                    "count": 1,
                    "_tpl": "590de71386f774347051a052"
                }
            ]
        ],
        "61fcf30d55324313dd16d7b4": [
            [
                {
                    "count": 2,
                    "_tpl": "59e770b986f7742cbd762754"
                }
            ]
        ],
        "61fcf30d55324313dd16d7b8": [
            [
                {
                    "count": 1,
                    "_tpl": "573474f924597738002c6174"
                }
            ]
        ],
        "61fcf30d55324313dd16d7ba": [
            [
                {
                    "count": 4,
                    "_tpl": "5d235b4d86f7742e017bc88a"
                }
            ]
        ],
        "61fcf30d55324313dd16d7c0": [
            [
                {
                    "count": 10,
                    "side": "Any",
                    "_tpl": "59f32c3b86f77472a31742f0"
                }
            ]
        ],
        "61fcf30d55324313dd16d7c4": [
            [
                {
                    "count": 4,
                    "_tpl": "5c0fa877d174af02a012e1cf"
                },
                {
                    "count": 1,
                    "_tpl": "5e8f3423fd7471236e6e3b64"
                }
            ]
        ],
        "61fcf30d55324313dd16d7c6": [
            [
                {
                    "count": 2,
                    "_tpl": "5734758f24597738025ee253"
                },
                {
                    "count": 3,
                    "_tpl": "5af0484c86f7740f02001f7f"
                }
            ]
        ],
        "61fcf30d55324313dd16d7d4": [
            [
                {
                    "count": 5,
                    "_tpl": "57347c1124597737fb1379e3"
                },
                {
                    "count": 1,
                    "_tpl": "59faf98186f774067b6be103"
                }
            ]
        ],
        "61fcf30d55324313dd16d7e4": [
            [
                {
                    "count": 1,
                    "_tpl": "5e2af29386f7746d4159f077"
                }
            ]
        ],
        "61fcf30d55324313dd16d7e8": [
            [
                {
                    "count": 2,
                    "_tpl": "59e366c186f7741778269d85"
                }
            ]
        ],
        "61fcf30d55324313dd16d7f2": [
            [
                {
                    "count": 7,
                    "_tpl": "5d235b4d86f7742e017bc88a"
                }
            ]
        ],
        "61fcf30d55324313dd16d7f4": [
            [
                {
                    "count": 1,
                    "_tpl": "5c1267ee86f77416ec610f72"
                },
                {
                    "count": 1,
                    "_tpl": "5734758f24597738025ee253"
                }
            ]
        ],
        "61fcf30d55324313dd16d7f6": [
            [
                {
                    "count": 3,
                    "_tpl": "57347b8b24597737dd42e192"
                }
            ]
        ],
        "61fcf30d55324313dd16d7fa": [
            [
                {
                    "count": 1,
                    "_tpl": "57347ca924597744596b4e71"
                },
                {
                    "count": 4,
                    "_tpl": "57347baf24597738002c6178"
                }
            ]
        ],
        "61fcf30d55324313dd16d800": [
            [
                {
                    "count": 1,
                    "_tpl": "590c2c9c86f774245b1f03f2"
                }
            ]
        ],
        "61fcf30d55324313dd16d806": [
            [
                {
                    "count": 7,
                    "_tpl": "59e366c186f7741778269d85"
                }
            ]
        ],
        "61fcf30d55324313dd16d81a": [
            [
                {
                    "count": 5,
                    "_tpl": "5d403f9186f7743cac3f229b"
                }
            ]
        ],
        "61fcf30d55324313dd16d81c": [
            [
                {
                    "count": 3,
                    "_tpl": "59e366c186f7741778269d85"
                }
            ]
        ],
        "61fcf30d55324313dd16d81e": [
            [
                {
                    "count": 4,
                    "_tpl": "590c2d8786f774245b1f03f3"
                },
                {
                    "count": 4,
                    "_tpl": "590c311186f77424d1667482"
                },
                {
                    "count": 1,
                    "_tpl": "5d40419286f774318526545f"
                }
            ]
        ],
        "61fcf30d55324313dd16d820": [
            [
                {
                    "count": 4,
                    "_tpl": "59e3556c86f7741776641ac2"
                },
                {
                    "count": 2,
                    "_tpl": "5d40412b86f7743cb332ac3a"
                }
            ]
        ],
        "61fcf30d55324313dd16d826": [
            [
                {
                    "count": 3,
                    "_tpl": "5734773724597737fd047c14"
                }
            ]
        ],
        "61fcf30d55324313dd16d82c": [
            [
                {
                    "count": 3,
                    "_tpl": "5c0e655586f774045612eeb2"
                },
                {
                    "count": 6,
                    "_tpl": "5e2af41e86f774755a234b67"
                },
                {
                    "count": 6,
                    "_tpl": "5e2af4d286f7746d4159f07a"
                }
            ]
        ],
        "61fcf30d55324313dd16d82e": [
            [
                {
                    "count": 5,
                    "_tpl": "5e2af4d286f7746d4159f07a"
                },
                {
                    "count": 6,
                    "_tpl": "59e366c186f7741778269d85"
                },
                {
                    "count": 1,
                    "_tpl": "5e2af41e86f774755a234b67"
                }
            ]
        ],
        "61fcf30d55324313dd16d830": [
            [
                {
                    "count": 4,
                    "_tpl": "59e366c186f7741778269d85"
                },
                {
                    "count": 1,
                    "_tpl": "57347c5b245977448d35f6e1"
                }
            ]
        ],
        "61fcf30d55324313dd16d83e": [
            [
                {
                    "count": 2,
                    "_tpl": "5734758f24597738025ee253"
                },
                {
                    "count": 2,
                    "_tpl": "5b3b713c5acfc4330140bd8d"
                }
            ]
        ],
        "61fcf30d55324313dd16d840": [
            [
                {
                    "count": 2,
                    "_tpl": "573474f924597738002c6174"
                }
            ]
        ],
        "61fcf30d55324313dd16d842": [
            [
                {
                    "count": 3,
                    "_tpl": "5c0e446786f7742013381639"
                }
            ]
        ],
        "61fcf30d55324313dd16d844": [
            [
                {
                    "count": 1,
                    "_tpl": "5c0d2727d174af02a012cf58"
                }
            ]
        ],
        "61fcf30d55324313dd16d84a": [
            [
                {
                    "count": 4,
                    "_tpl": "5d5d646386f7742797261fd9"
                }
            ]
        ],
        "61fcf30d55324313dd16d85a": [
            [
                {
                    "count": 1,
                    "_tpl": "61bf83814088ec1a363d7097"
                },
                {
                    "count": 1,
                    "_tpl": "5e2af4a786f7746d3f3c3400"
                }
            ]
        ],
        "61fcf30d55324313dd16d85c": [
            [
                {
                    "count": 1,
                    "_tpl": "61bf83814088ec1a363d7097"
                },
                {
                    "count": 2,
                    "_tpl": "5e2af41e86f774755a234b67"
                }
            ]
        ],
        "8dbec7bdd5679cc8a22ad7cd": [
            [
                {
                    "count": 5,
                    "_tpl": "5ab8f20c86f7745cdb629fb2"
                },
                {
                    "count": 5,
                    "_tpl": "59e7708286f7742cbd762753"
                },
                {
                    "count": 5,
                    "_tpl": "5aa2b923e5b5b000137b7589"
                }
            ]
        ],
        "758b83b84920338da57630c3": [
            [
                {
                    "count": 3,
                    "_tpl": "5e2af41e86f774755a234b67"
                },
                {
                    "count": 1,
                    "_tpl": "5d403f9186f7743cac3f229b"
                },
                {
                    "count": 3,
                    "_tpl": "5e2af4a786f7746d3f3c3400"
                }
            ]
        ]
    },
    "loyal_level_items": {
        "61fcf30c55324313dd16d728": 4,
        "61fcf30c55324313dd16d73a": 3,
        "61fcf30c55324313dd16d73c": 4,
        "61fcf30c55324313dd16d73e": 4,
        "61fcf30c55324313dd16d744": 3,
        "61fcf30c55324313dd16d746": 2,
        "61fcf30c55324313dd16d750": 4,
        "61fcf30c55324313dd16d754": 3,
        "61fcf30c55324313dd16d756": 2,
        "61fcf30c55324313dd16d75a": 3,
        "61fcf30c55324313dd16d75c": 4,
        "61fcf30c55324313dd16d762": 2,
        "61fcf30c55324313dd16d768": 4,
        "61fcf30c55324313dd16d76a": 1,
        "61fcf30c55324313dd16d76e": 1,
        "61fcf30c55324313dd16d770": 4,
        "61fcf30c55324313dd16d774": 4,
        "61fcf30c55324313dd16d776": 2,
        "61fcf30c55324313dd16d77e": 1,
        "61fcf30c55324313dd16d79a": 4,
        "61fcf30c55324313dd16d79c": 1,
        "61fcf30d55324313dd16d7a2": 4,
        "61fcf30d55324313dd16d7a4": 4,
        "61fcf30d55324313dd16d7a6": 4,
        "61fcf30d55324313dd16d7aa": 3,
        "61fcf30d55324313dd16d7b4": 2,
        "61fcf30d55324313dd16d7b8": 1,
        "61fcf30d55324313dd16d7ba": 3,
        "61fcf30d55324313dd16d7c0": 4,
        "61fcf30d55324313dd16d7c4": 3,
        "61fcf30d55324313dd16d7c6": 3,
        "61fcf30d55324313dd16d7d4": 2,
        "61fcf30d55324313dd16d7e4": 3,
        "61fcf30d55324313dd16d7e8": 2,
        "61fcf30d55324313dd16d7f2": 3,
        "61fcf30d55324313dd16d7f4": 4,
        "61fcf30d55324313dd16d7f6": 2,
        "61fcf30d55324313dd16d7fa": 4,
        "61fcf30d55324313dd16d800": 2,
        "61fcf30d55324313dd16d806": 4,
        "61fcf30d55324313dd16d81a": 3,
        "61fcf30d55324313dd16d81c": 3,
        "61fcf30d55324313dd16d81e": 3,
        "61fcf30d55324313dd16d820": 3,
        "61fcf30d55324313dd16d826": 3,
        "61fcf30d55324313dd16d82c": 4,
        "61fcf30d55324313dd16d82e": 4,
        "61fcf30d55324313dd16d830": 4,
        "61fcf30d55324313dd16d83e": 2,
        "61fcf30d55324313dd16d840": 1,
        "61fcf30d55324313dd16d842": 2,
        "61fcf30d55324313dd16d844": 1,
        "61fcf30d55324313dd16d84a": 2,
        "61fcf30d55324313dd16d85a": 2,
        "61fcf30d55324313dd16d85c": 3,
        "8dbec7bdd5679cc8a22ad7cd": 3,
        "758b83b84920338da57630c3": 4
    }
}