{
  "195742c1063cef1be954e5b3": {
    "QuestName": "[Ski] Headless Scav: Headshot 2 Scav(s) at Customs",
    "_id": "195742c1063cef1be954e5b3",
    "acceptPlayerMessage": "195742c1063cef1be954e5b3 acceptPlayerMessage",
    "canShowNotificationsInGame": true,
    "changeQuestMessageText": "195742c1063cef1be954e5b3 changeQuestMessageText",
    "completePlayerMessage": "195742c1063cef1be954e5b3 completePlayerMessage",
    "conditions": {
      "AvailableForFinish": [
        {
          "conditionType": "CounterCreator",
          "counter": {
            "conditions": [
              {
                "bodyPart": [
                  "Head"
                ],
                "compareMethod": ">=",
                "conditionType": "Kills",
                "id": "38d58bb9f1bd64880ce4fc25",
                "target": "Savage",
                "value": "1"
              },
              {
                "conditionType": "Location",
                "id": "ee65b905dfc89a978bae809f",
                "target": [
                  "bigmap"
                ]
              }
            ],
            "id": "eced5dfe11ebbe74c6bc9aa0"
          },
          "doNotResetIfCounterCompleted": false,
          "dynamicLocale": false,
          "globalQuestCounterId": "",
          "id": "be80edda8a9c36aff4e7c4e9",
          "index": 0,
          "oneSessionOnly": false,
          "parentId": "",
          "type": "Elimination",
          "value": "2",
          "visibilityConditions": []
        }
      ],
      "AvailableForStart": [],
      "Fail": []
    },
    "declinePlayerMessage": "195742c1063cef1be954e5b3 declinePlayerMessage",
    "description": "195742c1063cef1be954e5b3 description",
    "failMessageText": "195742c1063cef1be954e5b3 failMessageText",
    "image": "/files/quest/icon/596b465486f77457ca186188.jpg",
    "instantComplete": false,
    "isKey": false,
    "location": "56f40101d2720b2a4d8b45d6",
    "name": "195742c1063cef1be954e5b3 name",
    "note": "195742c1063cef1be954e5b3 note",
    "restartable": false,
    "rewards": {
      "Fail": [],
      "Started": [],
      "Success": [
        {
          "id": "afcdaefebd93c8eeb94675f0",
          "index": 3,
          "type": "Experience",
          "value": "200"
        },
        {
          "id": "f46ef3dea012abfe6de43f0e",
          "index": 4,
          "items": [
            {
              "_id": "96996a3ff3a9aa72b6abe7d2",
              "_tpl": "5449016a4bdc2d6f028b456f",
              "upd": {
                "StackObjectsCount": 3000
              }
            }
          ],
          "target": "96996a3ff3a9aa72b6abe7d2",
          "type": "Item",
          "value": "3000"
        }
      ]
    },
    "secretQuest": false,
    "side": "Pmc",
    "startedMessageText": "195742c1063cef1be954e5b3 startedMessageText",
    "successMessageText": "195742c1063cef1be954e5b3 successMessageText",
    "traderId": "58330581ace78e27b8b10cee",
    "type": "Elimination"
  },
  "bbf8ffbb8fe59cb1e0adf8f7": {
    "QuestName": "[Ski] Headless Scav: Headshot 5 Scav(s) at Customs",
    "_id": "bbf8ffbb8fe59cb1e0adf8f7",
    "acceptPlayerMessage": "bbf8ffbb8fe59cb1e0adf8f7 acceptPlayerMessage",
    "canShowNotificationsInGame": true,
    "changeQuestMessageText": "bbf8ffbb8fe59cb1e0adf8f7 changeQuestMessageText",
    "completePlayerMessage": "bbf8ffbb8fe59cb1e0adf8f7 completePlayerMessage",
    "conditions": {
      "AvailableForFinish": [
        {
          "conditionType": "CounterCreator",
          "counter": {
            "conditions": [
              {
                "bodyPart": [
                  "Head"
                ],
                "compareMethod": ">=",
                "conditionType": "Kills",
                "id": "af53fe1efca9d8a0a73bacde",
                "target": "Savage",
                "value": "1"
              },
              {
                "conditionType": "Location",
                "id": "b7ae031dbd2acb9eaddbdaf7",
                "target": [
                  "bigmap"
                ]
              }
            ],
            "id": "d25ce52768addee7e2bb51ca"
          },
          "doNotResetIfCounterCompleted": false,
          "dynamicLocale": false,
          "globalQuestCounterId": "",
          "id": "bb23d62921a8e49a2bab6ecd",
          "index": 0,
          "oneSessionOnly": false,
          "parentId": "",
          "type": "Elimination",
          "value": "5",
          "visibilityConditions": []
        }
      ],
      "AvailableForStart": [
        {
          "conditionType": "Quest",
          "dynamicLocale": false,
          "globalQuestCounterId": "",
          "id": "fe7bd5b384abc2e5e0e0cdf8",
          "index": 6,
          "parentId": "",
          "status": [
            4
          ],
          "target": "195742c1063cef1be954e5b3"
        }
      ],
      "Fail": []
    },
    "declinePlayerMessage": "bbf8ffbb8fe59cb1e0adf8f7 declinePlayerMessage",
    "description": "bbf8ffbb8fe59cb1e0adf8f7 description",
    "failMessageText": "bbf8ffbb8fe59cb1e0adf8f7 failMessageText",
    "image": "/files/quest/icon/596b465486f77457ca186188.jpg",
    "instantComplete": false,
    "isKey": false,
    "location": "56f40101d2720b2a4d8b45d6",
    "name": "bbf8ffbb8fe59cb1e0adf8f7 name",
    "note": "bbf8ffbb8fe59cb1e0adf8f7 note",
    "restartable": false,
    "rewards": {
      "Fail": [],
      "Started": [],
      "Success": [
        {
          "id": "84eabd2f4ec2cb2afbdf61dd",
          "index": 3,
          "type": "Experience",
          "value": "500"
        },
        {
          "id": "0c329d0d3fddf8dccfd4d3fa",
          "index": 4,
          "items": [
            {
              "_id": "9cfb65dcbbccaa38a6614fa4",
              "_tpl": "5449016a4bdc2d6f028b456f",
              "upd": {
                "StackObjectsCount": 7500
              }
            }
          ],
          "target": "9cfb65dcbbccaa38a6614fa4",
          "type": "Item",
          "value": "7500"
        }
      ]
    },
    "secretQuest": false,
    "side": "Pmc",
    "startedMessageText": "bbf8ffbb8fe59cb1e0adf8f7 startedMessageText",
    "successMessageText": "bbf8ffbb8fe59cb1e0adf8f7 successMessageText",
    "traderId": "58330581ace78e27b8b10cee",
    "type": "Elimination"
  },
  "aff6a7b31b5d9d806b43efb4": {
    "QuestName": "[Ski] Headless Scav: Headshot 10 Scav(s) at Customs",
    "_id": "aff6a7b31b5d9d806b43efb4",
    "acceptPlayerMessage": "aff6a7b31b5d9d806b43efb4 acceptPlayerMessage",
    "canShowNotificationsInGame": true,
    "changeQuestMessageText": "aff6a7b31b5d9d806b43efb4 changeQuestMessageText",
    "completePlayerMessage": "aff6a7b31b5d9d806b43efb4 completePlayerMessage",
    "conditions": {
      "AvailableForFinish": [
        {
          "conditionType": "CounterCreator",
          "counter": {
            "conditions": [
              {
                "bodyPart": [
                  "Head"
                ],
                "compareMethod": ">=",
                "conditionType": "Kills",
                "id": "85e1d39edecbedfb89cfec77",
                "target": "Savage",
                "value": "1"
              },
              {
                "conditionType": "Location",
                "id": "dc3aeccf2b997d593c97cfca",
                "target": [
                  "bigmap"
                ]
              }
            ],
            "id": "60fc4c103b8e9ed0ff2edb9c"
          },
          "doNotResetIfCounterCompleted": false,
          "dynamicLocale": false,
          "globalQuestCounterId": "",
          "id": "6bbea2d2a1d3b8cc1527ac4d",
          "index": 0,
          "oneSessionOnly": false,
          "parentId": "",
          "type": "Elimination",
          "value": "10",
          "visibilityConditions": []
        }
      ],
      "AvailableForStart": [
        {
          "conditionType": "Quest",
          "dynamicLocale": false,
          "globalQuestCounterId": "",
          "id": "f2ebc1189d3d427e4070a39e",
          "index": 6,
          "parentId": "",
          "status": [
            4
          ],
          "target": "195742c1063cef1be954e5b3"
        },
        {
          "conditionType": "Quest",
          "dynamicLocale": false,
          "globalQuestCounterId": "",
          "id": "60e53a0a8bae9bc4e7cf2b6b",
          "index": 7,
          "parentId": "",
          "status": [
            4
          ],
          "target": "fdaecbacdd85ac308eae8beb"
        },
        {
          "conditionType": "Quest",
          "dynamicLocale": false,
          "globalQuestCounterId": "",
          "id": "2c63bebf2d0c56bfac6fada1",
          "index": 8,
          "parentId": "",
          "status": [
            4
          ],
          "target": "f627c73f277deed25c885633"
        },
        {
          "conditionType": "Quest",
          "dynamicLocale": false,
          "globalQuestCounterId": "",
          "id": "4ef2f34dba813be5cd5ddd5c",
          "index": 9,
          "parentId": "",
          "status": [
            4
          ],
          "target": "a19af8cc1affd5aad3acd443"
        },
        {
          "conditionType": "Quest",
          "dynamicLocale": false,
          "globalQuestCounterId": "",
          "id": "6630454ddd96bc2e45c1fee0",
          "index": 10,
          "parentId": "",
          "status": [
            4
          ],
          "target": "f2a9a62a4f38f4e149eaabe8"
        },
        {
          "conditionType": "Quest",
          "dynamicLocale": false,
          "globalQuestCounterId": "",
          "id": "1bcbba5e286fbfcbc59b1cdc",
          "index": 11,
          "parentId": "",
          "status": [
            4
          ],
          "target": "55e4cabbcac115156ecf6e13"
        },
        {
          "conditionType": "Quest",
          "dynamicLocale": false,
          "globalQuestCounterId": "",
          "id": "fde1caeb673f5ce9990cecf7",
          "index": 12,
          "parentId": "",
          "status": [
            4
          ],
          "target": "dac5cb5ef883ba176bbfa54a"
        },
        {
          "conditionType": "Quest",
          "dynamicLocale": false,
          "globalQuestCounterId": "",
          "id": "a04ca9f1a08bd66d4d77ced0",
          "index": 13,
          "parentId": "",
          "status": [
            4
          ],
          "target": "aba2d7d4981caab1a60fbbd3"
        }
      ],
      "Fail": []
    },
    "declinePlayerMessage": "aff6a7b31b5d9d806b43efb4 declinePlayerMessage",
    "description": "aff6a7b31b5d9d806b43efb4 description",
    "failMessageText": "aff6a7b31b5d9d806b43efb4 failMessageText",
    "image": "/files/quest/icon/596b465486f77457ca186188.jpg",
    "instantComplete": false,
    "isKey": false,
    "location": "56f40101d2720b2a4d8b45d6",
    "name": "aff6a7b31b5d9d806b43efb4 name",
    "note": "aff6a7b31b5d9d806b43efb4 note",
    "restartable": false,
    "rewards": {
      "Fail": [],
      "Started": [],
      "Success": [
        {
          "id": "bdeba2e95f4a38a02f129a8a",
          "index": 3,
          "type": "Experience",
          "value": "1000"
        },
        {
          "id": "04505b52e9a80ffdb41d1dac",
          "index": 4,
          "items": [
            {
              "_id": "1cffed4cbae5f4ea7e26d078",
              "_tpl": "5449016a4bdc2d6f028b456f",
              "upd": {
                "StackObjectsCount": 15000
              }
            }
          ],
          "target": "1cffed4cbae5f4ea7e26d078",
          "type": "Item",
          "value": "15000"
        }
      ]
    },
    "secretQuest": false,
    "side": "Pmc",
    "startedMessageText": "aff6a7b31b5d9d806b43efb4 startedMessageText",
    "successMessageText": "aff6a7b31b5d9d806b43efb4 successMessageText",
    "traderId": "58330581ace78e27b8b10cee",
    "type": "Elimination"
  },
  "85b8efdbab2edfeae7ae33e7": {
    "QuestName": "[Ski] Headless Scav: Headshot 20 Scav(s) at Customs",
    "_id": "85b8efdbab2edfeae7ae33e7",
    "acceptPlayerMessage": "85b8efdbab2edfeae7ae33e7 acceptPlayerMessage",
    "canShowNotificationsInGame": true,
    "changeQuestMessageText": "85b8efdbab2edfeae7ae33e7 changeQuestMessageText",
    "completePlayerMessage": "85b8efdbab2edfeae7ae33e7 completePlayerMessage",
    "conditions": {
      "AvailableForFinish": [
        {
          "conditionType": "CounterCreator",
          "counter": {
            "conditions": [
              {
                "bodyPart": [
                  "Head"
                ],
                "compareMethod": ">=",
                "conditionType": "Kills",
                "id": "e1ca48a63de48e166dbbe70a",
                "target": "Savage",
                "value": "1"
              },
              {
                "conditionType": "Location",
                "id": "12f087cbeffe03d9c9b1eff8",
                "target": [
                  "bigmap"
                ]
              }
            ],
            "id": "ed3b0d3e153cca20a55dc71e"
          },
          "doNotResetIfCounterCompleted": false,
          "dynamicLocale": false,
          "globalQuestCounterId": "",
          "id": "ee58bf9b45cd67c9de368bbb",
          "index": 0,
          "oneSessionOnly": false,
          "parentId": "",
          "type": "Elimination",
          "value": "20",
          "visibilityConditions": []
        }
      ],
      "AvailableForStart": [
        {
          "conditionType": "Quest",
          "dynamicLocale": false,
          "globalQuestCounterId": "",
          "id": "eabad4fac5e0ab39e654ba71",
          "index": 6,
          "parentId": "",
          "status": [
            4
          ],
          "target": "bbf8ffbb8fe59cb1e0adf8f7"
        },
        {
          "conditionType": "Quest",
          "dynamicLocale": false,
          "globalQuestCounterId": "",
          "id": "fe9cee68ed84dd27e70ff49b",
          "index": 7,
          "parentId": "",
          "status": [
            4
          ],
          "target": "cdf763892fbaec14bddbaaf5"
        },
        {
          "conditionType": "Quest",
          "dynamicLocale": false,
          "globalQuestCounterId": "",
          "id": "a6ff25910ac5c11aa11a8c4e",
          "index": 8,
          "parentId": "",
          "status": [
            4
          ],
          "target": "53cdca190f8aec90feba2a84"
        },
        {
          "conditionType": "Quest",
          "dynamicLocale": false,
          "globalQuestCounterId": "",
          "id": "ad7ac881c6a25ee9209a458a",
          "index": 9,
          "parentId": "",
          "status": [
            4
          ],
          "target": "2eaea947440d2e59bd831b55"
        },
        {
          "conditionType": "Quest",
          "dynamicLocale": false,
          "globalQuestCounterId": "",
          "id": "ccb8bf6812bac95ba9fe2f22",
          "index": 10,
          "parentId": "",
          "status": [
            4
          ],
          "target": "efe3fd8e06b85b27a91f1fef"
        },
        {
          "conditionType": "Quest",
          "dynamicLocale": false,
          "globalQuestCounterId": "",
          "id": "5387adfedec415b68904bdce",
          "index": 11,
          "parentId": "",
          "status": [
            4
          ],
          "target": "5d965ac322e62072bcfb0c07"
        },
        {
          "conditionType": "Quest",
          "dynamicLocale": false,
          "globalQuestCounterId": "",
          "id": "4be3e8ab52edb58708a2aab1",
          "index": 12,
          "parentId": "",
          "status": [
            4
          ],
          "target": "243d6b2eb26ca7a93daaf7c1"
        },
        {
          "conditionType": "Quest",
          "dynamicLocale": false,
          "globalQuestCounterId": "",
          "id": "e4ddaa63a3cae82e4c764223",
          "index": 13,
          "parentId": "",
          "status": [
            4
          ],
          "target": "55ecf1badef9ad9ecb8e010a"
        }
      ],
      "Fail": []
    },
    "declinePlayerMessage": "85b8efdbab2edfeae7ae33e7 declinePlayerMessage",
    "description": "85b8efdbab2edfeae7ae33e7 description",
    "failMessageText": "85b8efdbab2edfeae7ae33e7 failMessageText",
    "image": "/files/quest/icon/596b465486f77457ca186188.jpg",
    "instantComplete": false,
    "isKey": false,
    "location": "56f40101d2720b2a4d8b45d6",
    "name": "85b8efdbab2edfeae7ae33e7 name",
    "note": "85b8efdbab2edfeae7ae33e7 note",
    "restartable": false,
    "rewards": {
      "Fail": [],
      "Started": [],
      "Success": [
        {
          "id": "f409a986e1dacaea8ac9abdf",
          "index": 3,
          "type": "Experience",
          "value": "2000"
        },
        {
          "id": "2d66ae7be0cae3abcb9bdfda",
          "index": 4,
          "items": [
            {
              "_id": "224cdadf5c97afb08d8aa302",
              "_tpl": "5449016a4bdc2d6f028b456f",
              "upd": {
                "StackObjectsCount": 30000
              }
            }
          ],
          "target": "224cdadf5c97afb08d8aa302",
          "type": "Item",
          "value": "30000"
        }
      ]
    },
    "secretQuest": false,
    "side": "Pmc",
    "startedMessageText": "85b8efdbab2edfeae7ae33e7 startedMessageText",
    "successMessageText": "85b8efdbab2edfeae7ae33e7 successMessageText",
    "traderId": "58330581ace78e27b8b10cee",
    "type": "Elimination"
  },
  "20afd37e653bca0e559ba0d6": {
    "QuestName": "[Ski] Headless Scav: Headshot 35 Scav(s) at Customs",
    "_id": "20afd37e653bca0e559ba0d6",
    "acceptPlayerMessage": "20afd37e653bca0e559ba0d6 acceptPlayerMessage",
    "canShowNotificationsInGame": true,
    "changeQuestMessageText": "20afd37e653bca0e559ba0d6 changeQuestMessageText",
    "completePlayerMessage": "20afd37e653bca0e559ba0d6 completePlayerMessage",
    "conditions": {
      "AvailableForFinish": [
        {
          "conditionType": "CounterCreator",
          "counter": {
            "conditions": [
              {
                "bodyPart": [
                  "Head"
                ],
                "compareMethod": ">=",
                "conditionType": "Kills",
                "id": "443654ae9afa5f3e79cc133f",
                "target": "Savage",
                "value": "1"
              },
              {
                "conditionType": "Location",
                "id": "e0b304b018ec11eb0aa9aa8c",
                "target": [
                  "bigmap"
                ]
              }
            ],
            "id": "492ba37a5a6fefcae65ed26e"
          },
          "doNotResetIfCounterCompleted": false,
          "dynamicLocale": false,
          "globalQuestCounterId": "",
          "id": "0cf2a1bb85aa0f6f4772014f",
          "index": 0,
          "oneSessionOnly": false,
          "parentId": "",
          "type": "Elimination",
          "value": "35",
          "visibilityConditions": []
        }
      ],
      "AvailableForStart": [
        {
          "conditionType": "Quest",
          "dynamicLocale": false,
          "globalQuestCounterId": "",
          "id": "dfa0bf2b4a30adc84ee834bc",
          "index": 6,
          "parentId": "",
          "status": [
            4
          ],
          "target": "aff6a7b31b5d9d806b43efb4"
        },
        {
          "conditionType": "Quest",
          "dynamicLocale": false,
          "globalQuestCounterId": "",
          "id": "1356608d22c6fe7b2bbcf7cf",
          "index": 7,
          "parentId": "",
          "status": [
            4
          ],
          "target": "9ecf2fceff64f614fbfa4da0"
        },
        {
          "conditionType": "Quest",
          "dynamicLocale": false,
          "globalQuestCounterId": "",
          "id": "3ee11ae71dcbef0cba20adb1",
          "index": 8,
          "parentId": "",
          "status": [
            4
          ],
          "target": "df0baf5167eafd2e889601dd"
        },
        {
          "conditionType": "Quest",
          "dynamicLocale": false,
          "globalQuestCounterId": "",
          "id": "17e6f2ba3eb3e109a92b5c1b",
          "index": 9,
          "parentId": "",
          "status": [
            4
          ],
          "target": "4e1c7fea1f0a9c5b0c433fa8"
        },
        {
          "conditionType": "Quest",
          "dynamicLocale": false,
          "globalQuestCounterId": "",
          "id": "0fb5752f5a6ce560aa9be3e1",
          "index": 10,
          "parentId": "",
          "status": [
            4
          ],
          "target": "f79fda1463f11354adaf6169"
        },
        {
          "conditionType": "Quest",
          "dynamicLocale": false,
          "globalQuestCounterId": "",
          "id": "eaecbbead372b276cffe94be",
          "index": 11,
          "parentId": "",
          "status": [
            4
          ],
          "target": "aa0ebcf2ae2c0d88ba24fd0a"
        },
        {
          "conditionType": "Quest",
          "dynamicLocale": false,
          "globalQuestCounterId": "",
          "id": "c8b3a9b50e17bc61b7badc5a",
          "index": 12,
          "parentId": "",
          "status": [
            4
          ],
          "target": "b64f16f8d4c0ed1fa993651b"
        },
        {
          "conditionType": "Quest",
          "dynamicLocale": false,
          "globalQuestCounterId": "",
          "id": "6cdacc9c93bdfaf5d9ccf3ce",
          "index": 13,
          "parentId": "",
          "status": [
            4
          ],
          "target": "97635b2dbffbf3d0f36b0908"
        }
      ],
      "Fail": []
    },
    "declinePlayerMessage": "20afd37e653bca0e559ba0d6 declinePlayerMessage",
    "description": "20afd37e653bca0e559ba0d6 description",
    "failMessageText": "20afd37e653bca0e559ba0d6 failMessageText",
    "image": "/files/quest/icon/596b465486f77457ca186188.jpg",
    "instantComplete": false,
    "isKey": false,
    "location": "56f40101d2720b2a4d8b45d6",
    "name": "20afd37e653bca0e559ba0d6 name",
    "note": "20afd37e653bca0e559ba0d6 note",
    "restartable": false,
    "rewards": {
      "Fail": [],
      "Started": [],
      "Success": [
        {
          "id": "5bcb9eb4bb04381d9f5af2ff",
          "index": 3,
          "type": "Experience",
          "value": "3500"
        },
        {
          "id": "97b1c6f02169bbeb3ce8e868",
          "index": 4,
          "items": [
            {
              "_id": "6c37a9453a658f37b3b3acc4",
              "_tpl": "5449016a4bdc2d6f028b456f",
              "upd": {
                "StackObjectsCount": 52500
              }
            }
          ],
          "target": "6c37a9453a658f37b3b3acc4",
          "type": "Item",
          "value": "52500"
        }
      ]
    },
    "secretQuest": false,
    "side": "Pmc",
    "startedMessageText": "20afd37e653bca0e559ba0d6 startedMessageText",
    "successMessageText": "20afd37e653bca0e559ba0d6 successMessageText",
    "traderId": "58330581ace78e27b8b10cee",
    "type": "Elimination"
  },
  "f39d0eaaefb6bf8dd566ccb3": {
    "QuestName": "[Ski] Headless Scav: Headshot 50 Scav(s) at Customs",
    "_id": "f39d0eaaefb6bf8dd566ccb3",
    "acceptPlayerMessage": "f39d0eaaefb6bf8dd566ccb3 acceptPlayerMessage",
    "canShowNotificationsInGame": true,
    "changeQuestMessageText": "f39d0eaaefb6bf8dd566ccb3 changeQuestMessageText",
    "completePlayerMessage": "f39d0eaaefb6bf8dd566ccb3 completePlayerMessage",
    "conditions": {
      "AvailableForFinish": [
        {
          "conditionType": "CounterCreator",
          "counter": {
            "conditions": [
              {
                "bodyPart": [
                  "Head"
                ],
                "compareMethod": ">=",
                "conditionType": "Kills",
                "id": "3b63c88cb291fd564befe8cc",
                "target": "Savage",
                "value": "1"
              },
              {
                "conditionType": "Location",
                "id": "e21e61f57b2dcbddd3d2d7ee",
                "target": [
                  "bigmap"
                ]
              }
            ],
            "id": "a3cacece1e8ab8847ddacfac"
          },
          "doNotResetIfCounterCompleted": false,
          "dynamicLocale": false,
          "globalQuestCounterId": "",
          "id": "a9a6fe9a1a5c9cefec19b7d9",
          "index": 0,
          "oneSessionOnly": false,
          "parentId": "",
          "type": "Elimination",
          "value": "50",
          "visibilityConditions": []
        }
      ],
      "AvailableForStart": [
        {
          "conditionType": "Quest",
          "dynamicLocale": false,
          "globalQuestCounterId": "",
          "id": "8bbaee688b1b37633bc88c7f",
          "index": 6,
          "parentId": "",
          "status": [
            4
          ],
          "target": "85b8efdbab2edfeae7ae33e7"
        },
        {
          "conditionType": "Quest",
          "dynamicLocale": false,
          "globalQuestCounterId": "",
          "id": "854c58d4fd705aaa3b25acbd",
          "index": 7,
          "parentId": "",
          "status": [
            4
          ],
          "target": "4bcecc867af22d41aff77e58"
        },
        {
          "conditionType": "Quest",
          "dynamicLocale": false,
          "globalQuestCounterId": "",
          "id": "da43fe89d49d2bbaff1ab7c5",
          "index": 8,
          "parentId": "",
          "status": [
            4
          ],
          "target": "367a0b6ee8bacaf6ee19eaa7"
        },
        {
          "conditionType": "Quest",
          "dynamicLocale": false,
          "globalQuestCounterId": "",
          "id": "806daeebb19b8c9ee3bb9cad",
          "index": 9,
          "parentId": "",
          "status": [
            4
          ],
          "target": "2aaed8ca99bf331eb2eeb3cf"
        },
        {
          "conditionType": "Quest",
          "dynamicLocale": false,
          "globalQuestCounterId": "",
          "id": "c36c6d38d77e4d2053baba3a",
          "index": 10,
          "parentId": "",
          "status": [
            4
          ],
          "target": "eb6589e578b27eaae3d2fddc"
        },
        {
          "conditionType": "Quest",
          "dynamicLocale": false,
          "globalQuestCounterId": "",
          "id": "27c4ec794a5bb88afe306ada",
          "index": 11,
          "parentId": "",
          "status": [
            4
          ],
          "target": "73aecf8fad7e7221d5b15c7b"
        },
        {
          "conditionType": "Quest",
          "dynamicLocale": false,
          "globalQuestCounterId": "",
          "id": "05e1de1497ff3db3e1ef8fac",
          "index": 12,
          "parentId": "",
          "status": [
            4
          ],
          "target": "cfeac3335fdc87b91a8d4d7e"
        },
        {
          "conditionType": "Quest",
          "dynamicLocale": false,
          "globalQuestCounterId": "",
          "id": "fbaf5aaa45cbdb58937a68bd",
          "index": 13,
          "parentId": "",
          "status": [
            4
          ],
          "target": "1e439ae66d9665b441adc9c0"
        }
      ],
      "Fail": []
    },
    "declinePlayerMessage": "f39d0eaaefb6bf8dd566ccb3 declinePlayerMessage",
    "description": "f39d0eaaefb6bf8dd566ccb3 description",
    "failMessageText": "f39d0eaaefb6bf8dd566ccb3 failMessageText",
    "image": "/files/quest/icon/596b465486f77457ca186188.jpg",
    "instantComplete": false,
    "isKey": false,
    "location": "56f40101d2720b2a4d8b45d6",
    "name": "f39d0eaaefb6bf8dd566ccb3 name",
    "note": "f39d0eaaefb6bf8dd566ccb3 note",
    "restartable": false,
    "rewards": {
      "Fail": [],
      "Started": [],
      "Success": [
        {
          "id": "bdad08d8aec6daa942cffbca",
          "index": 3,
          "type": "Experience",
          "value": "5000"
        },
        {
          "id": "40ef4aea9cb35ba11a8b8ec5",
          "index": 4,
          "items": [
            {
              "_id": "e3680bd2f9313b0580e43cac",
              "_tpl": "5449016a4bdc2d6f028b456f",
              "upd": {
                "StackObjectsCount": 75000
              }
            }
          ],
          "target": "e3680bd2f9313b0580e43cac",
          "type": "Item",
          "value": "75000"
        }
      ]
    },
    "secretQuest": false,
    "side": "Pmc",
    "startedMessageText": "f39d0eaaefb6bf8dd566ccb3 startedMessageText",
    "successMessageText": "f39d0eaaefb6bf8dd566ccb3 successMessageText",
    "traderId": "58330581ace78e27b8b10cee",
    "type": "Elimination"
  },
  "87ba3c78bab65b15aa16aea3": {
    "QuestName": "[Ski] Headless Scav: Headshot 75 Scav(s) at Customs",
    "_id": "87ba3c78bab65b15aa16aea3",
    "acceptPlayerMessage": "87ba3c78bab65b15aa16aea3 acceptPlayerMessage",
    "canShowNotificationsInGame": true,
    "changeQuestMessageText": "87ba3c78bab65b15aa16aea3 changeQuestMessageText",
    "completePlayerMessage": "87ba3c78bab65b15aa16aea3 completePlayerMessage",
    "conditions": {
      "AvailableForFinish": [
        {
          "conditionType": "CounterCreator",
          "counter": {
            "conditions": [
              {
                "bodyPart": [
                  "Head"
                ],
                "compareMethod": ">=",
                "conditionType": "Kills",
                "id": "50efbcbd06c1ef87c6aca86c",
                "target": "Savage",
                "value": "1"
              },
              {
                "conditionType": "Location",
                "id": "cde4eefdcd8fd4d77c8db795",
                "target": [
                  "bigmap"
                ]
              }
            ],
            "id": "fcb4f6b961ff7ddedddf2ad6"
          },
          "doNotResetIfCounterCompleted": false,
          "dynamicLocale": false,
          "globalQuestCounterId": "",
          "id": "449ee23beaffebfeec53aade",
          "index": 0,
          "oneSessionOnly": false,
          "parentId": "",
          "type": "Elimination",
          "value": "75",
          "visibilityConditions": []
        }
      ],
      "AvailableForStart": [
        {
          "conditionType": "Quest",
          "dynamicLocale": false,
          "globalQuestCounterId": "",
          "id": "3ccbef6f3bc050d5f5c1a6e3",
          "index": 6,
          "parentId": "",
          "status": [
            4
          ],
          "target": "20afd37e653bca0e559ba0d6"
        },
        {
          "conditionType": "Quest",
          "dynamicLocale": false,
          "globalQuestCounterId": "",
          "id": "a4c81bba295b0ccaeb34f11d",
          "index": 7,
          "parentId": "",
          "status": [
            4
          ],
          "target": "ce8c1ebab1d80ef2266ea4fb"
        },
        {
          "conditionType": "Quest",
          "dynamicLocale": false,
          "globalQuestCounterId": "",
          "id": "d0cc88ab178af6cdab6fcaee",
          "index": 8,
          "parentId": "",
          "status": [
            4
          ],
          "target": "a2d31bfdcd573ea0b056825a"
        },
        {
          "conditionType": "Quest",
          "dynamicLocale": false,
          "globalQuestCounterId": "",
          "id": "7da39fc7e9cf2a42fedbd6d9",
          "index": 9,
          "parentId": "",
          "status": [
            4
          ],
          "target": "89dc7eb672d9cec79adeea7a"
        },
        {
          "conditionType": "Quest",
          "dynamicLocale": false,
          "globalQuestCounterId": "",
          "id": "e07ce6caf23773acf0deac1f",
          "index": 10,
          "parentId": "",
          "status": [
            4
          ],
          "target": "e8db78cfffea80cf8273d692"
        },
        {
          "conditionType": "Quest",
          "dynamicLocale": false,
          "globalQuestCounterId": "",
          "id": "b1a7a8e9af585cdf6d80ad32",
          "index": 11,
          "parentId": "",
          "status": [
            4
          ],
          "target": "6a732f8fa4a7abef2fe3e8af"
        },
        {
          "conditionType": "Quest",
          "dynamicLocale": false,
          "globalQuestCounterId": "",
          "id": "1d21c064cbeeb080eadb1f7c",
          "index": 12,
          "parentId": "",
          "status": [
            4
          ],
          "target": "abcbae83b85cf8d5f54f89ee"
        },
        {
          "conditionType": "Quest",
          "dynamicLocale": false,
          "globalQuestCounterId": "",
          "id": "923cc18d60feedea6937bb42",
          "index": 13,
          "parentId": "",
          "status": [
            4
          ],
          "target": "619616f4b4bdc9d53197853d"
        }
      ],
      "Fail": []
    },
    "declinePlayerMessage": "87ba3c78bab65b15aa16aea3 declinePlayerMessage",
    "description": "87ba3c78bab65b15aa16aea3 description",
    "failMessageText": "87ba3c78bab65b15aa16aea3 failMessageText",
    "image": "/files/quest/icon/596b465486f77457ca186188.jpg",
    "instantComplete": false,
    "isKey": false,
    "location": "56f40101d2720b2a4d8b45d6",
    "name": "87ba3c78bab65b15aa16aea3 name",
    "note": "87ba3c78bab65b15aa16aea3 note",
    "restartable": false,
    "rewards": {
      "Fail": [],
      "Started": [],
      "Success": [
        {
          "id": "efe1e5db9bf58fb0ca0ea7f8",
          "index": 3,
          "type": "Experience",
          "value": "7500"
        },
        {
          "id": "71e3f00c8a2cb02fd416b35e",
          "index": 4,
          "items": [
            {
              "_id": "d28db53c34aa9ec0947bf9f3",
              "_tpl": "5449016a4bdc2d6f028b456f",
              "upd": {
                "StackObjectsCount": 112500
              }
            }
          ],
          "target": "d28db53c34aa9ec0947bf9f3",
          "type": "Item",
          "value": "112500"
        }
      ]
    },
    "secretQuest": false,
    "side": "Pmc",
    "startedMessageText": "87ba3c78bab65b15aa16aea3 startedMessageText",
    "successMessageText": "87ba3c78bab65b15aa16aea3 successMessageText",
    "traderId": "58330581ace78e27b8b10cee",
    "type": "Elimination"
  },
  "f5afaddb58fb7691315eda12": {
    "QuestName": "[Ski] Headless Scav: Headshot 100 Scav(s) at Customs",
    "_id": "f5afaddb58fb7691315eda12",
    "acceptPlayerMessage": "f5afaddb58fb7691315eda12 acceptPlayerMessage",
    "canShowNotificationsInGame": true,
    "changeQuestMessageText": "f5afaddb58fb7691315eda12 changeQuestMessageText",
    "completePlayerMessage": "f5afaddb58fb7691315eda12 completePlayerMessage",
    "conditions": {
      "AvailableForFinish": [
        {
          "conditionType": "CounterCreator",
          "counter": {
            "conditions": [
              {
                "bodyPart": [
                  "Head"
                ],
                "compareMethod": ">=",
                "conditionType": "Kills",
                "id": "cba33abeae55d33efc3ee004",
                "target": "Savage",
                "value": "1"
              },
              {
                "conditionType": "Location",
                "id": "33c5c4eeee4469aec36c4c22",
                "target": [
                  "bigmap"
                ]
              }
            ],
            "id": "a6b29e98e2e6d9e6b2b8f9ca"
          },
          "doNotResetIfCounterCompleted": false,
          "dynamicLocale": false,
          "globalQuestCounterId": "",
          "id": "adb008c7c7afed04dba0f6cd",
          "index": 0,
          "oneSessionOnly": false,
          "parentId": "",
          "type": "Elimination",
          "value": "100",
          "visibilityConditions": []
        }
      ],
      "AvailableForStart": [
        {
          "conditionType": "Quest",
          "dynamicLocale": false,
          "globalQuestCounterId": "",
          "id": "e0fd484fd75ae14c631cfbfb",
          "index": 6,
          "parentId": "",
          "status": [
            4
          ],
          "target": "f39d0eaaefb6bf8dd566ccb3"
        },
        {
          "conditionType": "Quest",
          "dynamicLocale": false,
          "globalQuestCounterId": "",
          "id": "a2aae1737a5c7704a32dac6a",
          "index": 7,
          "parentId": "",
          "status": [
            4
          ],
          "target": "7da44f20dcba4a90f1bccde8"
        },
        {
          "conditionType": "Quest",
          "dynamicLocale": false,
          "globalQuestCounterId": "",
          "id": "ebee8c5be108e91ef8e12f01",
          "index": 8,
          "parentId": "",
          "status": [
            4
          ],
          "target": "ae24ee312b2e2cce43965430"
        },
        {
          "conditionType": "Quest",
          "dynamicLocale": false,
          "globalQuestCounterId": "",
          "id": "6c4e2c57beaad1fd0dc87bbe",
          "index": 9,
          "parentId": "",
          "status": [
            4
          ],
          "target": "8a68dbad75e5981ad9dafbc3"
        },
        {
          "conditionType": "Quest",
          "dynamicLocale": false,
          "globalQuestCounterId": "",
          "id": "7acd13fdc3d2a428422f58f5",
          "index": 10,
          "parentId": "",
          "status": [
            4
          ],
          "target": "d8595a41dd0d2bdba06eb78e"
        },
        {
          "conditionType": "Quest",
          "dynamicLocale": false,
          "globalQuestCounterId": "",
          "id": "08c3708629e1c0173f98ce6e",
          "index": 11,
          "parentId": "",
          "status": [
            4
          ],
          "target": "df8b4feb300a9c1806d32f3a"
        },
        {
          "conditionType": "Quest",
          "dynamicLocale": false,
          "globalQuestCounterId": "",
          "id": "befcf7994f43cbce93d71c2f",
          "index": 12,
          "parentId": "",
          "status": [
            4
          ],
          "target": "fccb1aaccee902410c1feabd"
        },
        {
          "conditionType": "Quest",
          "dynamicLocale": false,
          "globalQuestCounterId": "",
          "id": "05dac9f37edd1cee1cd6f1e8",
          "index": 13,
          "parentId": "",
          "status": [
            4
          ],
          "target": "a1eef7ae5dd9fcf5acac922e"
        }
      ],
      "Fail": []
    },
    "declinePlayerMessage": "f5afaddb58fb7691315eda12 declinePlayerMessage",
    "description": "f5afaddb58fb7691315eda12 description",
    "failMessageText": "f5afaddb58fb7691315eda12 failMessageText",
    "image": "/files/quest/icon/596b465486f77457ca186188.jpg",
    "instantComplete": false,
    "isKey": false,
    "location": "56f40101d2720b2a4d8b45d6",
    "name": "f5afaddb58fb7691315eda12 name",
    "note": "f5afaddb58fb7691315eda12 note",
    "restartable": false,
    "rewards": {
      "Fail": [],
      "Started": [],
      "Success": [
        {
          "id": "8cfd5a358b9350db868e487c",
          "index": 3,
          "type": "Experience",
          "value": "10000"
        },
        {
          "id": "a37daeffdbe096a1f2e2c2fe",
          "index": 4,
          "items": [
            {
              "_id": "21ef3af4d49abc0c25774ec4",
              "_tpl": "5449016a4bdc2d6f028b456f",
              "upd": {
                "StackObjectsCount": 150000
              }
            }
          ],
          "target": "21ef3af4d49abc0c25774ec4",
          "type": "Item",
          "value": "150000"
        }
      ]
    },
    "secretQuest": false,
    "side": "Pmc",
    "startedMessageText": "f5afaddb58fb7691315eda12 startedMessageText",
    "successMessageText": "f5afaddb58fb7691315eda12 successMessageText",
    "traderId": "58330581ace78e27b8b10cee",
    "type": "Elimination"
  },
  "7f4a9bdb38babfdf2735bf6e": {
    "QuestName": "[Ski] Headless Scav: Headshot 250 Scav(s) at Customs",
    "_id": "7f4a9bdb38babfdf2735bf6e",
    "acceptPlayerMessage": "7f4a9bdb38babfdf2735bf6e acceptPlayerMessage",
    "canShowNotificationsInGame": true,
    "changeQuestMessageText": "7f4a9bdb38babfdf2735bf6e changeQuestMessageText",
    "completePlayerMessage": "7f4a9bdb38babfdf2735bf6e completePlayerMessage",
    "conditions": {
      "AvailableForFinish": [
        {
          "conditionType": "CounterCreator",
          "counter": {
            "conditions": [
              {
                "bodyPart": [
                  "Head"
                ],
                "compareMethod": ">=",
                "conditionType": "Kills",
                "id": "d99f04dd633439b7295fc655",
                "target": "Savage",
                "value": "1"
              },
              {
                "conditionType": "Location",
                "id": "ee68c298a1eab44e0cc7b2b8",
                "target": [
                  "bigmap"
                ]
              }
            ],
            "id": "52f06452c8bd1adc85be1f56"
          },
          "doNotResetIfCounterCompleted": false,
          "dynamicLocale": false,
          "globalQuestCounterId": "",
          "id": "9a81d4d68ffab19febdfeb40",
          "index": 0,
          "oneSessionOnly": false,
          "parentId": "",
          "type": "Elimination",
          "value": "250",
          "visibilityConditions": []
        }
      ],
      "AvailableForStart": [
        {
          "conditionType": "Quest",
          "dynamicLocale": false,
          "globalQuestCounterId": "",
          "id": "5337095ae4bb4b63151adbe1",
          "index": 6,
          "parentId": "",
          "status": [
            4
          ],
          "target": "87ba3c78bab65b15aa16aea3"
        },
        {
          "conditionType": "Quest",
          "dynamicLocale": false,
          "globalQuestCounterId": "",
          "id": "edfeecf4c09f8db4bbaea6f4",
          "index": 7,
          "parentId": "",
          "status": [
            4
          ],
          "target": "1ca4db7e0e08c8fd29d1fa53"
        },
        {
          "conditionType": "Quest",
          "dynamicLocale": false,
          "globalQuestCounterId": "",
          "id": "3241b2d1fc1e4d9bb75aadf6",
          "index": 8,
          "parentId": "",
          "status": [
            4
          ],
          "target": "54daa1d4c5d58c7efc07a3ab"
        },
        {
          "conditionType": "Quest",
          "dynamicLocale": false,
          "globalQuestCounterId": "",
          "id": "f861f4fdbfe83d41de03bfdf",
          "index": 9,
          "parentId": "",
          "status": [
            4
          ],
          "target": "87ba3c78bab65b15aa16aea3"
        },
        {
          "conditionType": "Quest",
          "dynamicLocale": false,
          "globalQuestCounterId": "",
          "id": "25a2ec3c7358268cb7ec021b",
          "index": 10,
          "parentId": "",
          "status": [
            4
          ],
          "target": "fe8caca618ecbb1f654dda11"
        },
        {
          "conditionType": "Quest",
          "dynamicLocale": false,
          "globalQuestCounterId": "",
          "id": "c52bbaef4dfe9fc2e79cd30f",
          "index": 11,
          "parentId": "",
          "status": [
            4
          ],
          "target": "a359e0f6ffef1819dd80b2ff"
        },
        {
          "conditionType": "Quest",
          "dynamicLocale": false,
          "globalQuestCounterId": "",
          "id": "b5ec7474ddfa76c35716d391",
          "index": 12,
          "parentId": "",
          "status": [
            4
          ],
          "target": "ac139aa0aab27f77b6bb2ff1"
        },
        {
          "conditionType": "Quest",
          "dynamicLocale": false,
          "globalQuestCounterId": "",
          "id": "aa5fc1982517e9dacd42f56e",
          "index": 13,
          "parentId": "",
          "status": [
            4
          ],
          "target": "c62804cfad609a7d0fe9cceb"
        }
      ],
      "Fail": []
    },
    "declinePlayerMessage": "7f4a9bdb38babfdf2735bf6e declinePlayerMessage",
    "description": "7f4a9bdb38babfdf2735bf6e description",
    "failMessageText": "7f4a9bdb38babfdf2735bf6e failMessageText",
    "image": "/files/quest/icon/596b465486f77457ca186188.jpg",
    "instantComplete": false,
    "isKey": false,
    "location": "56f40101d2720b2a4d8b45d6",
    "name": "7f4a9bdb38babfdf2735bf6e name",
    "note": "7f4a9bdb38babfdf2735bf6e note",
    "restartable": false,
    "rewards": {
      "Fail": [],
      "Started": [],
      "Success": [
        {
          "id": "e0c08cad15fedd6b0777dcb6",
          "index": 3,
          "type": "Experience",
          "value": "25000"
        },
        {
          "id": "a6dada7c6d5cbadd66b7abbb",
          "index": 4,
          "items": [
            {
              "_id": "12fca91b124e03ea4ebd66e4",
              "_tpl": "5449016a4bdc2d6f028b456f",
              "upd": {
                "StackObjectsCount": 375000
              }
            }
          ],
          "target": "12fca91b124e03ea4ebd66e4",
          "type": "Item",
          "value": "375000"
        }
      ]
    },
    "secretQuest": false,
    "side": "Pmc",
    "startedMessageText": "7f4a9bdb38babfdf2735bf6e startedMessageText",
    "successMessageText": "7f4a9bdb38babfdf2735bf6e successMessageText",
    "traderId": "58330581ace78e27b8b10cee",
    "type": "Elimination"
  },
  "43efdd4fe9e427999cfbbafa": {
    "QuestName": "[Ski] Headless Scav: Headshot 500 Scav(s) at Customs",
    "_id": "43efdd4fe9e427999cfbbafa",
    "acceptPlayerMessage": "43efdd4fe9e427999cfbbafa acceptPlayerMessage",
    "canShowNotificationsInGame": true,
    "changeQuestMessageText": "43efdd4fe9e427999cfbbafa changeQuestMessageText",
    "completePlayerMessage": "43efdd4fe9e427999cfbbafa completePlayerMessage",
    "conditions": {
      "AvailableForFinish": [
        {
          "conditionType": "CounterCreator",
          "counter": {
            "conditions": [
              {
                "bodyPart": [
                  "Head"
                ],
                "compareMethod": ">=",
                "conditionType": "Kills",
                "id": "ee410d5ac5e8eae5fd5852f6",
                "target": "Savage",
                "value": "1"
              },
              {
                "conditionType": "Location",
                "id": "8ed80cda42b4e8debf1114dd",
                "target": [
                  "bigmap"
                ]
              }
            ],
            "id": "ee36fa4bf56ac8cc339322f4"
          },
          "doNotResetIfCounterCompleted": false,
          "dynamicLocale": false,
          "globalQuestCounterId": "",
          "id": "1cc02d360bb460ada10b80c2",
          "index": 0,
          "oneSessionOnly": false,
          "parentId": "",
          "type": "Elimination",
          "value": "500",
          "visibilityConditions": []
        }
      ],
      "AvailableForStart": [
        {
          "conditionType": "Quest",
          "dynamicLocale": false,
          "globalQuestCounterId": "",
          "id": "4bba1515cf55c3e686dfc2b7",
          "index": 6,
          "parentId": "",
          "status": [
            4
          ],
          "target": "f5afaddb58fb7691315eda12"
        },
        {
          "conditionType": "Quest",
          "dynamicLocale": false,
          "globalQuestCounterId": "",
          "id": "0ba8cf0a9febdf8af50acdef",
          "index": 7,
          "parentId": "",
          "status": [
            4
          ],
          "target": "8d69b0c072efdff9acae8c40"
        },
        {
          "conditionType": "Quest",
          "dynamicLocale": false,
          "globalQuestCounterId": "",
          "id": "6c8c7fd0ffc88af98c7339ca",
          "index": 8,
          "parentId": "",
          "status": [
            4
          ],
          "target": "5be54ba2c1dbcbcbaef9e3f2"
        },
        {
          "conditionType": "Quest",
          "dynamicLocale": false,
          "globalQuestCounterId": "",
          "id": "b0cc97acb8ef47bdc8f85b46",
          "index": 9,
          "parentId": "",
          "status": [
            4
          ],
          "target": "2cbddec8ba5c0c159098e2f2"
        },
        {
          "conditionType": "Quest",
          "dynamicLocale": false,
          "globalQuestCounterId": "",
          "id": "df1c08e29da70ff5ce91d6fe",
          "index": 10,
          "parentId": "",
          "status": [
            4
          ],
          "target": "ab7fc0f7aa2e7b287adffb82"
        },
        {
          "conditionType": "Quest",
          "dynamicLocale": false,
          "globalQuestCounterId": "",
          "id": "fcf0fe72669d6aabdf8c8c59",
          "index": 11,
          "parentId": "",
          "status": [
            4
          ],
          "target": "e5ff4e481c1b64c71c11b05a"
        },
        {
          "conditionType": "Quest",
          "dynamicLocale": false,
          "globalQuestCounterId": "",
          "id": "c9d5bdd57f70cc96b1832dbd",
          "index": 12,
          "parentId": "",
          "status": [
            4
          ],
          "target": "8e4f1f4eb5e58fe22ea2aae2"
        },
        {
          "conditionType": "Quest",
          "dynamicLocale": false,
          "globalQuestCounterId": "",
          "id": "3e17a106cbddeb6a6ac9a12a",
          "index": 13,
          "parentId": "",
          "status": [
            4
          ],
          "target": "97baef46efd003b50e1cdadd"
        }
      ],
      "Fail": []
    },
    "declinePlayerMessage": "43efdd4fe9e427999cfbbafa declinePlayerMessage",
    "description": "43efdd4fe9e427999cfbbafa description",
    "failMessageText": "43efdd4fe9e427999cfbbafa failMessageText",
    "image": "/files/quest/icon/596b465486f77457ca186188.jpg",
    "instantComplete": false,
    "isKey": false,
    "location": "56f40101d2720b2a4d8b45d6",
    "name": "43efdd4fe9e427999cfbbafa name",
    "note": "43efdd4fe9e427999cfbbafa note",
    "restartable": false,
    "rewards": {
      "Fail": [],
      "Started": [],
      "Success": [
        {
          "id": "b684d6e85d1bc8c4e9ccba03",
          "index": 3,
          "type": "Experience",
          "value": "50000"
        },
        {
          "id": "6c5b85afdbfd9fbcc47a8f0d",
          "index": 4,
          "items": [
            {
              "_id": "cbfea620d12983abbc83099b",
              "_tpl": "5449016a4bdc2d6f028b456f",
              "upd": {
                "StackObjectsCount": 750000
              }
            }
          ],
          "target": "cbfea620d12983abbc83099b",
          "type": "Item",
          "value": "750000"
        }
      ]
    },
    "secretQuest": false,
    "side": "Pmc",
    "startedMessageText": "43efdd4fe9e427999cfbbafa startedMessageText",
    "successMessageText": "43efdd4fe9e427999cfbbafa successMessageText",
    "traderId": "58330581ace78e27b8b10cee",
    "type": "Elimination"
  }
}