{
  "f2a9a62a4f38f4e149eaabe8": {
    "QuestName": "[Jgr] Headless Scav: Headshot 2 Scav(s) at Woods",
    "_id": "f2a9a62a4f38f4e149eaabe8",
    "acceptPlayerMessage": "f2a9a62a4f38f4e149eaabe8 acceptPlayerMessage",
    "canShowNotificationsInGame": true,
    "changeQuestMessageText": "f2a9a62a4f38f4e149eaabe8 changeQuestMessageText",
    "completePlayerMessage": "f2a9a62a4f38f4e149eaabe8 completePlayerMessage",
    "conditions": {
      "AvailableForFinish": [
        {
          "conditionType": "CounterCreator",
          "counter": {
            "conditions": [
              {
                "bodyPart": [
                  "Head"
                ],
                "compareMethod": ">=",
                "conditionType": "Kills",
                "id": "babec72f51ae0a2a454c1cad",
                "target": "Savage",
                "value": "1"
              },
              {
                "conditionType": "Location",
                "id": "fd5f4a52dee3c6b0a5cf2dad",
                "target": [
                  "Woods"
                ]
              }
            ],
            "id": "8dd3965cd4aabebf62ecd6f8"
          },
          "doNotResetIfCounterCompleted": false,
          "dynamicLocale": false,
          "globalQuestCounterId": "",
          "id": "5bd5ef51cdd3ced95bc1fcd2",
          "index": 0,
          "oneSessionOnly": false,
          "parentId": "",
          "type": "Elimination",
          "value": "2",
          "visibilityConditions": []
        }
      ],
      "AvailableForStart": [],
      "Fail": []
    },
    "declinePlayerMessage": "f2a9a62a4f38f4e149eaabe8 declinePlayerMessage",
    "description": "f2a9a62a4f38f4e149eaabe8 description",
    "failMessageText": "f2a9a62a4f38f4e149eaabe8 failMessageText",
    "image": "/files/quest/icon/596b465486f77457ca186188.jpg",
    "instantComplete": false,
    "isKey": false,
    "location": "5704e3c2d2720bac5b8b4567",
    "name": "f2a9a62a4f38f4e149eaabe8 name",
    "note": "f2a9a62a4f38f4e149eaabe8 note",
    "restartable": false,
    "rewards": {
      "Fail": [],
      "Started": [],
      "Success": [
        {
          "id": "b19e765b5e0cf96f944eccdc",
          "index": 3,
          "type": "Experience",
          "value": "200"
        },
        {
          "id": "55cc9d590f4cabf4e3fae897",
          "index": 4,
          "items": [
            {
              "_id": "d6e1b1167aaebae1f8fc8a95",
              "_tpl": "5449016a4bdc2d6f028b456f",
              "upd": {
                "StackObjectsCount": 3000
              }
            }
          ],
          "target": "d6e1b1167aaebae1f8fc8a95",
          "type": "Item",
          "value": "3000"
        }
      ]
    },
    "secretQuest": false,
    "side": "Pmc",
    "startedMessageText": "f2a9a62a4f38f4e149eaabe8 startedMessageText",
    "successMessageText": "f2a9a62a4f38f4e149eaabe8 successMessageText",
    "traderId": "5c0647fdd443bc2504c2d371",
    "type": "Elimination"
  },
  "efe3fd8e06b85b27a91f1fef": {
    "QuestName": "[Jgr] Headless Scav: Headshot 5 Scav(s) at Woods",
    "_id": "efe3fd8e06b85b27a91f1fef",
    "acceptPlayerMessage": "efe3fd8e06b85b27a91f1fef acceptPlayerMessage",
    "canShowNotificationsInGame": true,
    "changeQuestMessageText": "efe3fd8e06b85b27a91f1fef changeQuestMessageText",
    "completePlayerMessage": "efe3fd8e06b85b27a91f1fef completePlayerMessage",
    "conditions": {
      "AvailableForFinish": [
        {
          "conditionType": "CounterCreator",
          "counter": {
            "conditions": [
              {
                "bodyPart": [
                  "Head"
                ],
                "compareMethod": ">=",
                "conditionType": "Kills",
                "id": "5adde0dc75364fef5dec9ea4",
                "target": "Savage",
                "value": "1"
              },
              {
                "conditionType": "Location",
                "id": "a36ce17b4fb99aa91d3d9baa",
                "target": [
                  "Woods"
                ]
              }
            ],
            "id": "aaeb31d9dfe3bc9a4ffd5b81"
          },
          "doNotResetIfCounterCompleted": false,
          "dynamicLocale": false,
          "globalQuestCounterId": "",
          "id": "dddb66adfbf1aacab2cff72f",
          "index": 0,
          "oneSessionOnly": false,
          "parentId": "",
          "type": "Elimination",
          "value": "5",
          "visibilityConditions": []
        }
      ],
      "AvailableForStart": [
        {
          "conditionType": "Quest",
          "dynamicLocale": false,
          "globalQuestCounterId": "",
          "id": "81b3986f9d23a2dfd59949ef",
          "index": 6,
          "parentId": "",
          "status": [
            4
          ],
          "target": "f2a9a62a4f38f4e149eaabe8"
        }
      ],
      "Fail": []
    },
    "declinePlayerMessage": "efe3fd8e06b85b27a91f1fef declinePlayerMessage",
    "description": "efe3fd8e06b85b27a91f1fef description",
    "failMessageText": "efe3fd8e06b85b27a91f1fef failMessageText",
    "image": "/files/quest/icon/596b465486f77457ca186188.jpg",
    "instantComplete": false,
    "isKey": false,
    "location": "5704e3c2d2720bac5b8b4567",
    "name": "efe3fd8e06b85b27a91f1fef name",
    "note": "efe3fd8e06b85b27a91f1fef note",
    "restartable": false,
    "rewards": {
      "Fail": [],
      "Started": [],
      "Success": [
        {
          "id": "86fbced344282ba6dab1b514",
          "index": 3,
          "type": "Experience",
          "value": "500"
        },
        {
          "id": "22c1db7b7fb6deb1e6a8d6b9",
          "index": 4,
          "items": [
            {
              "_id": "ecd81f01f92dac7d9bc03d3e",
              "_tpl": "5449016a4bdc2d6f028b456f",
              "upd": {
                "StackObjectsCount": 7500
              }
            }
          ],
          "target": "ecd81f01f92dac7d9bc03d3e",
          "type": "Item",
          "value": "7500"
        }
      ]
    },
    "secretQuest": false,
    "side": "Pmc",
    "startedMessageText": "efe3fd8e06b85b27a91f1fef startedMessageText",
    "successMessageText": "efe3fd8e06b85b27a91f1fef successMessageText",
    "traderId": "5c0647fdd443bc2504c2d371",
    "type": "Elimination"
  },
  "f79fda1463f11354adaf6169": {
    "QuestName": "[Jgr] Headless Scav: Headshot 10 Scav(s) at Woods",
    "_id": "f79fda1463f11354adaf6169",
    "acceptPlayerMessage": "f79fda1463f11354adaf6169 acceptPlayerMessage",
    "canShowNotificationsInGame": true,
    "changeQuestMessageText": "f79fda1463f11354adaf6169 changeQuestMessageText",
    "completePlayerMessage": "f79fda1463f11354adaf6169 completePlayerMessage",
    "conditions": {
      "AvailableForFinish": [
        {
          "conditionType": "CounterCreator",
          "counter": {
            "conditions": [
              {
                "bodyPart": [
                  "Head"
                ],
                "compareMethod": ">=",
                "conditionType": "Kills",
                "id": "a7b1aec76bd2942c204e2fd6",
                "target": "Savage",
                "value": "1"
              },
              {
                "conditionType": "Location",
                "id": "cb0480fddd2e3a209fa8324a",
                "target": [
                  "Woods"
                ]
              }
            ],
            "id": "85c838f0edc93b7f9b9ca66f"
          },
          "doNotResetIfCounterCompleted": false,
          "dynamicLocale": false,
          "globalQuestCounterId": "",
          "id": "95e5e950660feab39fbdbaed",
          "index": 0,
          "oneSessionOnly": false,
          "parentId": "",
          "type": "Elimination",
          "value": "10",
          "visibilityConditions": []
        }
      ],
      "AvailableForStart": [
        {
          "conditionType": "Quest",
          "dynamicLocale": false,
          "globalQuestCounterId": "",
          "id": "deb5d19c2ec8dce5a36a2b84",
          "index": 6,
          "parentId": "",
          "status": [
            4
          ],
          "target": "195742c1063cef1be954e5b3"
        },
        {
          "conditionType": "Quest",
          "dynamicLocale": false,
          "globalQuestCounterId": "",
          "id": "6bd3db2decbe1e2167bb898d",
          "index": 7,
          "parentId": "",
          "status": [
            4
          ],
          "target": "fdaecbacdd85ac308eae8beb"
        },
        {
          "conditionType": "Quest",
          "dynamicLocale": false,
          "globalQuestCounterId": "",
          "id": "ddd32d76778cd9ad5dbf6bab",
          "index": 8,
          "parentId": "",
          "status": [
            4
          ],
          "target": "f627c73f277deed25c885633"
        },
        {
          "conditionType": "Quest",
          "dynamicLocale": false,
          "globalQuestCounterId": "",
          "id": "a35d67a64c08b4adfb42cf2e",
          "index": 9,
          "parentId": "",
          "status": [
            4
          ],
          "target": "a19af8cc1affd5aad3acd443"
        },
        {
          "conditionType": "Quest",
          "dynamicLocale": false,
          "globalQuestCounterId": "",
          "id": "5aae2f80e5a57b70f07bbdec",
          "index": 10,
          "parentId": "",
          "status": [
            4
          ],
          "target": "f2a9a62a4f38f4e149eaabe8"
        },
        {
          "conditionType": "Quest",
          "dynamicLocale": false,
          "globalQuestCounterId": "",
          "id": "c70c94b3ea73ae6631691062",
          "index": 11,
          "parentId": "",
          "status": [
            4
          ],
          "target": "55e4cabbcac115156ecf6e13"
        },
        {
          "conditionType": "Quest",
          "dynamicLocale": false,
          "globalQuestCounterId": "",
          "id": "786cad81ce7595feb95347fa",
          "index": 12,
          "parentId": "",
          "status": [
            4
          ],
          "target": "dac5cb5ef883ba176bbfa54a"
        },
        {
          "conditionType": "Quest",
          "dynamicLocale": false,
          "globalQuestCounterId": "",
          "id": "8a9debea6cf6fde9b1cb0aa2",
          "index": 13,
          "parentId": "",
          "status": [
            4
          ],
          "target": "aba2d7d4981caab1a60fbbd3"
        }
      ],
      "Fail": []
    },
    "declinePlayerMessage": "f79fda1463f11354adaf6169 declinePlayerMessage",
    "description": "f79fda1463f11354adaf6169 description",
    "failMessageText": "f79fda1463f11354adaf6169 failMessageText",
    "image": "/files/quest/icon/596b465486f77457ca186188.jpg",
    "instantComplete": false,
    "isKey": false,
    "location": "5704e3c2d2720bac5b8b4567",
    "name": "f79fda1463f11354adaf6169 name",
    "note": "f79fda1463f11354adaf6169 note",
    "restartable": false,
    "rewards": {
      "Fail": [],
      "Started": [],
      "Success": [
        {
          "id": "9bbe5e02adcbd0cb2a32af58",
          "index": 3,
          "type": "Experience",
          "value": "1000"
        },
        {
          "id": "61d149e7ef6cb20f6de7e9bb",
          "index": 4,
          "items": [
            {
              "_id": "2054edeeca9f6faba03de8fd",
              "_tpl": "5449016a4bdc2d6f028b456f",
              "upd": {
                "StackObjectsCount": 15000
              }
            }
          ],
          "target": "2054edeeca9f6faba03de8fd",
          "type": "Item",
          "value": "15000"
        }
      ]
    },
    "secretQuest": false,
    "side": "Pmc",
    "startedMessageText": "f79fda1463f11354adaf6169 startedMessageText",
    "successMessageText": "f79fda1463f11354adaf6169 successMessageText",
    "traderId": "5c0647fdd443bc2504c2d371",
    "type": "Elimination"
  },
  "eb6589e578b27eaae3d2fddc": {
    "QuestName": "[Jgr] Headless Scav: Headshot 20 Scav(s) at Woods",
    "_id": "eb6589e578b27eaae3d2fddc",
    "acceptPlayerMessage": "eb6589e578b27eaae3d2fddc acceptPlayerMessage",
    "canShowNotificationsInGame": true,
    "changeQuestMessageText": "eb6589e578b27eaae3d2fddc changeQuestMessageText",
    "completePlayerMessage": "eb6589e578b27eaae3d2fddc completePlayerMessage",
    "conditions": {
      "AvailableForFinish": [
        {
          "conditionType": "CounterCreator",
          "counter": {
            "conditions": [
              {
                "bodyPart": [
                  "Head"
                ],
                "compareMethod": ">=",
                "conditionType": "Kills",
                "id": "d6ab4fd6ed64d5e9e43d201a",
                "target": "Savage",
                "value": "1"
              },
              {
                "conditionType": "Location",
                "id": "dcfa8fff83a3fde6c0e71f4b",
                "target": [
                  "Woods"
                ]
              }
            ],
            "id": "bcf7424e4f31585adf41647a"
          },
          "doNotResetIfCounterCompleted": false,
          "dynamicLocale": false,
          "globalQuestCounterId": "",
          "id": "cb0dec74ca6ca2f6cd0cbda6",
          "index": 0,
          "oneSessionOnly": false,
          "parentId": "",
          "type": "Elimination",
          "value": "20",
          "visibilityConditions": []
        }
      ],
      "AvailableForStart": [
        {
          "conditionType": "Quest",
          "dynamicLocale": false,
          "globalQuestCounterId": "",
          "id": "9ffd8ffddffafba1ad9fbddd",
          "index": 6,
          "parentId": "",
          "status": [
            4
          ],
          "target": "bbf8ffbb8fe59cb1e0adf8f7"
        },
        {
          "conditionType": "Quest",
          "dynamicLocale": false,
          "globalQuestCounterId": "",
          "id": "3ea6efa17ee5ab7203c7909a",
          "index": 7,
          "parentId": "",
          "status": [
            4
          ],
          "target": "cdf763892fbaec14bddbaaf5"
        },
        {
          "conditionType": "Quest",
          "dynamicLocale": false,
          "globalQuestCounterId": "",
          "id": "dad1449c028bdef0fccc8ae2",
          "index": 8,
          "parentId": "",
          "status": [
            4
          ],
          "target": "53cdca190f8aec90feba2a84"
        },
        {
          "conditionType": "Quest",
          "dynamicLocale": false,
          "globalQuestCounterId": "",
          "id": "cfd376144eaacfe1c334d9b0",
          "index": 9,
          "parentId": "",
          "status": [
            4
          ],
          "target": "2eaea947440d2e59bd831b55"
        },
        {
          "conditionType": "Quest",
          "dynamicLocale": false,
          "globalQuestCounterId": "",
          "id": "9e28a5c99020d96e9e3303e9",
          "index": 10,
          "parentId": "",
          "status": [
            4
          ],
          "target": "efe3fd8e06b85b27a91f1fef"
        },
        {
          "conditionType": "Quest",
          "dynamicLocale": false,
          "globalQuestCounterId": "",
          "id": "7ed6dae9c7b98dabfdeafdae",
          "index": 11,
          "parentId": "",
          "status": [
            4
          ],
          "target": "5d965ac322e62072bcfb0c07"
        },
        {
          "conditionType": "Quest",
          "dynamicLocale": false,
          "globalQuestCounterId": "",
          "id": "74a54d1ef5c228ecdaa4a4ad",
          "index": 12,
          "parentId": "",
          "status": [
            4
          ],
          "target": "243d6b2eb26ca7a93daaf7c1"
        },
        {
          "conditionType": "Quest",
          "dynamicLocale": false,
          "globalQuestCounterId": "",
          "id": "2c9ec20fd65812c531fab372",
          "index": 13,
          "parentId": "",
          "status": [
            4
          ],
          "target": "55ecf1badef9ad9ecb8e010a"
        }
      ],
      "Fail": []
    },
    "declinePlayerMessage": "eb6589e578b27eaae3d2fddc declinePlayerMessage",
    "description": "eb6589e578b27eaae3d2fddc description",
    "failMessageText": "eb6589e578b27eaae3d2fddc failMessageText",
    "image": "/files/quest/icon/596b465486f77457ca186188.jpg",
    "instantComplete": false,
    "isKey": false,
    "location": "5704e3c2d2720bac5b8b4567",
    "name": "eb6589e578b27eaae3d2fddc name",
    "note": "eb6589e578b27eaae3d2fddc note",
    "restartable": false,
    "rewards": {
      "Fail": [],
      "Started": [],
      "Success": [
        {
          "id": "a820e18a92c165568bab4efd",
          "index": 3,
          "type": "Experience",
          "value": "2000"
        },
        {
          "id": "fabc501f293a91a3a207dcda",
          "index": 4,
          "items": [
            {
              "_id": "dd1bea02fd2f983f1ecb3651",
              "_tpl": "5449016a4bdc2d6f028b456f",
              "upd": {
                "StackObjectsCount": 30000
              }
            }
          ],
          "target": "dd1bea02fd2f983f1ecb3651",
          "type": "Item",
          "value": "30000"
        }
      ]
    },
    "secretQuest": false,
    "side": "Pmc",
    "startedMessageText": "eb6589e578b27eaae3d2fddc startedMessageText",
    "successMessageText": "eb6589e578b27eaae3d2fddc successMessageText",
    "traderId": "5c0647fdd443bc2504c2d371",
    "type": "Elimination"
  },
  "e8db78cfffea80cf8273d692": {
    "QuestName": "[Jgr] Headless Scav: Headshot 35 Scav(s) at Woods",
    "_id": "e8db78cfffea80cf8273d692",
    "acceptPlayerMessage": "e8db78cfffea80cf8273d692 acceptPlayerMessage",
    "canShowNotificationsInGame": true,
    "changeQuestMessageText": "e8db78cfffea80cf8273d692 changeQuestMessageText",
    "completePlayerMessage": "e8db78cfffea80cf8273d692 completePlayerMessage",
    "conditions": {
      "AvailableForFinish": [
        {
          "conditionType": "CounterCreator",
          "counter": {
            "conditions": [
              {
                "bodyPart": [
                  "Head"
                ],
                "compareMethod": ">=",
                "conditionType": "Kills",
                "id": "dd9a5e5fbeac7fb89caceaf0",
                "target": "Savage",
                "value": "1"
              },
              {
                "conditionType": "Location",
                "id": "5d6aef46d1e0a8d9ecc0df5d",
                "target": [
                  "Woods"
                ]
              }
            ],
            "id": "632efeedd12f3dab6d763dfc"
          },
          "doNotResetIfCounterCompleted": false,
          "dynamicLocale": false,
          "globalQuestCounterId": "",
          "id": "bbe4eeabed4ffb5c0ffaf0af",
          "index": 0,
          "oneSessionOnly": false,
          "parentId": "",
          "type": "Elimination",
          "value": "35",
          "visibilityConditions": []
        }
      ],
      "AvailableForStart": [
        {
          "conditionType": "Quest",
          "dynamicLocale": false,
          "globalQuestCounterId": "",
          "id": "2dac2aa7ece843117bfed6c9",
          "index": 6,
          "parentId": "",
          "status": [
            4
          ],
          "target": "aff6a7b31b5d9d806b43efb4"
        },
        {
          "conditionType": "Quest",
          "dynamicLocale": false,
          "globalQuestCounterId": "",
          "id": "a9de72741f8eeaf27d2679f0",
          "index": 7,
          "parentId": "",
          "status": [
            4
          ],
          "target": "9ecf2fceff64f614fbfa4da0"
        },
        {
          "conditionType": "Quest",
          "dynamicLocale": false,
          "globalQuestCounterId": "",
          "id": "cff6cb8ceb3cb3ad8bcddb40",
          "index": 8,
          "parentId": "",
          "status": [
            4
          ],
          "target": "df0baf5167eafd2e889601dd"
        },
        {
          "conditionType": "Quest",
          "dynamicLocale": false,
          "globalQuestCounterId": "",
          "id": "a5bfedbcabb9f0bdc3f915bb",
          "index": 9,
          "parentId": "",
          "status": [
            4
          ],
          "target": "4e1c7fea1f0a9c5b0c433fa8"
        },
        {
          "conditionType": "Quest",
          "dynamicLocale": false,
          "globalQuestCounterId": "",
          "id": "7bbdee8c5efedff616de09be",
          "index": 10,
          "parentId": "",
          "status": [
            4
          ],
          "target": "f79fda1463f11354adaf6169"
        },
        {
          "conditionType": "Quest",
          "dynamicLocale": false,
          "globalQuestCounterId": "",
          "id": "0ca8ffb8ed69ff17446237d6",
          "index": 11,
          "parentId": "",
          "status": [
            4
          ],
          "target": "aa0ebcf2ae2c0d88ba24fd0a"
        },
        {
          "conditionType": "Quest",
          "dynamicLocale": false,
          "globalQuestCounterId": "",
          "id": "bd5ed248e1a3ab33ff9cab1c",
          "index": 12,
          "parentId": "",
          "status": [
            4
          ],
          "target": "b64f16f8d4c0ed1fa993651b"
        },
        {
          "conditionType": "Quest",
          "dynamicLocale": false,
          "globalQuestCounterId": "",
          "id": "b847becba7c8ac6ef47cbfba",
          "index": 13,
          "parentId": "",
          "status": [
            4
          ],
          "target": "97635b2dbffbf3d0f36b0908"
        }
      ],
      "Fail": []
    },
    "declinePlayerMessage": "e8db78cfffea80cf8273d692 declinePlayerMessage",
    "description": "e8db78cfffea80cf8273d692 description",
    "failMessageText": "e8db78cfffea80cf8273d692 failMessageText",
    "image": "/files/quest/icon/596b465486f77457ca186188.jpg",
    "instantComplete": false,
    "isKey": false,
    "location": "5704e3c2d2720bac5b8b4567",
    "name": "e8db78cfffea80cf8273d692 name",
    "note": "e8db78cfffea80cf8273d692 note",
    "restartable": false,
    "rewards": {
      "Fail": [],
      "Started": [],
      "Success": [
        {
          "id": "979b5d65872020d84afa08fa",
          "index": 3,
          "type": "Experience",
          "value": "3500"
        },
        {
          "id": "0d77fd5aaf42ec0d3467a1f0",
          "index": 4,
          "items": [
            {
              "_id": "7eef25ee397ae33ee073b9c3",
              "_tpl": "5449016a4bdc2d6f028b456f",
              "upd": {
                "StackObjectsCount": 52500
              }
            }
          ],
          "target": "7eef25ee397ae33ee073b9c3",
          "type": "Item",
          "value": "52500"
        }
      ]
    },
    "secretQuest": false,
    "side": "Pmc",
    "startedMessageText": "e8db78cfffea80cf8273d692 startedMessageText",
    "successMessageText": "e8db78cfffea80cf8273d692 successMessageText",
    "traderId": "5c0647fdd443bc2504c2d371",
    "type": "Elimination"
  },
  "d8595a41dd0d2bdba06eb78e": {
    "QuestName": "[Jgr] Headless Scav: Headshot 50 Scav(s) at Woods",
    "_id": "d8595a41dd0d2bdba06eb78e",
    "acceptPlayerMessage": "d8595a41dd0d2bdba06eb78e acceptPlayerMessage",
    "canShowNotificationsInGame": true,
    "changeQuestMessageText": "d8595a41dd0d2bdba06eb78e changeQuestMessageText",
    "completePlayerMessage": "d8595a41dd0d2bdba06eb78e completePlayerMessage",
    "conditions": {
      "AvailableForFinish": [
        {
          "conditionType": "CounterCreator",
          "counter": {
            "conditions": [
              {
                "bodyPart": [
                  "Head"
                ],
                "compareMethod": ">=",
                "conditionType": "Kills",
                "id": "8fe6c4f2cbe00854e9d2cb41",
                "target": "Savage",
                "value": "1"
              },
              {
                "conditionType": "Location",
                "id": "45accedab8dc8cd4f2652711",
                "target": [
                  "Woods"
                ]
              }
            ],
            "id": "9f089dd206ec2b7acaa2a3a1"
          },
          "doNotResetIfCounterCompleted": false,
          "dynamicLocale": false,
          "globalQuestCounterId": "",
          "id": "ed77fcc02ffc210953c5e3fd",
          "index": 0,
          "oneSessionOnly": false,
          "parentId": "",
          "type": "Elimination",
          "value": "50",
          "visibilityConditions": []
        }
      ],
      "AvailableForStart": [
        {
          "conditionType": "Quest",
          "dynamicLocale": false,
          "globalQuestCounterId": "",
          "id": "af2adcd4d6ea76e81cecbcee",
          "index": 6,
          "parentId": "",
          "status": [
            4
          ],
          "target": "85b8efdbab2edfeae7ae33e7"
        },
        {
          "conditionType": "Quest",
          "dynamicLocale": false,
          "globalQuestCounterId": "",
          "id": "aab74923bf5dc1fe0bebf7e8",
          "index": 7,
          "parentId": "",
          "status": [
            4
          ],
          "target": "4bcecc867af22d41aff77e58"
        },
        {
          "conditionType": "Quest",
          "dynamicLocale": false,
          "globalQuestCounterId": "",
          "id": "c1c9fafd0a55ab17d58a3a0f",
          "index": 8,
          "parentId": "",
          "status": [
            4
          ],
          "target": "367a0b6ee8bacaf6ee19eaa7"
        },
        {
          "conditionType": "Quest",
          "dynamicLocale": false,
          "globalQuestCounterId": "",
          "id": "661fad86e9dc3b07ca84ab63",
          "index": 9,
          "parentId": "",
          "status": [
            4
          ],
          "target": "2aaed8ca99bf331eb2eeb3cf"
        },
        {
          "conditionType": "Quest",
          "dynamicLocale": false,
          "globalQuestCounterId": "",
          "id": "cb8c3cd01befa5bddbaca4dd",
          "index": 10,
          "parentId": "",
          "status": [
            4
          ],
          "target": "eb6589e578b27eaae3d2fddc"
        },
        {
          "conditionType": "Quest",
          "dynamicLocale": false,
          "globalQuestCounterId": "",
          "id": "0c187256ac2bf4bd4164aedb",
          "index": 11,
          "parentId": "",
          "status": [
            4
          ],
          "target": "73aecf8fad7e7221d5b15c7b"
        },
        {
          "conditionType": "Quest",
          "dynamicLocale": false,
          "globalQuestCounterId": "",
          "id": "17ecbac19cfaa4a3cfab5d1d",
          "index": 12,
          "parentId": "",
          "status": [
            4
          ],
          "target": "cfeac3335fdc87b91a8d4d7e"
        },
        {
          "conditionType": "Quest",
          "dynamicLocale": false,
          "globalQuestCounterId": "",
          "id": "caa8e5db9154c0d4fedc8def",
          "index": 13,
          "parentId": "",
          "status": [
            4
          ],
          "target": "1e439ae66d9665b441adc9c0"
        }
      ],
      "Fail": []
    },
    "declinePlayerMessage": "d8595a41dd0d2bdba06eb78e declinePlayerMessage",
    "description": "d8595a41dd0d2bdba06eb78e description",
    "failMessageText": "d8595a41dd0d2bdba06eb78e failMessageText",
    "image": "/files/quest/icon/596b465486f77457ca186188.jpg",
    "instantComplete": false,
    "isKey": false,
    "location": "5704e3c2d2720bac5b8b4567",
    "name": "d8595a41dd0d2bdba06eb78e name",
    "note": "d8595a41dd0d2bdba06eb78e note",
    "restartable": false,
    "rewards": {
      "Fail": [],
      "Started": [],
      "Success": [
        {
          "id": "2bfebeefcca2dbb2f80c397d",
          "index": 3,
          "type": "Experience",
          "value": "5000"
        },
        {
          "id": "aaead7a3eb3fce8c2e1eafb2",
          "index": 4,
          "items": [
            {
              "_id": "deb1d5cf8bdf0fa91cfcd4bb",
              "_tpl": "5449016a4bdc2d6f028b456f",
              "upd": {
                "StackObjectsCount": 75000
              }
            }
          ],
          "target": "deb1d5cf8bdf0fa91cfcd4bb",
          "type": "Item",
          "value": "75000"
        }
      ]
    },
    "secretQuest": false,
    "side": "Pmc",
    "startedMessageText": "d8595a41dd0d2bdba06eb78e startedMessageText",
    "successMessageText": "d8595a41dd0d2bdba06eb78e successMessageText",
    "traderId": "5c0647fdd443bc2504c2d371",
    "type": "Elimination"
  },
  "fe8caca618ecbb1f654dda11": {
    "QuestName": "[Jgr] Headless Scav: Headshot 75 Scav(s) at Woods",
    "_id": "fe8caca618ecbb1f654dda11",
    "acceptPlayerMessage": "fe8caca618ecbb1f654dda11 acceptPlayerMessage",
    "canShowNotificationsInGame": true,
    "changeQuestMessageText": "fe8caca618ecbb1f654dda11 changeQuestMessageText",
    "completePlayerMessage": "fe8caca618ecbb1f654dda11 completePlayerMessage",
    "conditions": {
      "AvailableForFinish": [
        {
          "conditionType": "CounterCreator",
          "counter": {
            "conditions": [
              {
                "bodyPart": [
                  "Head"
                ],
                "compareMethod": ">=",
                "conditionType": "Kills",
                "id": "1afb2b9d4192d01afa3a2eb0",
                "target": "Savage",
                "value": "1"
              },
              {
                "conditionType": "Location",
                "id": "7eabf070a90cbc8a211ed2b2",
                "target": [
                  "Woods"
                ]
              }
            ],
            "id": "cfec144e3ac5be6cb8dafc0f"
          },
          "doNotResetIfCounterCompleted": false,
          "dynamicLocale": false,
          "globalQuestCounterId": "",
          "id": "46f4ef1e26dd81478c68d7b4",
          "index": 0,
          "oneSessionOnly": false,
          "parentId": "",
          "type": "Elimination",
          "value": "75",
          "visibilityConditions": []
        }
      ],
      "AvailableForStart": [
        {
          "conditionType": "Quest",
          "dynamicLocale": false,
          "globalQuestCounterId": "",
          "id": "a836b409a30c1ea5fcb11fdd",
          "index": 6,
          "parentId": "",
          "status": [
            4
          ],
          "target": "20afd37e653bca0e559ba0d6"
        },
        {
          "conditionType": "Quest",
          "dynamicLocale": false,
          "globalQuestCounterId": "",
          "id": "1d72ab1bacb3afff6cdaa7dc",
          "index": 7,
          "parentId": "",
          "status": [
            4
          ],
          "target": "ce8c1ebab1d80ef2266ea4fb"
        },
        {
          "conditionType": "Quest",
          "dynamicLocale": false,
          "globalQuestCounterId": "",
          "id": "9dfac09dddbc8b8bd505dbd3",
          "index": 8,
          "parentId": "",
          "status": [
            4
          ],
          "target": "a2d31bfdcd573ea0b056825a"
        },
        {
          "conditionType": "Quest",
          "dynamicLocale": false,
          "globalQuestCounterId": "",
          "id": "2ebeae5e2b9ecedf9765200f",
          "index": 9,
          "parentId": "",
          "status": [
            4
          ],
          "target": "89dc7eb672d9cec79adeea7a"
        },
        {
          "conditionType": "Quest",
          "dynamicLocale": false,
          "globalQuestCounterId": "",
          "id": "9bee218ce6e4ac2ccefcab5e",
          "index": 10,
          "parentId": "",
          "status": [
            4
          ],
          "target": "e8db78cfffea80cf8273d692"
        },
        {
          "conditionType": "Quest",
          "dynamicLocale": false,
          "globalQuestCounterId": "",
          "id": "bdcaba90dac382ce38cbf64d",
          "index": 11,
          "parentId": "",
          "status": [
            4
          ],
          "target": "6a732f8fa4a7abef2fe3e8af"
        },
        {
          "conditionType": "Quest",
          "dynamicLocale": false,
          "globalQuestCounterId": "",
          "id": "4dbbbfc8e7db8d48d7fb53d8",
          "index": 12,
          "parentId": "",
          "status": [
            4
          ],
          "target": "abcbae83b85cf8d5f54f89ee"
        },
        {
          "conditionType": "Quest",
          "dynamicLocale": false,
          "globalQuestCounterId": "",
          "id": "08eb0af3e9ebbb263c24dbbd",
          "index": 13,
          "parentId": "",
          "status": [
            4
          ],
          "target": "619616f4b4bdc9d53197853d"
        }
      ],
      "Fail": []
    },
    "declinePlayerMessage": "fe8caca618ecbb1f654dda11 declinePlayerMessage",
    "description": "fe8caca618ecbb1f654dda11 description",
    "failMessageText": "fe8caca618ecbb1f654dda11 failMessageText",
    "image": "/files/quest/icon/596b465486f77457ca186188.jpg",
    "instantComplete": false,
    "isKey": false,
    "location": "5704e3c2d2720bac5b8b4567",
    "name": "fe8caca618ecbb1f654dda11 name",
    "note": "fe8caca618ecbb1f654dda11 note",
    "restartable": false,
    "rewards": {
      "Fail": [],
      "Started": [],
      "Success": [
        {
          "id": "2a80e268ac96cc62784cb555",
          "index": 3,
          "type": "Experience",
          "value": "7500"
        },
        {
          "id": "8e3bccdf7fbfb3462791b62c",
          "index": 4,
          "items": [
            {
              "_id": "cac5ee7fe853bd7c821b37d0",
              "_tpl": "5449016a4bdc2d6f028b456f",
              "upd": {
                "StackObjectsCount": 112500
              }
            }
          ],
          "target": "cac5ee7fe853bd7c821b37d0",
          "type": "Item",
          "value": "112500"
        }
      ]
    },
    "secretQuest": false,
    "side": "Pmc",
    "startedMessageText": "fe8caca618ecbb1f654dda11 startedMessageText",
    "successMessageText": "fe8caca618ecbb1f654dda11 successMessageText",
    "traderId": "5c0647fdd443bc2504c2d371",
    "type": "Elimination"
  },
  "ab7fc0f7aa2e7b287adffb82": {
    "QuestName": "[Jgr] Headless Scav: Headshot 100 Scav(s) at Woods",
    "_id": "ab7fc0f7aa2e7b287adffb82",
    "acceptPlayerMessage": "ab7fc0f7aa2e7b287adffb82 acceptPlayerMessage",
    "canShowNotificationsInGame": true,
    "changeQuestMessageText": "ab7fc0f7aa2e7b287adffb82 changeQuestMessageText",
    "completePlayerMessage": "ab7fc0f7aa2e7b287adffb82 completePlayerMessage",
    "conditions": {
      "AvailableForFinish": [
        {
          "conditionType": "CounterCreator",
          "counter": {
            "conditions": [
              {
                "bodyPart": [
                  "Head"
                ],
                "compareMethod": ">=",
                "conditionType": "Kills",
                "id": "40ca1dd688d7a0f7fdb8d64d",
                "target": "Savage",
                "value": "1"
              },
              {
                "conditionType": "Location",
                "id": "ad7ecfbd1afa4d8b2fc94daa",
                "target": [
                  "Woods"
                ]
              }
            ],
            "id": "66ebaeca0cec9c5fcbe0eeaa"
          },
          "doNotResetIfCounterCompleted": false,
          "dynamicLocale": false,
          "globalQuestCounterId": "",
          "id": "d01faef561dbd0ad5f10c0bf",
          "index": 0,
          "oneSessionOnly": false,
          "parentId": "",
          "type": "Elimination",
          "value": "100",
          "visibilityConditions": []
        }
      ],
      "AvailableForStart": [
        {
          "conditionType": "Quest",
          "dynamicLocale": false,
          "globalQuestCounterId": "",
          "id": "57fa7caacc0bf949671a4f55",
          "index": 6,
          "parentId": "",
          "status": [
            4
          ],
          "target": "f39d0eaaefb6bf8dd566ccb3"
        },
        {
          "conditionType": "Quest",
          "dynamicLocale": false,
          "globalQuestCounterId": "",
          "id": "69affe0acad0dff22c1eefc6",
          "index": 7,
          "parentId": "",
          "status": [
            4
          ],
          "target": "7da44f20dcba4a90f1bccde8"
        },
        {
          "conditionType": "Quest",
          "dynamicLocale": false,
          "globalQuestCounterId": "",
          "id": "e1e6bb17e7a3a53afee4b898",
          "index": 8,
          "parentId": "",
          "status": [
            4
          ],
          "target": "ae24ee312b2e2cce43965430"
        },
        {
          "conditionType": "Quest",
          "dynamicLocale": false,
          "globalQuestCounterId": "",
          "id": "eb9a051ec8fac0abf71ba26f",
          "index": 9,
          "parentId": "",
          "status": [
            4
          ],
          "target": "8a68dbad75e5981ad9dafbc3"
        },
        {
          "conditionType": "Quest",
          "dynamicLocale": false,
          "globalQuestCounterId": "",
          "id": "afceb9ecf26d65b6adea9f50",
          "index": 10,
          "parentId": "",
          "status": [
            4
          ],
          "target": "d8595a41dd0d2bdba06eb78e"
        },
        {
          "conditionType": "Quest",
          "dynamicLocale": false,
          "globalQuestCounterId": "",
          "id": "4e93cb1690240cbbedf01071",
          "index": 11,
          "parentId": "",
          "status": [
            4
          ],
          "target": "df8b4feb300a9c1806d32f3a"
        },
        {
          "conditionType": "Quest",
          "dynamicLocale": false,
          "globalQuestCounterId": "",
          "id": "3ac1fd78895ffcb7dcb98eb2",
          "index": 12,
          "parentId": "",
          "status": [
            4
          ],
          "target": "fccb1aaccee902410c1feabd"
        },
        {
          "conditionType": "Quest",
          "dynamicLocale": false,
          "globalQuestCounterId": "",
          "id": "58ba64882ec366bfcb5576ab",
          "index": 13,
          "parentId": "",
          "status": [
            4
          ],
          "target": "a1eef7ae5dd9fcf5acac922e"
        }
      ],
      "Fail": []
    },
    "declinePlayerMessage": "ab7fc0f7aa2e7b287adffb82 declinePlayerMessage",
    "description": "ab7fc0f7aa2e7b287adffb82 description",
    "failMessageText": "ab7fc0f7aa2e7b287adffb82 failMessageText",
    "image": "/files/quest/icon/596b465486f77457ca186188.jpg",
    "instantComplete": false,
    "isKey": false,
    "location": "5704e3c2d2720bac5b8b4567",
    "name": "ab7fc0f7aa2e7b287adffb82 name",
    "note": "ab7fc0f7aa2e7b287adffb82 note",
    "restartable": false,
    "rewards": {
      "Fail": [],
      "Started": [],
      "Success": [
        {
          "id": "4ae7c2be02c6a0f1fe18ff71",
          "index": 3,
          "type": "Experience",
          "value": "10000"
        },
        {
          "id": "700d865316c52c2d89fe4472",
          "index": 4,
          "items": [
            {
              "_id": "dcc621c7c0ebf0d631ccdf45",
              "_tpl": "5449016a4bdc2d6f028b456f",
              "upd": {
                "StackObjectsCount": 150000
              }
            }
          ],
          "target": "dcc621c7c0ebf0d631ccdf45",
          "type": "Item",
          "value": "150000"
        }
      ]
    },
    "secretQuest": false,
    "side": "Pmc",
    "startedMessageText": "ab7fc0f7aa2e7b287adffb82 startedMessageText",
    "successMessageText": "ab7fc0f7aa2e7b287adffb82 successMessageText",
    "traderId": "5c0647fdd443bc2504c2d371",
    "type": "Elimination"
  },
  "c316d6a8e95ad655dafcf9e7": {
    "QuestName": "[Jgr] Headless Scav: Headshot 250 Scav(s) at Woods",
    "_id": "c316d6a8e95ad655dafcf9e7",
    "acceptPlayerMessage": "c316d6a8e95ad655dafcf9e7 acceptPlayerMessage",
    "canShowNotificationsInGame": true,
    "changeQuestMessageText": "c316d6a8e95ad655dafcf9e7 changeQuestMessageText",
    "completePlayerMessage": "c316d6a8e95ad655dafcf9e7 completePlayerMessage",
    "conditions": {
      "AvailableForFinish": [
        {
          "conditionType": "CounterCreator",
          "counter": {
            "conditions": [
              {
                "bodyPart": [
                  "Head"
                ],
                "compareMethod": ">=",
                "conditionType": "Kills",
                "id": "6ae7c067b7feba04bbf32d5a",
                "target": "Savage",
                "value": "1"
              },
              {
                "conditionType": "Location",
                "id": "e33bcf4db2f452876c355c33",
                "target": [
                  "Woods"
                ]
              }
            ],
            "id": "6eaf6c3eafafa9e3a33af1a7"
          },
          "doNotResetIfCounterCompleted": false,
          "dynamicLocale": false,
          "globalQuestCounterId": "",
          "id": "b5fa1b0ceac48afbedbbb2da",
          "index": 0,
          "oneSessionOnly": false,
          "parentId": "",
          "type": "Elimination",
          "value": "250",
          "visibilityConditions": []
        }
      ],
      "AvailableForStart": [
        {
          "conditionType": "Quest",
          "dynamicLocale": false,
          "globalQuestCounterId": "",
          "id": "ccfad3cc274b64dbf6c3ae94",
          "index": 6,
          "parentId": "",
          "status": [
            4
          ],
          "target": "87ba3c78bab65b15aa16aea3"
        },
        {
          "conditionType": "Quest",
          "dynamicLocale": false,
          "globalQuestCounterId": "",
          "id": "22acdddaaa49e5de37abb1da",
          "index": 7,
          "parentId": "",
          "status": [
            4
          ],
          "target": "1ca4db7e0e08c8fd29d1fa53"
        },
        {
          "conditionType": "Quest",
          "dynamicLocale": false,
          "globalQuestCounterId": "",
          "id": "bc4dd3bd9d004db1a73a7b7d",
          "index": 8,
          "parentId": "",
          "status": [
            4
          ],
          "target": "54daa1d4c5d58c7efc07a3ab"
        },
        {
          "conditionType": "Quest",
          "dynamicLocale": false,
          "globalQuestCounterId": "",
          "id": "f861f4fdbfe83d41de03bfdf",
          "index": 9,
          "parentId": "",
          "status": [
            4
          ],
          "target": "fe8caca618ecbb1f654dda11"
        },
        {
          "conditionType": "Quest",
          "dynamicLocale": false,
          "globalQuestCounterId": "",
          "id": "f2adaec4fe4a698b9a3b0fdd",
          "index": 10,
          "parentId": "",
          "status": [
            4
          ],
          "target": "fe8caca618ecbb1f654dda11"
        },
        {
          "conditionType": "Quest",
          "dynamicLocale": false,
          "globalQuestCounterId": "",
          "id": "d399ab1d6dcd39cbc5e3f0d7",
          "index": 11,
          "parentId": "",
          "status": [
            4
          ],
          "target": "a359e0f6ffef1819dd80b2ff"
        },
        {
          "conditionType": "Quest",
          "dynamicLocale": false,
          "globalQuestCounterId": "",
          "id": "24a04a99ed9b6c8b5dcb88c9",
          "index": 12,
          "parentId": "",
          "status": [
            4
          ],
          "target": "ac139aa0aab27f77b6bb2ff1"
        },
        {
          "conditionType": "Quest",
          "dynamicLocale": false,
          "globalQuestCounterId": "",
          "id": "3cb2a8cedba1edcba84c2ccf",
          "index": 13,
          "parentId": "",
          "status": [
            4
          ],
          "target": "c62804cfad609a7d0fe9cceb"
        }
      ],
      "Fail": []
    },
    "declinePlayerMessage": "c316d6a8e95ad655dafcf9e7 declinePlayerMessage",
    "description": "c316d6a8e95ad655dafcf9e7 description",
    "failMessageText": "c316d6a8e95ad655dafcf9e7 failMessageText",
    "image": "/files/quest/icon/596b465486f77457ca186188.jpg",
    "instantComplete": false,
    "isKey": false,
    "location": "5704e3c2d2720bac5b8b4567",
    "name": "c316d6a8e95ad655dafcf9e7 name",
    "note": "c316d6a8e95ad655dafcf9e7 note",
    "restartable": false,
    "rewards": {
      "Fail": [],
      "Started": [],
      "Success": [
        {
          "id": "24bc7d6efff286d7af1fa356",
          "index": 3,
          "type": "Experience",
          "value": "25000"
        },
        {
          "id": "fbe3cdcdf3adb3bce729defc",
          "index": 4,
          "items": [
            {
              "_id": "432698cb7ae4f6db4bf4f23e",
              "_tpl": "5449016a4bdc2d6f028b456f",
              "upd": {
                "StackObjectsCount": 375000
              }
            }
          ],
          "target": "432698cb7ae4f6db4bf4f23e",
          "type": "Item",
          "value": "375000"
        }
      ]
    },
    "secretQuest": false,
    "side": "Pmc",
    "startedMessageText": "c316d6a8e95ad655dafcf9e7 startedMessageText",
    "successMessageText": "c316d6a8e95ad655dafcf9e7 successMessageText",
    "traderId": "5c0647fdd443bc2504c2d371",
    "type": "Elimination"
  },
  "ddbedfacafb3bbdf8fc5c002": {
    "QuestName": "[Jgr] Headless Scav: Headshot 500 Scav(s) at Woods",
    "_id": "ddbedfacafb3bbdf8fc5c002",
    "acceptPlayerMessage": "ddbedfacafb3bbdf8fc5c002 acceptPlayerMessage",
    "canShowNotificationsInGame": true,
    "changeQuestMessageText": "ddbedfacafb3bbdf8fc5c002 changeQuestMessageText",
    "completePlayerMessage": "ddbedfacafb3bbdf8fc5c002 completePlayerMessage",
    "conditions": {
      "AvailableForFinish": [
        {
          "conditionType": "CounterCreator",
          "counter": {
            "conditions": [
              {
                "bodyPart": [
                  "Head"
                ],
                "compareMethod": ">=",
                "conditionType": "Kills",
                "id": "b9b5babcb2f9fbed822ee98e",
                "target": "Savage",
                "value": "1"
              },
              {
                "conditionType": "Location",
                "id": "0aeae79dde93e4943af6e9fa",
                "target": [
                  "Woods"
                ]
              }
            ],
            "id": "b75a9d45a3b55fa2f4c6dedd"
          },
          "doNotResetIfCounterCompleted": false,
          "dynamicLocale": false,
          "globalQuestCounterId": "",
          "id": "c0ada78aa6d71ffe21d6ac03",
          "index": 0,
          "oneSessionOnly": false,
          "parentId": "",
          "type": "Elimination",
          "value": "500",
          "visibilityConditions": []
        }
      ],
      "AvailableForStart": [
        {
          "conditionType": "Quest",
          "dynamicLocale": false,
          "globalQuestCounterId": "",
          "id": "ff9850e7dbfba90cdf6eaa66",
          "index": 6,
          "parentId": "",
          "status": [
            4
          ],
          "target": "f5afaddb58fb7691315eda12"
        },
        {
          "conditionType": "Quest",
          "dynamicLocale": false,
          "globalQuestCounterId": "",
          "id": "febccacbae746bcde1ede26d",
          "index": 7,
          "parentId": "",
          "status": [
            4
          ],
          "target": "8d69b0c072efdff9acae8c40"
        },
        {
          "conditionType": "Quest",
          "dynamicLocale": false,
          "globalQuestCounterId": "",
          "id": "c7dedf906a2d9df176c640c7",
          "index": 8,
          "parentId": "",
          "status": [
            4
          ],
          "target": "5be54ba2c1dbcbcbaef9e3f2"
        },
        {
          "conditionType": "Quest",
          "dynamicLocale": false,
          "globalQuestCounterId": "",
          "id": "00e684d666d72cc544daedf1",
          "index": 9,
          "parentId": "",
          "status": [
            4
          ],
          "target": "2cbddec8ba5c0c159098e2f2"
        },
        {
          "conditionType": "Quest",
          "dynamicLocale": false,
          "globalQuestCounterId": "",
          "id": "79de4b3faed47e7cffa844e7",
          "index": 10,
          "parentId": "",
          "status": [
            4
          ],
          "target": "ab7fc0f7aa2e7b287adffb82"
        },
        {
          "conditionType": "Quest",
          "dynamicLocale": false,
          "globalQuestCounterId": "",
          "id": "ea2a57fabff01d47edc85cdc",
          "index": 11,
          "parentId": "",
          "status": [
            4
          ],
          "target": "e5ff4e481c1b64c71c11b05a"
        },
        {
          "conditionType": "Quest",
          "dynamicLocale": false,
          "globalQuestCounterId": "",
          "id": "e40ad2d4a0757c9b0a3cdd55",
          "index": 12,
          "parentId": "",
          "status": [
            4
          ],
          "target": "8e4f1f4eb5e58fe22ea2aae2"
        },
        {
          "conditionType": "Quest",
          "dynamicLocale": false,
          "globalQuestCounterId": "",
          "id": "9fa08d42346b3ea8aaec2bf7",
          "index": 13,
          "parentId": "",
          "status": [
            4
          ],
          "target": "97baef46efd003b50e1cdadd"
        }
      ],
      "Fail": []
    },
    "declinePlayerMessage": "ddbedfacafb3bbdf8fc5c002 declinePlayerMessage",
    "description": "ddbedfacafb3bbdf8fc5c002 description",
    "failMessageText": "ddbedfacafb3bbdf8fc5c002 failMessageText",
    "image": "/files/quest/icon/596b465486f77457ca186188.jpg",
    "instantComplete": false,
    "isKey": false,
    "location": "5704e3c2d2720bac5b8b4567",
    "name": "ddbedfacafb3bbdf8fc5c002 name",
    "note": "ddbedfacafb3bbdf8fc5c002 note",
    "restartable": false,
    "rewards": {
      "Fail": [],
      "Started": [],
      "Success": [
        {
          "id": "f033fa92b0d6b2c416dea64e",
          "index": 3,
          "type": "Experience",
          "value": "50000"
        },
        {
          "id": "9bf4d71beeadb0dc026a5aa6",
          "index": 4,
          "items": [
            {
              "_id": "c01dbffcb33ced770ab72dc1",
              "_tpl": "5449016a4bdc2d6f028b456f",
              "upd": {
                "StackObjectsCount": 750000
              }
            }
          ],
          "target": "c01dbffcb33ced770ab72dc1",
          "type": "Item",
          "value": "750000"
        }
      ]
    },
    "secretQuest": false,
    "side": "Pmc",
    "startedMessageText": "ddbedfacafb3bbdf8fc5c002 startedMessageText",
    "successMessageText": "ddbedfacafb3bbdf8fc5c002 successMessageText",
    "traderId": "5c0647fdd443bc2504c2d371",
    "type": "Elimination"
  }
}