{
    "items": [
        {
            "_id": "61fcf31f55324313dd16e61d",
            "_tpl": "5780d0532459777a5108b9a2",
            "upd": {
                "UnlimitedCount": true,
                "StackObjectsCount": 999999999
            }
        },
        {
            "_id": "61fcf31f55324313dd16e61f",
            "_tpl": "567143bf4bdc2d1a0f8b4567",
            "upd": {
                "UnlimitedCount": true,
                "StackObjectsCount": 999999999
            }
        },
        {
            "_id": "61fcf31f55324313dd16e623",
            "_tpl": "590c60fc86f77412b13fddcf",
            "upd": {
                "UnlimitedCount": true,
                "StackObjectsCount": 999999999
            }
        },
        {
            "_id": "61fcf31f55324313dd16e627",
            "_tpl": "5673de654bdc2d180f8b456d",
            "upd": {
                "UnlimitedCount": true,
                "StackObjectsCount": 999999999
            }
        },
        {
            "_id": "61fcf31f55324313dd16e62d",
            "_tpl": "5ad5d7d286f77450166e0a89",
            "upd": {
                "UnlimitedCount": true,
                "StackObjectsCount": 999999999
            }
        },
        {
            "_id": "61fcf31f55324313dd16e62f",
            "_tpl": "590c657e86f77412b013051d",
            "upd": {
                "UnlimitedCount": true,
                "StackObjectsCount": 999999999
            }
        },
        {
            "_id": "61fcf31f55324313dd16e631",
            "_tpl": "59fafd4b86f7745ca07e1232",
            "upd": {
                "UnlimitedCount": true,
                "StackObjectsCount": 999999999
            }
        },
        {
            "_id": "61fcf31f55324313dd16e63d",
            "_tpl": "590c678286f77426c9660122",
            "upd": {
                "UnlimitedCount": true,
                "StackObjectsCount": 999999999
            }
        },
        {
            "_id": "61fcf31f55324313dd16e641",
            "_tpl": "619cbf7d23893217ec30b689",
            "upd": {
                "UnlimitedCount": true,
                "StackObjectsCount": 999999999
            }
        },
        {
            "_id": "61fcf31f55324313dd16e643",
            "_tpl": "544fb37f4bdc2dee738b4567",
            "upd": {
                "UnlimitedCount": true,
                "StackObjectsCount": 999999999
            }
        },
        {
            "_id": "61fcf31f55324313dd16e649",
            "_tpl": "59fb016586f7746d0d4b423a",
            "upd": {
                "UnlimitedCount": true,
                "StackObjectsCount": 999999999
            }
        },
        {
            "_id": "61fcf31f55324313dd16e64d",
            "_tpl": "59fb042886f7746c5005a7b2",
            "upd": {
                "UnlimitedCount": true,
                "StackObjectsCount": 999999999
            }
        },
        {
            "_id": "61fcf31f55324313dd16e655",
            "_tpl": "590c5d4b86f774784e1b9c45",
            "upd": {
                "UnlimitedCount": true,
                "StackObjectsCount": 999999999
            }
        },
        {
            "_id": "61fcf31f55324313dd16e659",
            "_tpl": "590c661e86f7741e566b646a",
            "upd": {
                "UnlimitedCount": true,
                "StackObjectsCount": 999999999
            }
        },
        {
            "_id": "61fcf31f55324313dd16e663",
            "_tpl": "5c0a840b86f7742ffa4f2482",
            "upd": {
                "UnlimitedCount": true,
                "StackObjectsCount": 999999999
            }
        },
        {
            "_id": "61fcf31f55324313dd16e665",
            "_tpl": "5c0e531286f7747fa54205c2",
            "upd": {
                "UnlimitedCount": true,
                "StackObjectsCount": 999999999
            }
        },
        {
            "_id": "61fcf31f55324313dd16e66b",
            "_tpl": "5aafbcd986f7745e590fff23",
            "upd": {
                "UnlimitedCount": true,
                "StackObjectsCount": 999999999
            }
        },
        {
            "_id": "61fcf31f55324313dd16e66d",
            "_tpl": "5d1b3a5d86f774252167ba22",
            "upd": {
                "UnlimitedCount": true,
                "StackObjectsCount": 999999999
            }
        },
        {
            "_id": "61fcf31f55324313dd16e66f",
            "_tpl": "59e3577886f774176a362503",
            "upd": {
                "UnlimitedCount": true,
                "StackObjectsCount": 999999999
            }
        },
        {
            "_id": "61fcf31f55324313dd16e671",
            "_tpl": "5af0454c86f7746bf20992e8",
            "upd": {
                "UnlimitedCount": true,
                "StackObjectsCount": 999999999
            }
        },
        {
            "_id": "61fcf31f55324313dd16e673",
            "_tpl": "544fb6cc4bdc2d34748b456e",
            "upd": {
                "UnlimitedCount": true,
                "StackObjectsCount": 999999999
            }
        },
        {
            "_id": "61fcf31f55324313dd16e675",
            "_tpl": "5af0548586f7743a532b7e99",
            "upd": {
                "UnlimitedCount": true,
                "StackObjectsCount": 999999999
            }
        },
        {
            "_id": "61fcf31f55324313dd16e677",
            "_tpl": "5c0e534186f7747fa1419867",
            "upd": {
                "UnlimitedCount": true,
                "StackObjectsCount": 999999999
            }
        },
        {
            "_id": "61fcf31f55324313dd16e679",
            "_tpl": "544fb45d4bdc2dee738b4568",
            "upd": {
                "UnlimitedCount": true,
                "StackObjectsCount": 999999999
            }
        },
        {
            "_id": "61fcf31f55324313dd16e67b",
            "_tpl": "5d80c78786f774403a401e3e",
            "upd": {
                "UnlimitedCount": true,
                "StackObjectsCount": 999999999
            }
        },
        {
            "_id": "61fcf31f55324313dd16e67d",
            "_tpl": "5c0e531d86f7747fa23f4d42",
            "upd": {
                "UnlimitedCount": true,
                "StackObjectsCount": 999999999
            }
        },
        {
            "_id": "61fcf31f55324313dd16e681",
            "_tpl": "5c0a840b86f7742ffa4f2482",
            "upd": {
                "UnlimitedCount": true,
                "StackObjectsCount": 999999999
            }
        },
        {
            "_id": "61fcf31f55324313dd16e683",
            "_tpl": "5e4abc6786f77406812bd572",
            "upd": {
                "UnlimitedCount": true,
                "StackObjectsCount": 999999999
            }
        },
        {
            "_id": "61fcf31f55324313dd16e685",
            "_tpl": "5c0530ee86f774697952d952",
            "upd": {
                "UnlimitedCount": true,
                "StackObjectsCount": 999999999
            }
        },
        {
            "_id": "61fcf31f55324313dd16e687",
            "_tpl": "5d02778e86f774203e7dedbe",
            "upd": {
                "UnlimitedCount": true,
                "StackObjectsCount": 999999999
            }
        },
        {
            "_id": "61fcf31f55324313dd16e689",
            "_tpl": "5b7c710788a4506dec015957",
            "upd": {
                "UnlimitedCount": true,
                "StackObjectsCount": 999999999
            }
        },
        {
            "_id": "61fcf31f55324313dd16e68b",
            "_tpl": "59fb042886f7746c5005a7b2",
            "upd": {
                "UnlimitedCount": true,
                "StackObjectsCount": 999999999
            }
        },
        {
            "_id": "61fcf31f55324313dd16e68d",
            "_tpl": "5a0ee37f86f774023657a86f",
            "upd": {
                "UnlimitedCount": true,
                "StackObjectsCount": 999999999
            }
        },
        {
            "_id": "61fcf31f55324313dd16e693",
            "_tpl": "5c10c8fd86f7743d7d706df3",
            "upd": {
                "UnlimitedCount": true,
                "StackObjectsCount": 999999999
            }
        },
        {
            "_id": "61fcf31f55324313dd16e695",
            "_tpl": "5448fee04bdc2dbc018b4567",
            "upd": {
                "UnlimitedCount": true,
                "StackObjectsCount": 999999999
            }
        },
        {
            "_id": "61fcf31f55324313dd16e697",
            "_tpl": "57347d5f245977448b40fa81",
            "upd": {
                "UnlimitedCount": true,
                "StackObjectsCount": 999999999
            }
        },
        {
            "_id": "61fcf31f55324313dd16e699",
            "_tpl": "5d1b371186f774253763a656",
            "upd": {
                "UnlimitedCount": true,
                "StackObjectsCount": 999999999
            }
        },
        {
            "_id": "61fcf31f55324313dd16e69b",
            "_tpl": "57347d3d245977448f7b7f61",
            "upd": {
                "UnlimitedCount": true,
                "StackObjectsCount": 999999999
            }
        },
        {
            "_id": "61fcf31f55324313dd16e69d",
            "_tpl": "5bc9be8fd4351e00334cae6e",
            "upd": {
                "UnlimitedCount": true,
                "StackObjectsCount": 999999999
            }
        },
        {
            "_id": "61fcf31f55324313dd16e69f",
            "_tpl": "5e8488fa988a8701445df1e4",
            "upd": {
                "UnlimitedCount": true,
                "StackObjectsCount": 999999999
            }
        },
        {
            "_id": "61fcf31f55324313dd16e6a1",
            "_tpl": "593aa4be86f77457f56379f8",
            "upd": {
                "UnlimitedCount": true,
                "StackObjectsCount": 999999999
            }
        },
        {
            "_id": "61fcf31f55324313dd16e6a3",
            "_tpl": "5938603e86f77435642354f4",
            "upd": {
                "UnlimitedCount": true,
                "StackObjectsCount": 999999999
            }
        },
        {
            "_id": "61fcf31f55324313dd16e6a5",
            "_tpl": "57347c93245977448d35f6e3",
            "upd": {
                "UnlimitedCount": true,
                "StackObjectsCount": 999999999
            }
        },
        {
            "_id": "61fcf31f55324313dd16e6a7",
            "_tpl": "5780d0532459777a5108b9a2",
            "upd": {
                "UnlimitedCount": true,
                "StackObjectsCount": 999999999
            }
        }
    ],
    "barter_scheme": {
        "61fcf31f55324313dd16e61d": [
            [
                {
                    "count": 4,
                    "_tpl": "5734758f24597738025ee253"
                }
            ]
        ],
        "61fcf31f55324313dd16e61f": [
            [
                {
                    "count": 6,
                    "_tpl": "5d1b3a5d86f774252167ba22"
                },
                {
                    "count": 4,
                    "_tpl": "5d1b3f2d86f774253763b735"
                }
            ]
        ],
        "61fcf31f55324313dd16e623": [
            [
                {
                    "count": 1,
                    "_tpl": "59e3658a86f7741776641ac4"
                },
                {
                    "count": 1,
                    "_tpl": "59e3639286f7741777737013"
                },
                {
                    "count": 4,
                    "_tpl": "573478bc24597738002c6175"
                }
            ]
        ],
        "61fcf31f55324313dd16e627": [
            [
                {
                    "count": 1,
                    "_tpl": "57347b8b24597737dd42e192"
                },
                {
                    "count": 1,
                    "_tpl": "56742c284bdc2d98058b456d"
                }
            ]
        ],
        "61fcf31f55324313dd16e62d": [
            [
                {
                    "count": 60,
                    "_tpl": "5734773724597737fd047c14"
                },
                {
                    "count": 10,
                    "_tpl": "57347d90245977448f7b7f65"
                }
            ]
        ],
        "61fcf31f55324313dd16e62f": [
            [
                {
                    "count": 1,
                    "_tpl": "590a3efd86f77437d351a25b"
                },
                {
                    "count": 1,
                    "_tpl": "590a3d9c86f774385926e510"
                }
            ]
        ],
        "61fcf31f55324313dd16e631": [
            [
                {
                    "count": 10,
                    "_tpl": "59e361e886f774176c10a2a5"
                },
                {
                    "count": 10,
                    "_tpl": "59e3606886f77417674759a5"
                },
                {
                    "count": 10,
                    "_tpl": "5e2af02c86f7746d420957d4"
                }
            ]
        ],
        "61fcf31f55324313dd16e63d": [
            [
                {
                    "count": 1,
                    "_tpl": "59e35abd86f7741778269d82"
                }
            ]
        ],
        "61fcf31f55324313dd16e641": [
            [
                {
                    "count": 20,
                    "_tpl": "619cc01e0a7c3a1a2731940c"
                },
                {
                    "count": 15,
                    "_tpl": "5d1b3f2d86f774253763b735"
                },
                {
                    "count": 12,
                    "_tpl": "59e361e886f774176c10a2a5"
                }
            ]
        ],
        "61fcf31f55324313dd16e643": [
            [
                {
                    "count": 1,
                    "_tpl": "57347b8b24597737dd42e192"
                }
            ]
        ],
        "61fcf31f55324313dd16e649": [
            [
                {
                    "count": 5,
                    "_tpl": "5734758f24597738025ee253"
                },
                {
                    "count": 2,
                    "_tpl": "59faf7ca86f7740dbe19f6c2"
                },
                {
                    "count": 2,
                    "_tpl": "5d235a5986f77443f6329bc6"
                }
            ]
        ],
        "61fcf31f55324313dd16e64d": [
            [
                {
                    "count": 20,
                    "_tpl": "5af0534a86f7743b6f354284"
                },
                {
                    "count": 15,
                    "_tpl": "5d1b3a5d86f774252167ba22"
                }
            ]
        ],
        "61fcf31f55324313dd16e655": [
            [
                {
                    "count": 1,
                    "_tpl": "5d1b3f2d86f774253763b735"
                }
            ]
        ],
        "61fcf31f55324313dd16e659": [
            [
                {
                    "count": 1,
                    "_tpl": "57347d5f245977448b40fa81"
                }
            ]
        ],
        "61fcf31f55324313dd16e663": [
            [
                {
                    "count": 15,
                    "_tpl": "5c052e6986f7746b207bc3c9"
                },
                {
                    "count": 15,
                    "_tpl": "5c0530ee86f774697952d952"
                },
                {
                    "count": 15,
                    "_tpl": "5af0548586f7743a532b7e99"
                },
                {
                    "count": 15,
                    "_tpl": "57347c93245977448d35f6e3"
                }
            ]
        ],
        "61fcf31f55324313dd16e665": [
            [
                {
                    "count": 1,
                    "_tpl": "5d1b3f2d86f774253763b735"
                },
                {
                    "count": 1,
                    "_tpl": "59e361e886f774176c10a2a5"
                },
                {
                    "count": 1,
                    "_tpl": "59e35abd86f7741778269d82"
                }
            ]
        ],
        "61fcf31f55324313dd16e66b": [
            [
                {
                    "count": 7,
                    "_tpl": "5b4335ba86f7744d2837a264"
                },
                {
                    "count": 7,
                    "_tpl": "5d1b3f2d86f774253763b735"
                },
                {
                    "count": 2,
                    "_tpl": "5755383e24597772cb798966"
                },
                {
                    "count": 4,
                    "_tpl": "619cc01e0a7c3a1a2731940c"
                }
            ]
        ],
        "61fcf31f55324313dd16e66d": [
            [
                {
                    "count": 3,
                    "_tpl": "56742c284bdc2d98058b456d"
                },
                {
                    "count": 2,
                    "_tpl": "57347b8b24597737dd42e192"
                }
            ]
        ],
        "61fcf31f55324313dd16e66f": [
            [
                {
                    "count": 6,
                    "_tpl": "5d1b3a5d86f774252167ba22"
                }
            ]
        ],
        "61fcf31f55324313dd16e671": [
            [
                {
                    "count": 2,
                    "_tpl": "5d1b3f2d86f774253763b735"
                }
            ]
        ],
        "61fcf31f55324313dd16e673": [
            [
                {
                    "count": 1,
                    "_tpl": "57513fcc24597720a31c09a6"
                }
            ]
        ],
        "61fcf31f55324313dd16e675": [
            [
                {
                    "count": 1,
                    "_tpl": "5b4335ba86f7744d2837a264"
                },
                {
                    "count": 3,
                    "_tpl": "5d1b3a5d86f774252167ba22"
                }
            ]
        ],
        "61fcf31f55324313dd16e677": [
            [
                {
                    "count": 4,
                    "_tpl": "5d40412b86f7743cb332ac3a"
                }
            ]
        ],
        "61fcf31f55324313dd16e679": [
            [
                {
                    "count": 1,
                    "_tpl": "59e3596386f774176c10a2a2"
                }
            ]
        ],
        "61fcf31f55324313dd16e67b": [
            [
                {
                    "count": 4,
                    "_tpl": "5d1b33a686f7742523398398"
                },
                {
                    "count": 4,
                    "_tpl": "5d1b385e86f774252167b98a"
                }
            ]
        ],
        "61fcf31f55324313dd16e67d": [
            [
                {
                    "count": 2,
                    "_tpl": "59e3606886f77417674759a5"
                },
                {
                    "count": 1,
                    "_tpl": "59e361e886f774176c10a2a5"
                }
            ]
        ],
        "61fcf31f55324313dd16e681": [
            [
                {
                    "count": 50,
                    "_tpl": "5d1b376e86f774252519444e"
                },
                {
                    "count": 50,
                    "_tpl": "5d40407c86f774318526545a"
                },
                {
                    "count": 30,
                    "_tpl": "5d403f9186f7743cac3f229b"
                }
            ]
        ],
        "61fcf31f55324313dd16e683": [
            [
                {
                    "count": 2,
                    "_tpl": "590c695186f7741e566b64a2"
                },
                {
                    "count": 2,
                    "_tpl": "5755383e24597772cb798966"
                },
                {
                    "count": 2,
                    "_tpl": "5d02797c86f774203f38e30a"
                },
                {
                    "count": 3,
                    "_tpl": "5d1b3a5d86f774252167ba22"
                }
            ]
        ],
        "61fcf31f55324313dd16e685": [
            [
                {
                    "count": 160,
                    "side": "Any",
                    "_tpl": "59f32c3b86f77472a31742f0"
                }
            ]
        ],
        "61fcf31f55324313dd16e687": [
            [
                {
                    "count": 2,
                    "_tpl": "5e2aef7986f7746d3f3c33f5"
                }
            ]
        ],
        "61fcf31f55324313dd16e689": [
            [
                {
                    "count": 100,
                    "side": "Any",
                    "_tpl": "59f32c3b86f77472a31742f0"
                }
            ]
        ],
        "61fcf31f55324313dd16e68b": [
            [
                {
                    "count": 150,
                    "side": "Any",
                    "_tpl": "59f32c3b86f77472a31742f0"
                }
            ]
        ],
        "61fcf31f55324313dd16e68d": [
            [
                {
                    "count": 8,
                    "_tpl": "5e2af02c86f7746d420957d4"
                }
            ]
        ],
        "61fcf31f55324313dd16e693": [
            [
                {
                    "count": 1,
                    "_tpl": "5d1b3f2d86f774253763b735"
                },
                {
                    "count": 1,
                    "_tpl": "590a3d9c86f774385926e510"
                }
            ]
        ],
        "61fcf31f55324313dd16e695": [
            [
                {
                    "count": 1,
                    "_tpl": "59e361e886f774176c10a2a5"
                }
            ]
        ],
        "61fcf31f55324313dd16e697": [
            [
                {
                    "count": 2,
                    "_tpl": "57347c93245977448d35f6e3"
                }
            ]
        ],
        "61fcf31f55324313dd16e699": [
            [
                {
                    "count": 1,
                    "_tpl": "5d1b33a686f7742523398398"
                },
                {
                    "count": 4,
                    "_tpl": "544fb62a4bdc2dfb738b4568"
                }
            ]
        ],
        "61fcf31f55324313dd16e69b": [
            [
                {
                    "count": 1,
                    "_tpl": "5751487e245977207e26a315"
                }
            ]
        ],
        "61fcf31f55324313dd16e69d": [
            [
                {
                    "count": 4,
                    "_tpl": "575062b524597720a31c09a1"
                }
            ]
        ],
        "61fcf31f55324313dd16e69f": [
            [
                {
                    "count": 2,
                    "_tpl": "59e35ef086f7741777737012"
                }
            ]
        ],
        "61fcf31f55324313dd16e6a1": [
            [
                {
                    "count": 7,
                    "_tpl": "57347cd0245977445a2d6ff1"
                },
                {
                    "count": 3,
                    "_tpl": "5734795124597738002c6176"
                }
            ]
        ],
        "61fcf31f55324313dd16e6a3": [
            [
                {
                    "count": 7,
                    "_tpl": "5d1b3a5d86f774252167ba22"
                }
            ]
        ],
        "61fcf31f55324313dd16e6a5": [
            [
                {
                    "count": 2,
                    "_tpl": "5d4041f086f7743cac3f22a7"
                }
            ]
        ],
        "61fcf31f55324313dd16e6a7": [
            [
                {
                    "count": 2,
                    "_tpl": "575062b524597720a31c09a1"
                },
                {
                    "count": 4,
                    "_tpl": "5448ff904bdc2d6f028b456e"
                },
                {
                    "count": 2,
                    "_tpl": "57347d8724597744596b4e76"
                }
            ]
        ]
    },
    "loyal_level_items": {
        "61fcf31f55324313dd16e61d": 2,
        "61fcf31f55324313dd16e61f": 2,
        "61fcf31f55324313dd16e623": 2,
        "61fcf31f55324313dd16e627": 1,
        "61fcf31f55324313dd16e62d": 4,
        "61fcf31f55324313dd16e62f": 2,
        "61fcf31f55324313dd16e631": 2,
        "61fcf31f55324313dd16e63d": 2,
        "61fcf31f55324313dd16e641": 3,
        "61fcf31f55324313dd16e643": 1,
        "61fcf31f55324313dd16e649": 4,
        "61fcf31f55324313dd16e64d": 3,
        "61fcf31f55324313dd16e655": 1,
        "61fcf31f55324313dd16e659": 1,
        "61fcf31f55324313dd16e663": 4,
        "61fcf31f55324313dd16e665": 3,
        "61fcf31f55324313dd16e66b": 2,
        "61fcf31f55324313dd16e66d": 1,
        "61fcf31f55324313dd16e66f": 4,
        "61fcf31f55324313dd16e671": 2,
        "61fcf31f55324313dd16e673": 1,
        "61fcf31f55324313dd16e675": 4,
        "61fcf31f55324313dd16e677": 3,
        "61fcf31f55324313dd16e679": 1,
        "61fcf31f55324313dd16e67b": 3,
        "61fcf31f55324313dd16e67d": 4,
        "61fcf31f55324313dd16e681": 4,
        "61fcf31f55324313dd16e683": 3,
        "61fcf31f55324313dd16e685": 3,
        "61fcf31f55324313dd16e687": 2,
        "61fcf31f55324313dd16e689": 2,
        "61fcf31f55324313dd16e68b": 3,
        "61fcf31f55324313dd16e68d": 2,
        "61fcf31f55324313dd16e693": 2,
        "61fcf31f55324313dd16e695": 1,
        "61fcf31f55324313dd16e697": 1,
        "61fcf31f55324313dd16e699": 2,
        "61fcf31f55324313dd16e69b": 2,
        "61fcf31f55324313dd16e69d": 2,
        "61fcf31f55324313dd16e69f": 1,
        "61fcf31f55324313dd16e6a1": 1,
        "61fcf31f55324313dd16e6a3": 1,
        "61fcf31f55324313dd16e6a5": 1,
        "61fcf31f55324313dd16e6a7": 1
    }
}