{
  "fdaecbacdd85ac308eae8beb": {
    "QuestName": "[[Rag]] Headless Scav: Headshot 2 Scav(s) at Interchange",
    "_id": "fdaecbacdd85ac308eae8beb",
    "acceptPlayerMessage": "fdaecbacdd85ac308eae8beb acceptPlayerMessage",
    "canShowNotificationsInGame": true,
    "changeQuestMessageText": "fdaecbacdd85ac308eae8beb changeQuestMessageText",
    "completePlayerMessage": "fdaecbacdd85ac308eae8beb completePlayerMessage",
    "conditions": {
      "AvailableForFinish": [
        {
          "conditionType": "CounterCreator",
          "counter": {
            "conditions": [
              {
                "bodyPart": [
                  "Head"
                ],
                "compareMethod": ">=",
                "conditionType": "Kills",
                "id": "5dda903b05ff366da51b0cee",
                "target": "Savage",
                "value": "1"
              },
              {
                "conditionType": "Location",
                "id": "da78638455a9e1e74c027b3d",
                "target": [
                  "Interchange"
                ]
              }
            ],
            "id": "daadfe8e3fd34bcf106cab26"
          },
          "doNotResetIfCounterCompleted": false,
          "dynamicLocale": false,
          "globalQuestCounterId": "",
          "id": "2d82cc0dbc4d1234dcd1d71e",
          "index": 0,
          "oneSessionOnly": false,
          "parentId": "",
          "type": "Elimination",
          "value": "2",
          "visibilityConditions": []
        }
      ],
      "AvailableForStart": [],
      "Fail": []
    },
    "declinePlayerMessage": "fdaecbacdd85ac308eae8beb declinePlayerMessage",
    "description": "fdaecbacdd85ac308eae8beb description",
    "failMessageText": "fdaecbacdd85ac308eae8beb failMessageText",
    "image": "/files/quest/icon/596b465486f77457ca186188.jpg",
    "instantComplete": false,
    "isKey": false,
    "location": "5714dbc024597771384a510d",
    "name": "fdaecbacdd85ac308eae8beb name",
    "note": "fdaecbacdd85ac308eae8beb note",
    "restartable": false,
    "rewards": {
      "Fail": [],
      "Started": [],
      "Success": [
        {
          "id": "8a33c4aa4b58c403f03f1dfc",
          "index": 3,
          "type": "Experience",
          "value": "200"
        },
        {
          "id": "7b411e53337c2445aea3cfc9",
          "index": 4,
          "items": [
            {
              "_id": "a9fad10ce6b43fe87a72a3e5",
              "_tpl": "5449016a4bdc2d6f028b456f",
              "upd": {
                "StackObjectsCount": 3000
              }
            }
          ],
          "target": "a9fad10ce6b43fe87a72a3e5",
          "type": "Item",
          "value": "3000"
        }
      ]
    },
    "secretQuest": false,
    "side": "Pmc",
    "startedMessageText": "fdaecbacdd85ac308eae8beb startedMessageText",
    "successMessageText": "fdaecbacdd85ac308eae8beb successMessageText",
    "traderId": "5ac3b934156ae10c4430e83c",
    "type": "Elimination"
  },
  "cdf763892fbaec14bddbaaf5": {
    "QuestName": "[[Rag]] Headless Scav: Headshot 5 Scav(s) at Interchange",
    "_id": "cdf763892fbaec14bddbaaf5",
    "acceptPlayerMessage": "cdf763892fbaec14bddbaaf5 acceptPlayerMessage",
    "canShowNotificationsInGame": true,
    "changeQuestMessageText": "cdf763892fbaec14bddbaaf5 changeQuestMessageText",
    "completePlayerMessage": "cdf763892fbaec14bddbaaf5 completePlayerMessage",
    "conditions": {
      "AvailableForFinish": [
        {
          "conditionType": "CounterCreator",
          "counter": {
            "conditions": [
              {
                "bodyPart": [
                  "Head"
                ],
                "compareMethod": ">=",
                "conditionType": "Kills",
                "id": "4bfcff5e3cf0a1baa2df4b41",
                "target": "Savage",
                "value": "1"
              },
              {
                "conditionType": "Location",
                "id": "90185dfaeb5cdff858a308cd",
                "target": [
                  "Interchange"
                ]
              }
            ],
            "id": "cbb47e11d6bd40cbcbab1785"
          },
          "doNotResetIfCounterCompleted": false,
          "dynamicLocale": false,
          "globalQuestCounterId": "",
          "id": "6d2bbaacfa1b7f4111ae3bfb",
          "index": 0,
          "oneSessionOnly": false,
          "parentId": "",
          "type": "Elimination",
          "value": "5",
          "visibilityConditions": []
        }
      ],
      "AvailableForStart": [
        {
          "conditionType": "Quest",
          "dynamicLocale": false,
          "globalQuestCounterId": "",
          "id": "be4fcc8dc6bda6be13d99c04",
          "index": 6,
          "parentId": "",
          "status": [
            4
          ],
          "target": "fdaecbacdd85ac308eae8beb"
        }
      ],
      "Fail": []
    },
    "declinePlayerMessage": "cdf763892fbaec14bddbaaf5 declinePlayerMessage",
    "description": "cdf763892fbaec14bddbaaf5 description",
    "failMessageText": "cdf763892fbaec14bddbaaf5 failMessageText",
    "image": "/files/quest/icon/596b465486f77457ca186188.jpg",
    "instantComplete": false,
    "isKey": false,
    "location": "5714dbc024597771384a510d",
    "name": "cdf763892fbaec14bddbaaf5 name",
    "note": "cdf763892fbaec14bddbaaf5 note",
    "restartable": false,
    "rewards": {
      "Fail": [],
      "Started": [],
      "Success": [
        {
          "id": "fbcb9ea9df138d1d634bb0e7",
          "index": 3,
          "type": "Experience",
          "value": "500"
        },
        {
          "id": "df181deeec39eabef934e6de",
          "index": 4,
          "items": [
            {
              "_id": "eb6b1a3a5fb437baad9afdb8",
              "_tpl": "5449016a4bdc2d6f028b456f",
              "upd": {
                "StackObjectsCount": 7500
              }
            }
          ],
          "target": "eb6b1a3a5fb437baad9afdb8",
          "type": "Item",
          "value": "7500"
        }
      ]
    },
    "secretQuest": false,
    "side": "Pmc",
    "startedMessageText": "cdf763892fbaec14bddbaaf5 startedMessageText",
    "successMessageText": "cdf763892fbaec14bddbaaf5 successMessageText",
    "traderId": "5ac3b934156ae10c4430e83c",
    "type": "Elimination"
  },
  "9ecf2fceff64f614fbfa4da0": {
    "QuestName": "[[Rag]] Headless Scav: Headshot 10 Scav(s) at Interchange",
    "_id": "9ecf2fceff64f614fbfa4da0",
    "acceptPlayerMessage": "9ecf2fceff64f614fbfa4da0 acceptPlayerMessage",
    "canShowNotificationsInGame": true,
    "changeQuestMessageText": "9ecf2fceff64f614fbfa4da0 changeQuestMessageText",
    "completePlayerMessage": "9ecf2fceff64f614fbfa4da0 completePlayerMessage",
    "conditions": {
      "AvailableForFinish": [
        {
          "conditionType": "CounterCreator",
          "counter": {
            "conditions": [
              {
                "bodyPart": [
                  "Head"
                ],
                "compareMethod": ">=",
                "conditionType": "Kills",
                "id": "bdbb6a19eaea27a6cfccfe8e",
                "target": "Savage",
                "value": "1"
              },
              {
                "conditionType": "Location",
                "id": "81bbfce840680076fc2fcbdc",
                "target": [
                  "Interchange"
                ]
              }
            ],
            "id": "e6fbb20fcebb4ddd6aabf62e"
          },
          "doNotResetIfCounterCompleted": false,
          "dynamicLocale": false,
          "globalQuestCounterId": "",
          "id": "60b3bfc6db9e4fd07052a2be",
          "index": 0,
          "oneSessionOnly": false,
          "parentId": "",
          "type": "Elimination",
          "value": "10",
          "visibilityConditions": []
        }
      ],
      "AvailableForStart": [
        {
          "conditionType": "Quest",
          "dynamicLocale": false,
          "globalQuestCounterId": "",
          "id": "d7820690c17f28ff7d16b531",
          "index": 6,
          "parentId": "",
          "status": [
            4
          ],
          "target": "195742c1063cef1be954e5b3"
        },
        {
          "conditionType": "Quest",
          "dynamicLocale": false,
          "globalQuestCounterId": "",
          "id": "fbbdbaa8d0f9456a6c36d31b",
          "index": 7,
          "parentId": "",
          "status": [
            4
          ],
          "target": "fdaecbacdd85ac308eae8beb"
        },
        {
          "conditionType": "Quest",
          "dynamicLocale": false,
          "globalQuestCounterId": "",
          "id": "ee11ed958a33f3cdc39fba52",
          "index": 8,
          "parentId": "",
          "status": [
            4
          ],
          "target": "f627c73f277deed25c885633"
        },
        {
          "conditionType": "Quest",
          "dynamicLocale": false,
          "globalQuestCounterId": "",
          "id": "73458addf8c5bc0602b9b438",
          "index": 9,
          "parentId": "",
          "status": [
            4
          ],
          "target": "a19af8cc1affd5aad3acd443"
        },
        {
          "conditionType": "Quest",
          "dynamicLocale": false,
          "globalQuestCounterId": "",
          "id": "12aa2bc8ad3bbad70d01cbf2",
          "index": 10,
          "parentId": "",
          "status": [
            4
          ],
          "target": "f2a9a62a4f38f4e149eaabe8"
        },
        {
          "conditionType": "Quest",
          "dynamicLocale": false,
          "globalQuestCounterId": "",
          "id": "6be6fb4a2efffcbfc47cb66b",
          "index": 11,
          "parentId": "",
          "status": [
            4
          ],
          "target": "55e4cabbcac115156ecf6e13"
        },
        {
          "conditionType": "Quest",
          "dynamicLocale": false,
          "globalQuestCounterId": "",
          "id": "d7890c9de4c8401b076fa437",
          "index": 12,
          "parentId": "",
          "status": [
            4
          ],
          "target": "dac5cb5ef883ba176bbfa54a"
        },
        {
          "conditionType": "Quest",
          "dynamicLocale": false,
          "globalQuestCounterId": "",
          "id": "107b9e0bd4bd612379a2c8c4",
          "index": 13,
          "parentId": "",
          "status": [
            4
          ],
          "target": "aba2d7d4981caab1a60fbbd3"
        }
      ],
      "Fail": []
    },
    "declinePlayerMessage": "9ecf2fceff64f614fbfa4da0 declinePlayerMessage",
    "description": "9ecf2fceff64f614fbfa4da0 description",
    "failMessageText": "9ecf2fceff64f614fbfa4da0 failMessageText",
    "image": "/files/quest/icon/596b465486f77457ca186188.jpg",
    "instantComplete": false,
    "isKey": false,
    "location": "5714dbc024597771384a510d",
    "name": "9ecf2fceff64f614fbfa4da0 name",
    "note": "9ecf2fceff64f614fbfa4da0 note",
    "restartable": false,
    "rewards": {
      "Fail": [],
      "Started": [],
      "Success": [
        {
          "id": "c0521acf8268c6c009eef2fd",
          "index": 3,
          "type": "Experience",
          "value": "1000"
        },
        {
          "id": "c17ae6099cf884cccdeeefbb",
          "index": 4,
          "items": [
            {
              "_id": "aae69ace89ac5152761cef9f",
              "_tpl": "5449016a4bdc2d6f028b456f",
              "upd": {
                "StackObjectsCount": 15000
              }
            }
          ],
          "target": "aae69ace89ac5152761cef9f",
          "type": "Item",
          "value": "15000"
        }
      ]
    },
    "secretQuest": false,
    "side": "Pmc",
    "startedMessageText": "9ecf2fceff64f614fbfa4da0 startedMessageText",
    "successMessageText": "9ecf2fceff64f614fbfa4da0 successMessageText",
    "traderId": "5ac3b934156ae10c4430e83c",
    "type": "Elimination"
  },
  "4bcecc867af22d41aff77e58": {
    "QuestName": "[[Rag]] Headless Scav: Headshot 20 Scav(s) at Interchange",
    "_id": "4bcecc867af22d41aff77e58",
    "acceptPlayerMessage": "4bcecc867af22d41aff77e58 acceptPlayerMessage",
    "canShowNotificationsInGame": true,
    "changeQuestMessageText": "4bcecc867af22d41aff77e58 changeQuestMessageText",
    "completePlayerMessage": "4bcecc867af22d41aff77e58 completePlayerMessage",
    "conditions": {
      "AvailableForFinish": [
        {
          "conditionType": "CounterCreator",
          "counter": {
            "conditions": [
              {
                "bodyPart": [
                  "Head"
                ],
                "compareMethod": ">=",
                "conditionType": "Kills",
                "id": "ea5ef6ec24cf4dcaef6cd69a",
                "target": "Savage",
                "value": "1"
              },
              {
                "conditionType": "Location",
                "id": "b0cfec25cd55b6776ffbd4a5",
                "target": [
                  "Interchange"
                ]
              }
            ],
            "id": "7176ed9ad5e4ab968dcdae85"
          },
          "doNotResetIfCounterCompleted": false,
          "dynamicLocale": false,
          "globalQuestCounterId": "",
          "id": "ecf9fe988a053517458a2fc4",
          "index": 0,
          "oneSessionOnly": false,
          "parentId": "",
          "type": "Elimination",
          "value": "20",
          "visibilityConditions": []
        }
      ],
      "AvailableForStart": [
        {
          "conditionType": "Quest",
          "dynamicLocale": false,
          "globalQuestCounterId": "",
          "id": "c7ad8cca9403c7cccdd6d192",
          "index": 6,
          "parentId": "",
          "status": [
            4
          ],
          "target": "bbf8ffbb8fe59cb1e0adf8f7"
        },
        {
          "conditionType": "Quest",
          "dynamicLocale": false,
          "globalQuestCounterId": "",
          "id": "6a35beabaafeaa7ffb916a2d",
          "index": 7,
          "parentId": "",
          "status": [
            4
          ],
          "target": "cdf763892fbaec14bddbaaf5"
        },
        {
          "conditionType": "Quest",
          "dynamicLocale": false,
          "globalQuestCounterId": "",
          "id": "ae5a32de7eacbd8c019c0fc9",
          "index": 8,
          "parentId": "",
          "status": [
            4
          ],
          "target": "53cdca190f8aec90feba2a84"
        },
        {
          "conditionType": "Quest",
          "dynamicLocale": false,
          "globalQuestCounterId": "",
          "id": "f0ea5e495edfd6668a4d0976",
          "index": 9,
          "parentId": "",
          "status": [
            4
          ],
          "target": "2eaea947440d2e59bd831b55"
        },
        {
          "conditionType": "Quest",
          "dynamicLocale": false,
          "globalQuestCounterId": "",
          "id": "fc5feca91e34fc2edef3f74d",
          "index": 10,
          "parentId": "",
          "status": [
            4
          ],
          "target": "efe3fd8e06b85b27a91f1fef"
        },
        {
          "conditionType": "Quest",
          "dynamicLocale": false,
          "globalQuestCounterId": "",
          "id": "ecffc1ffd9489c352fc5ee51",
          "index": 11,
          "parentId": "",
          "status": [
            4
          ],
          "target": "5d965ac322e62072bcfb0c07"
        },
        {
          "conditionType": "Quest",
          "dynamicLocale": false,
          "globalQuestCounterId": "",
          "id": "af3eb6bae7d1ad1d3f4aac92",
          "index": 12,
          "parentId": "",
          "status": [
            4
          ],
          "target": "243d6b2eb26ca7a93daaf7c1"
        },
        {
          "conditionType": "Quest",
          "dynamicLocale": false,
          "globalQuestCounterId": "",
          "id": "a9b24a66bf5ff0d2aed1364f",
          "index": 13,
          "parentId": "",
          "status": [
            4
          ],
          "target": "55ecf1badef9ad9ecb8e010a"
        }
      ],
      "Fail": []
    },
    "declinePlayerMessage": "4bcecc867af22d41aff77e58 declinePlayerMessage",
    "description": "4bcecc867af22d41aff77e58 description",
    "failMessageText": "4bcecc867af22d41aff77e58 failMessageText",
    "image": "/files/quest/icon/596b465486f77457ca186188.jpg",
    "instantComplete": false,
    "isKey": false,
    "location": "5714dbc024597771384a510d",
    "name": "4bcecc867af22d41aff77e58 name",
    "note": "4bcecc867af22d41aff77e58 note",
    "restartable": false,
    "rewards": {
      "Fail": [],
      "Started": [],
      "Success": [
        {
          "id": "adcdd25e5a3dd974fba3dbd2",
          "index": 3,
          "type": "Experience",
          "value": "2000"
        },
        {
          "id": "bca0ed3acd14aff12ebb9461",
          "index": 4,
          "items": [
            {
              "_id": "756cfba75aad1aaacacdaf7e",
              "_tpl": "5449016a4bdc2d6f028b456f",
              "upd": {
                "StackObjectsCount": 30000
              }
            }
          ],
          "target": "756cfba75aad1aaacacdaf7e",
          "type": "Item",
          "value": "30000"
        }
      ]
    },
    "secretQuest": false,
    "side": "Pmc",
    "startedMessageText": "4bcecc867af22d41aff77e58 startedMessageText",
    "successMessageText": "4bcecc867af22d41aff77e58 successMessageText",
    "traderId": "5ac3b934156ae10c4430e83c",
    "type": "Elimination"
  },
  "ce8c1ebab1d80ef2266ea4fb": {
    "QuestName": "[[Rag]] Headless Scav: Headshot 35 Scav(s) at Interchange",
    "_id": "ce8c1ebab1d80ef2266ea4fb",
    "acceptPlayerMessage": "ce8c1ebab1d80ef2266ea4fb acceptPlayerMessage",
    "canShowNotificationsInGame": true,
    "changeQuestMessageText": "ce8c1ebab1d80ef2266ea4fb changeQuestMessageText",
    "completePlayerMessage": "ce8c1ebab1d80ef2266ea4fb completePlayerMessage",
    "conditions": {
      "AvailableForFinish": [
        {
          "conditionType": "CounterCreator",
          "counter": {
            "conditions": [
              {
                "bodyPart": [
                  "Head"
                ],
                "compareMethod": ">=",
                "conditionType": "Kills",
                "id": "bc42d4f658a0ca3c0ee80d03",
                "target": "Savage",
                "value": "1"
              },
              {
                "conditionType": "Location",
                "id": "8dac8dd2ae0a04d79fb97267",
                "target": [
                  "Interchange"
                ]
              }
            ],
            "id": "6d455da6ac8f5deda1553de6"
          },
          "doNotResetIfCounterCompleted": false,
          "dynamicLocale": false,
          "globalQuestCounterId": "",
          "id": "c8eabbbaa3de80be0e41f127",
          "index": 0,
          "oneSessionOnly": false,
          "parentId": "",
          "type": "Elimination",
          "value": "35",
          "visibilityConditions": []
        }
      ],
      "AvailableForStart": [
        {
          "conditionType": "Quest",
          "dynamicLocale": false,
          "globalQuestCounterId": "",
          "id": "3cbba9cfec99efe2ca3533cb",
          "index": 6,
          "parentId": "",
          "status": [
            4
          ],
          "target": "aff6a7b31b5d9d806b43efb4"
        },
        {
          "conditionType": "Quest",
          "dynamicLocale": false,
          "globalQuestCounterId": "",
          "id": "09f7eaeda01e38a5b5b32d74",
          "index": 7,
          "parentId": "",
          "status": [
            4
          ],
          "target": "9ecf2fceff64f614fbfa4da0"
        },
        {
          "conditionType": "Quest",
          "dynamicLocale": false,
          "globalQuestCounterId": "",
          "id": "6baecfdcd8695ba3dcc02f2e",
          "index": 8,
          "parentId": "",
          "status": [
            4
          ],
          "target": "df0baf5167eafd2e889601dd"
        },
        {
          "conditionType": "Quest",
          "dynamicLocale": false,
          "globalQuestCounterId": "",
          "id": "76ac050f8cfa9bada76afb6f",
          "index": 9,
          "parentId": "",
          "status": [
            4
          ],
          "target": "4e1c7fea1f0a9c5b0c433fa8"
        },
        {
          "conditionType": "Quest",
          "dynamicLocale": false,
          "globalQuestCounterId": "",
          "id": "2f33acef633344c4736ea90a",
          "index": 10,
          "parentId": "",
          "status": [
            4
          ],
          "target": "f79fda1463f11354adaf6169"
        },
        {
          "conditionType": "Quest",
          "dynamicLocale": false,
          "globalQuestCounterId": "",
          "id": "2082ab4f6a2c892d2affe9ea",
          "index": 11,
          "parentId": "",
          "status": [
            4
          ],
          "target": "aa0ebcf2ae2c0d88ba24fd0a"
        },
        {
          "conditionType": "Quest",
          "dynamicLocale": false,
          "globalQuestCounterId": "",
          "id": "f418852d7d1dd55fb7cc6fe7",
          "index": 12,
          "parentId": "",
          "status": [
            4
          ],
          "target": "b64f16f8d4c0ed1fa993651b"
        },
        {
          "conditionType": "Quest",
          "dynamicLocale": false,
          "globalQuestCounterId": "",
          "id": "5d01d1477cdc569dce78b97f",
          "index": 13,
          "parentId": "",
          "status": [
            4
          ],
          "target": "97635b2dbffbf3d0f36b0908"
        }
      ],
      "Fail": []
    },
    "declinePlayerMessage": "ce8c1ebab1d80ef2266ea4fb declinePlayerMessage",
    "description": "ce8c1ebab1d80ef2266ea4fb description",
    "failMessageText": "ce8c1ebab1d80ef2266ea4fb failMessageText",
    "image": "/files/quest/icon/596b465486f77457ca186188.jpg",
    "instantComplete": false,
    "isKey": false,
    "location": "5714dbc024597771384a510d",
    "name": "ce8c1ebab1d80ef2266ea4fb name",
    "note": "ce8c1ebab1d80ef2266ea4fb note",
    "restartable": false,
    "rewards": {
      "Fail": [],
      "Started": [],
      "Success": [
        {
          "id": "fbfc8bc56c7bcb7ef9a25e52",
          "index": 3,
          "type": "Experience",
          "value": "3500"
        },
        {
          "id": "2aaac31625db5cacac3b2ca6",
          "index": 4,
          "items": [
            {
              "_id": "8d9a91dbdd8bcce41bae2fdf",
              "_tpl": "5449016a4bdc2d6f028b456f",
              "upd": {
                "StackObjectsCount": 52500
              }
            }
          ],
          "target": "8d9a91dbdd8bcce41bae2fdf",
          "type": "Item",
          "value": "52500"
        }
      ]
    },
    "secretQuest": false,
    "side": "Pmc",
    "startedMessageText": "ce8c1ebab1d80ef2266ea4fb startedMessageText",
    "successMessageText": "ce8c1ebab1d80ef2266ea4fb successMessageText",
    "traderId": "5ac3b934156ae10c4430e83c",
    "type": "Elimination"
  },
  "7da44f20dcba4a90f1bccde8": {
    "QuestName": "[[Rag]] Headless Scav: Headshot 50 Scav(s) at Interchange",
    "_id": "7da44f20dcba4a90f1bccde8",
    "acceptPlayerMessage": "7da44f20dcba4a90f1bccde8 acceptPlayerMessage",
    "canShowNotificationsInGame": true,
    "changeQuestMessageText": "7da44f20dcba4a90f1bccde8 changeQuestMessageText",
    "completePlayerMessage": "7da44f20dcba4a90f1bccde8 completePlayerMessage",
    "conditions": {
      "AvailableForFinish": [
        {
          "conditionType": "CounterCreator",
          "counter": {
            "conditions": [
              {
                "bodyPart": [
                  "Head"
                ],
                "compareMethod": ">=",
                "conditionType": "Kills",
                "id": "24cfcbccc84efde86d26f3a0",
                "target": "Savage",
                "value": "1"
              },
              {
                "conditionType": "Location",
                "id": "ccee1b9e0c260b831c6a7ac9",
                "target": [
                  "Interchange"
                ]
              }
            ],
            "id": "544dbb2dd2f8479c6ff31158"
          },
          "doNotResetIfCounterCompleted": false,
          "dynamicLocale": false,
          "globalQuestCounterId": "",
          "id": "8ce17d6ad5cfeebfe6d108c6",
          "index": 0,
          "oneSessionOnly": false,
          "parentId": "",
          "type": "Elimination",
          "value": "50",
          "visibilityConditions": []
        }
      ],
      "AvailableForStart": [
        {
          "conditionType": "Quest",
          "dynamicLocale": false,
          "globalQuestCounterId": "",
          "id": "fabdfdc208fb4dfae15eca5b",
          "index": 6,
          "parentId": "",
          "status": [
            4
          ],
          "target": "85b8efdbab2edfeae7ae33e7"
        },
        {
          "conditionType": "Quest",
          "dynamicLocale": false,
          "globalQuestCounterId": "",
          "id": "622c68a32a12e5111c7ad913",
          "index": 7,
          "parentId": "",
          "status": [
            4
          ],
          "target": "4bcecc867af22d41aff77e58"
        },
        {
          "conditionType": "Quest",
          "dynamicLocale": false,
          "globalQuestCounterId": "",
          "id": "a964955dbd294dfa08e2aa3f",
          "index": 8,
          "parentId": "",
          "status": [
            4
          ],
          "target": "367a0b6ee8bacaf6ee19eaa7"
        },
        {
          "conditionType": "Quest",
          "dynamicLocale": false,
          "globalQuestCounterId": "",
          "id": "1b171011accd8aed661b535d",
          "index": 9,
          "parentId": "",
          "status": [
            4
          ],
          "target": "2aaed8ca99bf331eb2eeb3cf"
        },
        {
          "conditionType": "Quest",
          "dynamicLocale": false,
          "globalQuestCounterId": "",
          "id": "c46f8783f4ffb6eb99c550f2",
          "index": 10,
          "parentId": "",
          "status": [
            4
          ],
          "target": "eb6589e578b27eaae3d2fddc"
        },
        {
          "conditionType": "Quest",
          "dynamicLocale": false,
          "globalQuestCounterId": "",
          "id": "e8c1d63cb84f22005ac2e47e",
          "index": 11,
          "parentId": "",
          "status": [
            4
          ],
          "target": "73aecf8fad7e7221d5b15c7b"
        },
        {
          "conditionType": "Quest",
          "dynamicLocale": false,
          "globalQuestCounterId": "",
          "id": "e592c6fbe70042aa2bc649d6",
          "index": 12,
          "parentId": "",
          "status": [
            4
          ],
          "target": "cfeac3335fdc87b91a8d4d7e"
        },
        {
          "conditionType": "Quest",
          "dynamicLocale": false,
          "globalQuestCounterId": "",
          "id": "4248d9c2b963dcdfbcbeebf4",
          "index": 13,
          "parentId": "",
          "status": [
            4
          ],
          "target": "1e439ae66d9665b441adc9c0"
        }
      ],
      "Fail": []
    },
    "declinePlayerMessage": "7da44f20dcba4a90f1bccde8 declinePlayerMessage",
    "description": "7da44f20dcba4a90f1bccde8 description",
    "failMessageText": "7da44f20dcba4a90f1bccde8 failMessageText",
    "image": "/files/quest/icon/596b465486f77457ca186188.jpg",
    "instantComplete": false,
    "isKey": false,
    "location": "5714dbc024597771384a510d",
    "name": "7da44f20dcba4a90f1bccde8 name",
    "note": "7da44f20dcba4a90f1bccde8 note",
    "restartable": false,
    "rewards": {
      "Fail": [],
      "Started": [],
      "Success": [
        {
          "id": "8ea10e22888f20cbcafcefaf",
          "index": 3,
          "type": "Experience",
          "value": "5000"
        },
        {
          "id": "efa6b8cad20a532dac71a4e9",
          "index": 4,
          "items": [
            {
              "_id": "bd826ad068ac533d2dbcb03b",
              "_tpl": "5449016a4bdc2d6f028b456f",
              "upd": {
                "StackObjectsCount": 75000
              }
            }
          ],
          "target": "bd826ad068ac533d2dbcb03b",
          "type": "Item",
          "value": "75000"
        }
      ]
    },
    "secretQuest": false,
    "side": "Pmc",
    "startedMessageText": "7da44f20dcba4a90f1bccde8 startedMessageText",
    "successMessageText": "7da44f20dcba4a90f1bccde8 successMessageText",
    "traderId": "5ac3b934156ae10c4430e83c",
    "type": "Elimination"
  },
  "1ca4db7e0e08c8fd29d1fa53": {
    "QuestName": "[[Rag]] Headless Scav: Headshot 75 Scav(s) at Interchange",
    "_id": "1ca4db7e0e08c8fd29d1fa53",
    "acceptPlayerMessage": "1ca4db7e0e08c8fd29d1fa53 acceptPlayerMessage",
    "canShowNotificationsInGame": true,
    "changeQuestMessageText": "1ca4db7e0e08c8fd29d1fa53 changeQuestMessageText",
    "completePlayerMessage": "1ca4db7e0e08c8fd29d1fa53 completePlayerMessage",
    "conditions": {
      "AvailableForFinish": [
        {
          "conditionType": "CounterCreator",
          "counter": {
            "conditions": [
              {
                "bodyPart": [
                  "Head"
                ],
                "compareMethod": ">=",
                "conditionType": "Kills",
                "id": "ccdf4e0c1d2ba8aead270b86",
                "target": "Savage",
                "value": "1"
              },
              {
                "conditionType": "Location",
                "id": "abded3f3ce44c7feeee8dd60",
                "target": [
                  "Interchange"
                ]
              }
            ],
            "id": "9ffde968881bfbd4b6c6f30a"
          },
          "doNotResetIfCounterCompleted": false,
          "dynamicLocale": false,
          "globalQuestCounterId": "",
          "id": "59a6d10b6c9ecb5cbffa0ccb",
          "index": 0,
          "oneSessionOnly": false,
          "parentId": "",
          "type": "Elimination",
          "value": "75",
          "visibilityConditions": []
        }
      ],
      "AvailableForStart": [
        {
          "conditionType": "Quest",
          "dynamicLocale": false,
          "globalQuestCounterId": "",
          "id": "aa8ca4dd99c2225fd6ebcad7",
          "index": 6,
          "parentId": "",
          "status": [
            4
          ],
          "target": "20afd37e653bca0e559ba0d6"
        },
        {
          "conditionType": "Quest",
          "dynamicLocale": false,
          "globalQuestCounterId": "",
          "id": "a6f5e5d5d3cc8fbc678babf6",
          "index": 7,
          "parentId": "",
          "status": [
            4
          ],
          "target": "ce8c1ebab1d80ef2266ea4fb"
        },
        {
          "conditionType": "Quest",
          "dynamicLocale": false,
          "globalQuestCounterId": "",
          "id": "2a7b1d51d8512f50f646fffa",
          "index": 8,
          "parentId": "",
          "status": [
            4
          ],
          "target": "a2d31bfdcd573ea0b056825a"
        },
        {
          "conditionType": "Quest",
          "dynamicLocale": false,
          "globalQuestCounterId": "",
          "id": "6b2ab7bafbe7bd4cacc47e9d",
          "index": 9,
          "parentId": "",
          "status": [
            4
          ],
          "target": "89dc7eb672d9cec79adeea7a"
        },
        {
          "conditionType": "Quest",
          "dynamicLocale": false,
          "globalQuestCounterId": "",
          "id": "cca00bda117ba98a4622ff25",
          "index": 10,
          "parentId": "",
          "status": [
            4
          ],
          "target": "e8db78cfffea80cf8273d692"
        },
        {
          "conditionType": "Quest",
          "dynamicLocale": false,
          "globalQuestCounterId": "",
          "id": "aa6addaac0dcb421deefacfc",
          "index": 11,
          "parentId": "",
          "status": [
            4
          ],
          "target": "6a732f8fa4a7abef2fe3e8af"
        },
        {
          "conditionType": "Quest",
          "dynamicLocale": false,
          "globalQuestCounterId": "",
          "id": "2c02456ceeb3617431a96d9b",
          "index": 12,
          "parentId": "",
          "status": [
            4
          ],
          "target": "abcbae83b85cf8d5f54f89ee"
        },
        {
          "conditionType": "Quest",
          "dynamicLocale": false,
          "globalQuestCounterId": "",
          "id": "3f92ccc65cb18f1509f1f385",
          "index": 13,
          "parentId": "",
          "status": [
            4
          ],
          "target": "619616f4b4bdc9d53197853d"
        }
      ],
      "Fail": []
    },
    "declinePlayerMessage": "1ca4db7e0e08c8fd29d1fa53 declinePlayerMessage",
    "description": "1ca4db7e0e08c8fd29d1fa53 description",
    "failMessageText": "1ca4db7e0e08c8fd29d1fa53 failMessageText",
    "image": "/files/quest/icon/596b465486f77457ca186188.jpg",
    "instantComplete": false,
    "isKey": false,
    "location": "5714dbc024597771384a510d",
    "name": "1ca4db7e0e08c8fd29d1fa53 name",
    "note": "1ca4db7e0e08c8fd29d1fa53 note",
    "restartable": false,
    "rewards": {
      "Fail": [],
      "Started": [],
      "Success": [
        {
          "id": "4d7c53e4fdbabd7abfdb85e0",
          "index": 3,
          "type": "Experience",
          "value": "7500"
        },
        {
          "id": "7c0ca6ef0dfa3dacdf1c156c",
          "index": 4,
          "items": [
            {
              "_id": "06fcc9eebc302fa9cded9ad7",
              "_tpl": "5449016a4bdc2d6f028b456f",
              "upd": {
                "StackObjectsCount": 112500
              }
            }
          ],
          "target": "06fcc9eebc302fa9cded9ad7",
          "type": "Item",
          "value": "112500"
        }
      ]
    },
    "secretQuest": false,
    "side": "Pmc",
    "startedMessageText": "1ca4db7e0e08c8fd29d1fa53 startedMessageText",
    "successMessageText": "1ca4db7e0e08c8fd29d1fa53 successMessageText",
    "traderId": "5ac3b934156ae10c4430e83c",
    "type": "Elimination"
  },
  "8d69b0c072efdff9acae8c40": {
    "QuestName": "[[Rag]] Headless Scav: Headshot 100 Scav(s) at Interchange",
    "_id": "8d69b0c072efdff9acae8c40",
    "acceptPlayerMessage": "8d69b0c072efdff9acae8c40 acceptPlayerMessage",
    "canShowNotificationsInGame": true,
    "changeQuestMessageText": "8d69b0c072efdff9acae8c40 changeQuestMessageText",
    "completePlayerMessage": "8d69b0c072efdff9acae8c40 completePlayerMessage",
    "conditions": {
      "AvailableForFinish": [
        {
          "conditionType": "CounterCreator",
          "counter": {
            "conditions": [
              {
                "bodyPart": [
                  "Head"
                ],
                "compareMethod": ">=",
                "conditionType": "Kills",
                "id": "bfeecd5a23b92c4a84e3ab37",
                "target": "Savage",
                "value": "1"
              },
              {
                "conditionType": "Location",
                "id": "bc14e848b52eb6c5b8bea75e",
                "target": [
                  "Interchange"
                ]
              }
            ],
            "id": "e0c9bd08ba7de5df507a1d88"
          },
          "doNotResetIfCounterCompleted": false,
          "dynamicLocale": false,
          "globalQuestCounterId": "",
          "id": "150e2dc611da0e3d20b4efe5",
          "index": 0,
          "oneSessionOnly": false,
          "parentId": "",
          "type": "Elimination",
          "value": "100",
          "visibilityConditions": []
        }
      ],
      "AvailableForStart": [
        {
          "conditionType": "Quest",
          "dynamicLocale": false,
          "globalQuestCounterId": "",
          "id": "4cca55b028ead0ceca8d21fc",
          "index": 6,
          "parentId": "",
          "status": [
            4
          ],
          "target": "f39d0eaaefb6bf8dd566ccb3"
        },
        {
          "conditionType": "Quest",
          "dynamicLocale": false,
          "globalQuestCounterId": "",
          "id": "9dfda8f1a4c9cf7937c428e8",
          "index": 7,
          "parentId": "",
          "status": [
            4
          ],
          "target": "7da44f20dcba4a90f1bccde8"
        },
        {
          "conditionType": "Quest",
          "dynamicLocale": false,
          "globalQuestCounterId": "",
          "id": "b988443ab90649ae0131ffed",
          "index": 8,
          "parentId": "",
          "status": [
            4
          ],
          "target": "ae24ee312b2e2cce43965430"
        },
        {
          "conditionType": "Quest",
          "dynamicLocale": false,
          "globalQuestCounterId": "",
          "id": "4f2c55ae42fd51e29fafccee",
          "index": 9,
          "parentId": "",
          "status": [
            4
          ],
          "target": "8a68dbad75e5981ad9dafbc3"
        },
        {
          "conditionType": "Quest",
          "dynamicLocale": false,
          "globalQuestCounterId": "",
          "id": "d2dacae08e9ea3f5d40c1caa",
          "index": 10,
          "parentId": "",
          "status": [
            4
          ],
          "target": "d8595a41dd0d2bdba06eb78e"
        },
        {
          "conditionType": "Quest",
          "dynamicLocale": false,
          "globalQuestCounterId": "",
          "id": "504edf467bf9b4e69e759bdf",
          "index": 11,
          "parentId": "",
          "status": [
            4
          ],
          "target": "df8b4feb300a9c1806d32f3a"
        },
        {
          "conditionType": "Quest",
          "dynamicLocale": false,
          "globalQuestCounterId": "",
          "id": "4db2baf1fadabac8f985c3df",
          "index": 12,
          "parentId": "",
          "status": [
            4
          ],
          "target": "fccb1aaccee902410c1feabd"
        },
        {
          "conditionType": "Quest",
          "dynamicLocale": false,
          "globalQuestCounterId": "",
          "id": "1eb95a370cda3d0669eff67d",
          "index": 13,
          "parentId": "",
          "status": [
            4
          ],
          "target": "a1eef7ae5dd9fcf5acac922e"
        }
      ],
      "Fail": []
    },
    "declinePlayerMessage": "8d69b0c072efdff9acae8c40 declinePlayerMessage",
    "description": "8d69b0c072efdff9acae8c40 description",
    "failMessageText": "8d69b0c072efdff9acae8c40 failMessageText",
    "image": "/files/quest/icon/596b465486f77457ca186188.jpg",
    "instantComplete": false,
    "isKey": false,
    "location": "5714dbc024597771384a510d",
    "name": "8d69b0c072efdff9acae8c40 name",
    "note": "8d69b0c072efdff9acae8c40 note",
    "restartable": false,
    "rewards": {
      "Fail": [],
      "Started": [],
      "Success": [
        {
          "id": "f155df16b523ea971741a7d8",
          "index": 3,
          "type": "Experience",
          "value": "10000"
        },
        {
          "id": "fd3dca5fe39afbc27cedddfc",
          "index": 4,
          "items": [
            {
              "_id": "b0173eae075beff6faad2af6",
              "_tpl": "5449016a4bdc2d6f028b456f",
              "upd": {
                "StackObjectsCount": 150000
              }
            }
          ],
          "target": "b0173eae075beff6faad2af6",
          "type": "Item",
          "value": "150000"
        }
      ]
    },
    "secretQuest": false,
    "side": "Pmc",
    "startedMessageText": "8d69b0c072efdff9acae8c40 startedMessageText",
    "successMessageText": "8d69b0c072efdff9acae8c40 successMessageText",
    "traderId": "5ac3b934156ae10c4430e83c",
    "type": "Elimination"
  },
  "a52e6ca596daebd7b5fce8c8": {
    "QuestName": "[[Rag]] Headless Scav: Headshot 250 Scav(s) at Interchange",
    "_id": "a52e6ca596daebd7b5fce8c8",
    "acceptPlayerMessage": "a52e6ca596daebd7b5fce8c8 acceptPlayerMessage",
    "canShowNotificationsInGame": true,
    "changeQuestMessageText": "a52e6ca596daebd7b5fce8c8 changeQuestMessageText",
    "completePlayerMessage": "a52e6ca596daebd7b5fce8c8 completePlayerMessage",
    "conditions": {
      "AvailableForFinish": [
        {
          "conditionType": "CounterCreator",
          "counter": {
            "conditions": [
              {
                "bodyPart": [
                  "Head"
                ],
                "compareMethod": ">=",
                "conditionType": "Kills",
                "id": "fe4fbadccb8f3e8ad5dfda80",
                "target": "Savage",
                "value": "1"
              },
              {
                "conditionType": "Location",
                "id": "e3c8cbaa0af2dcf2a2eaad6d",
                "target": [
                  "Interchange"
                ]
              }
            ],
            "id": "ed62b2aefc1448ae262728e0"
          },
          "doNotResetIfCounterCompleted": false,
          "dynamicLocale": false,
          "globalQuestCounterId": "",
          "id": "b3d92d5500a5cc0cf25fd19a",
          "index": 0,
          "oneSessionOnly": false,
          "parentId": "",
          "type": "Elimination",
          "value": "250",
          "visibilityConditions": []
        }
      ],
      "AvailableForStart": [
        {
          "conditionType": "Quest",
          "dynamicLocale": false,
          "globalQuestCounterId": "",
          "id": "8bcbd21f7012e6aaf91fceac",
          "index": 6,
          "parentId": "",
          "status": [
            4
          ],
          "target": "87ba3c78bab65b15aa16aea3"
        },
        {
          "conditionType": "Quest",
          "dynamicLocale": false,
          "globalQuestCounterId": "",
          "id": "6fd47c6ae9db48d87f8cb0cc",
          "index": 7,
          "parentId": "",
          "status": [
            4
          ],
          "target": "1ca4db7e0e08c8fd29d1fa53"
        },
        {
          "conditionType": "Quest",
          "dynamicLocale": false,
          "globalQuestCounterId": "",
          "id": "bafd0f1b86b67ba27f1d02a7",
          "index": 8,
          "parentId": "",
          "status": [
            4
          ],
          "target": "54daa1d4c5d58c7efc07a3ab"
        },
        {
          "conditionType": "Quest",
          "dynamicLocale": false,
          "globalQuestCounterId": "",
          "id": "f861f4fdbfe83d41de03bfdf",
          "index": 9,
          "parentId": "",
          "status": [
            4
          ],
          "target": "1ca4db7e0e08c8fd29d1fa53"
        },
        {
          "conditionType": "Quest",
          "dynamicLocale": false,
          "globalQuestCounterId": "",
          "id": "ed33ef3eff7ef54efbae2aff",
          "index": 10,
          "parentId": "",
          "status": [
            4
          ],
          "target": "fe8caca618ecbb1f654dda11"
        },
        {
          "conditionType": "Quest",
          "dynamicLocale": false,
          "globalQuestCounterId": "",
          "id": "fbeb8f6d8ffcae0744ad9f6f",
          "index": 11,
          "parentId": "",
          "status": [
            4
          ],
          "target": "a359e0f6ffef1819dd80b2ff"
        },
        {
          "conditionType": "Quest",
          "dynamicLocale": false,
          "globalQuestCounterId": "",
          "id": "9efce008b1e6c41fd537baff",
          "index": 12,
          "parentId": "",
          "status": [
            4
          ],
          "target": "ac139aa0aab27f77b6bb2ff1"
        },
        {
          "conditionType": "Quest",
          "dynamicLocale": false,
          "globalQuestCounterId": "",
          "id": "2fe2cf2bb3aa2a2308b07019",
          "index": 13,
          "parentId": "",
          "status": [
            4
          ],
          "target": "c62804cfad609a7d0fe9cceb"
        }
      ],
      "Fail": []
    },
    "declinePlayerMessage": "a52e6ca596daebd7b5fce8c8 declinePlayerMessage",
    "description": "a52e6ca596daebd7b5fce8c8 description",
    "failMessageText": "a52e6ca596daebd7b5fce8c8 failMessageText",
    "image": "/files/quest/icon/596b465486f77457ca186188.jpg",
    "instantComplete": false,
    "isKey": false,
    "location": "5714dbc024597771384a510d",
    "name": "a52e6ca596daebd7b5fce8c8 name",
    "note": "a52e6ca596daebd7b5fce8c8 note",
    "restartable": false,
    "rewards": {
      "Fail": [],
      "Started": [],
      "Success": [
        {
          "id": "19ae4bef1c5a8dd2cd0444ce",
          "index": 3,
          "type": "Experience",
          "value": "25000"
        },
        {
          "id": "4e3ef6536d845faa48efb126",
          "index": 4,
          "items": [
            {
              "_id": "0cd372bb663dcb247abb6a7f",
              "_tpl": "5449016a4bdc2d6f028b456f",
              "upd": {
                "StackObjectsCount": 375000
              }
            }
          ],
          "target": "0cd372bb663dcb247abb6a7f",
          "type": "Item",
          "value": "375000"
        }
      ]
    },
    "secretQuest": false,
    "side": "Pmc",
    "startedMessageText": "a52e6ca596daebd7b5fce8c8 startedMessageText",
    "successMessageText": "a52e6ca596daebd7b5fce8c8 successMessageText",
    "traderId": "5ac3b934156ae10c4430e83c",
    "type": "Elimination"
  },
  "f943dde6bc070167e002bc5a": {
    "QuestName": "[[Rag]] Headless Scav: Headshot 500 Scav(s) at Interchange",
    "_id": "f943dde6bc070167e002bc5a",
    "acceptPlayerMessage": "f943dde6bc070167e002bc5a acceptPlayerMessage",
    "canShowNotificationsInGame": true,
    "changeQuestMessageText": "f943dde6bc070167e002bc5a changeQuestMessageText",
    "completePlayerMessage": "f943dde6bc070167e002bc5a completePlayerMessage",
    "conditions": {
      "AvailableForFinish": [
        {
          "conditionType": "CounterCreator",
          "counter": {
            "conditions": [
              {
                "bodyPart": [
                  "Head"
                ],
                "compareMethod": ">=",
                "conditionType": "Kills",
                "id": "f7f7e41e3c986e1dd12edb2e",
                "target": "Savage",
                "value": "1"
              },
              {
                "conditionType": "Location",
                "id": "dd0abd04de4679ae859a5c2e",
                "target": [
                  "Interchange"
                ]
              }
            ],
            "id": "c0a95fada95bb0fa5bafd4ab"
          },
          "doNotResetIfCounterCompleted": false,
          "dynamicLocale": false,
          "globalQuestCounterId": "",
          "id": "b8e0c0618fdb5cc442cf85fa",
          "index": 0,
          "oneSessionOnly": false,
          "parentId": "",
          "type": "Elimination",
          "value": "500",
          "visibilityConditions": []
        }
      ],
      "AvailableForStart": [
        {
          "conditionType": "Quest",
          "dynamicLocale": false,
          "globalQuestCounterId": "",
          "id": "c1a97eaa4efc0eca4a1faab6",
          "index": 6,
          "parentId": "",
          "status": [
            4
          ],
          "target": "f5afaddb58fb7691315eda12"
        },
        {
          "conditionType": "Quest",
          "dynamicLocale": false,
          "globalQuestCounterId": "",
          "id": "d818a9e2b3ecf8ccfbb34dfb",
          "index": 7,
          "parentId": "",
          "status": [
            4
          ],
          "target": "8d69b0c072efdff9acae8c40"
        },
        {
          "conditionType": "Quest",
          "dynamicLocale": false,
          "globalQuestCounterId": "",
          "id": "ac7bcabc78f81c48ba87db21",
          "index": 8,
          "parentId": "",
          "status": [
            4
          ],
          "target": "5be54ba2c1dbcbcbaef9e3f2"
        },
        {
          "conditionType": "Quest",
          "dynamicLocale": false,
          "globalQuestCounterId": "",
          "id": "dfe9bfe3f46fadee48e4b691",
          "index": 9,
          "parentId": "",
          "status": [
            4
          ],
          "target": "2cbddec8ba5c0c159098e2f2"
        },
        {
          "conditionType": "Quest",
          "dynamicLocale": false,
          "globalQuestCounterId": "",
          "id": "2fd1cbfef0b9b415fafdb011",
          "index": 10,
          "parentId": "",
          "status": [
            4
          ],
          "target": "ab7fc0f7aa2e7b287adffb82"
        },
        {
          "conditionType": "Quest",
          "dynamicLocale": false,
          "globalQuestCounterId": "",
          "id": "625cada8ab1b2fa33f4b7de1",
          "index": 11,
          "parentId": "",
          "status": [
            4
          ],
          "target": "e5ff4e481c1b64c71c11b05a"
        },
        {
          "conditionType": "Quest",
          "dynamicLocale": false,
          "globalQuestCounterId": "",
          "id": "cdd657a3306bbdd2fababaca",
          "index": 12,
          "parentId": "",
          "status": [
            4
          ],
          "target": "8e4f1f4eb5e58fe22ea2aae2"
        },
        {
          "conditionType": "Quest",
          "dynamicLocale": false,
          "globalQuestCounterId": "",
          "id": "e72d5b3aa0bc9030826bfdfe",
          "index": 13,
          "parentId": "",
          "status": [
            4
          ],
          "target": "97baef46efd003b50e1cdadd"
        }
      ],
      "Fail": []
    },
    "declinePlayerMessage": "f943dde6bc070167e002bc5a declinePlayerMessage",
    "description": "f943dde6bc070167e002bc5a description",
    "failMessageText": "f943dde6bc070167e002bc5a failMessageText",
    "image": "/files/quest/icon/596b465486f77457ca186188.jpg",
    "instantComplete": false,
    "isKey": false,
    "location": "5714dbc024597771384a510d",
    "name": "f943dde6bc070167e002bc5a name",
    "note": "f943dde6bc070167e002bc5a note",
    "restartable": false,
    "rewards": {
      "Fail": [],
      "Started": [],
      "Success": [
        {
          "id": "ecce8f6fdee47ccafd1792e5",
          "index": 3,
          "type": "Experience",
          "value": "50000"
        },
        {
          "id": "781ed351dca6d3f0b0ed2ec3",
          "index": 4,
          "items": [
            {
              "_id": "2d0edf7f89a3fbbbe9f5478f",
              "_tpl": "5449016a4bdc2d6f028b456f",
              "upd": {
                "StackObjectsCount": 750000
              }
            }
          ],
          "target": "2d0edf7f89a3fbbbe9f5478f",
          "type": "Item",
          "value": "750000"
        }
      ]
    },
    "secretQuest": false,
    "side": "Pmc",
    "startedMessageText": "f943dde6bc070167e002bc5a startedMessageText",
    "successMessageText": "f943dde6bc070167e002bc5a successMessageText",
    "traderId": "5ac3b934156ae10c4430e83c",
    "type": "Elimination"
  }
}